/*--------------------------------*- C++ -*----------------------------------*\
| =========                 |                                                 |
| \\      /  F ield         | OpenFOAM: The Open Source CFD Toolbox           |
|  \\    /   O peration     | Version:  2312                                  |
|   \\  /    A nd           | Website:  www.openfoam.com                      |
|    \\/     M anipulation  |                                                 |
\*---------------------------------------------------------------------------*/
FoamFile
{
    version     2.0;
    format      ascii;
    arch        "LSB;label=32;scalar=64";
    note        "nPoints:36828  nCells:18055  nFaces:72578  nInternalFaces:35752";
    class       labelList;
    location    "constant/polyMesh";
    object      owner;
}
// * * * * * * * * * * * * * * * * * * * * * * * * * * * * * * * * * * * * * //


72578
(
0
0
0
1
1
2
2
3
3
4
4
5
5
6
6
7
7
8
8
9
9
10
10
11
11
12
12
13
13
14
14
15
15
16
16
17
17
18
18
19
19
20
20
21
21
22
22
23
23
24
24
25
25
26
26
27
27
28
28
29
29
30
30
31
31
32
32
33
33
34
34
35
35
36
36
37
37
38
38
39
39
40
40
41
41
42
42
43
43
44
44
45
45
46
46
47
47
48
48
49
49
50
50
51
51
52
52
53
53
54
54
55
55
56
56
57
57
58
58
59
59
60
60
61
61
62
62
63
63
64
64
65
65
66
66
67
67
68
68
69
69
70
70
71
71
72
72
73
73
74
74
75
75
76
76
77
77
78
78
79
79
80
80
81
81
82
82
83
83
84
84
85
85
86
86
87
87
88
88
89
89
90
90
91
91
92
92
93
93
94
94
95
95
96
96
97
97
98
98
99
99
100
100
101
101
102
102
103
103
104
104
105
105
106
106
107
107
108
108
109
109
110
110
111
111
112
112
113
113
114
114
115
115
116
116
117
117
118
118
119
119
120
120
121
121
122
122
123
123
124
124
125
125
126
126
127
127
128
128
129
129
130
130
131
131
132
132
133
133
134
134
135
135
136
136
137
137
138
138
139
139
140
140
141
141
142
142
143
143
144
144
145
145
146
146
147
147
148
148
149
149
150
150
151
151
152
152
153
153
154
154
155
155
156
156
157
157
158
158
159
159
160
160
161
161
162
162
163
163
164
164
165
165
166
166
167
167
168
168
169
169
170
170
171
171
172
172
173
173
174
174
175
175
176
176
177
177
178
178
179
179
180
180
181
181
182
182
183
183
184
184
185
185
186
186
187
187
188
188
189
189
190
190
191
191
192
192
193
193
194
194
195
195
196
196
197
197
198
198
199
199
200
200
201
201
202
202
203
203
204
204
205
205
206
206
207
207
208
208
209
209
210
210
211
211
212
212
213
213
214
214
215
215
216
216
217
217
218
218
219
220
220
220
221
221
222
222
223
223
224
224
225
225
226
226
227
227
228
228
229
229
230
230
231
231
232
232
233
233
234
234
235
235
236
236
237
237
238
238
239
239
240
240
241
241
242
242
243
243
244
244
245
245
246
246
247
247
248
248
249
249
250
250
251
251
252
252
253
253
254
254
255
255
256
256
257
257
258
258
259
259
260
260
261
261
262
262
263
263
264
264
265
265
266
266
267
267
268
268
269
269
270
270
271
271
272
272
273
273
274
274
275
275
276
276
277
277
278
278
279
279
280
280
281
281
282
282
283
283
284
284
285
285
286
286
287
287
288
288
289
289
290
290
291
291
292
292
293
293
294
294
295
295
296
296
297
297
298
298
299
299
300
300
301
301
302
302
303
303
304
304
305
305
306
306
307
307
308
308
309
309
310
310
311
311
312
312
313
313
314
314
315
315
316
316
317
317
318
318
319
319
320
320
321
321
322
322
323
323
324
324
325
325
326
326
327
327
328
328
329
329
330
330
331
331
332
332
333
333
334
334
335
335
336
336
337
337
338
338
339
339
340
340
341
341
342
342
343
343
344
344
345
345
346
346
347
347
348
348
349
349
350
350
351
351
352
352
353
353
354
354
355
355
356
356
357
357
358
358
359
359
360
360
361
361
362
362
363
363
364
364
365
365
366
366
367
367
368
368
369
369
370
370
371
371
372
372
373
373
374
374
375
375
376
376
377
377
378
378
379
379
380
380
381
381
382
382
383
383
384
384
385
385
386
386
387
387
388
388
389
389
390
390
391
391
392
392
393
393
394
394
395
395
396
396
397
397
398
398
399
399
400
400
401
401
402
402
403
403
404
404
405
405
406
406
407
407
408
408
409
409
410
410
411
411
412
412
413
413
414
414
415
415
416
416
417
417
418
418
419
419
420
420
421
421
422
422
423
423
424
424
425
425
426
426
427
427
428
428
429
429
430
430
431
431
432
432
433
433
434
434
435
435
436
436
437
437
438
438
439
440
440
440
441
441
442
442
443
443
444
444
445
445
446
446
447
447
448
448
449
449
450
450
451
451
452
452
453
453
454
454
455
455
456
456
457
457
458
458
459
459
460
460
461
461
462
462
463
463
464
464
465
465
466
466
467
467
468
468
469
469
470
470
471
471
472
472
473
473
474
474
475
475
476
476
477
477
478
478
479
479
480
480
481
481
482
482
483
483
484
484
485
485
486
486
487
487
488
488
489
489
490
490
491
491
492
492
493
493
494
494
495
495
496
496
497
497
498
498
499
499
500
500
501
501
502
502
503
503
504
504
505
505
506
506
507
507
508
508
509
509
510
510
511
511
512
512
513
513
514
514
515
515
516
516
517
517
518
518
519
519
520
520
521
521
522
522
523
523
524
524
525
525
526
526
527
527
528
528
529
529
530
530
531
531
532
532
533
533
534
534
535
535
536
536
537
537
538
538
539
539
540
540
541
541
542
542
543
543
544
544
545
545
546
546
547
547
548
548
549
549
550
550
551
551
552
552
553
553
554
554
555
555
556
556
557
557
558
558
559
559
560
560
561
561
562
562
563
563
564
564
565
565
566
566
567
567
568
568
569
569
570
570
571
571
572
572
573
573
574
574
575
575
576
576
577
577
578
578
579
579
580
580
581
581
582
582
583
583
584
584
585
585
586
586
587
587
588
588
589
589
590
590
591
591
592
592
593
593
594
594
595
595
596
596
597
597
598
598
599
599
600
600
601
601
602
602
603
603
604
604
605
605
606
606
607
607
608
608
609
609
610
610
611
611
612
612
613
613
614
614
615
615
616
616
617
617
618
618
619
619
620
620
621
621
622
622
623
623
624
624
625
625
626
626
627
627
628
628
629
629
630
630
631
631
632
632
633
633
634
634
635
635
636
636
637
637
638
638
639
639
640
640
641
641
642
642
643
643
644
644
645
645
646
646
647
647
648
648
649
649
650
650
651
651
652
652
653
653
654
654
655
655
656
656
657
657
658
658
659
660
660
660
661
661
662
662
663
663
664
664
665
665
666
666
667
667
668
668
669
669
670
670
671
671
672
672
673
673
674
674
675
675
676
676
677
677
678
678
679
679
680
680
681
681
682
682
683
683
684
684
685
685
686
686
687
687
688
688
689
689
690
690
691
691
692
692
693
693
694
694
695
695
696
696
697
697
698
698
699
699
700
700
701
701
702
702
703
703
704
704
705
705
706
706
707
707
708
708
709
709
710
710
711
711
712
712
713
713
714
714
715
715
716
716
717
717
718
718
719
719
720
720
721
721
722
722
723
723
724
724
725
725
726
726
727
727
728
728
729
729
730
730
731
731
732
732
733
733
734
734
735
735
736
736
737
737
738
738
739
739
740
740
741
741
742
742
743
743
744
744
745
745
746
746
747
747
748
748
749
749
750
750
751
751
752
752
753
753
754
754
755
755
756
756
757
757
758
758
759
759
760
760
761
761
762
762
763
763
764
764
765
765
766
766
767
767
768
768
769
769
770
770
771
771
772
772
773
773
774
774
775
775
776
776
777
777
778
778
779
779
780
780
781
781
782
782
783
783
784
784
785
785
786
786
787
787
788
788
789
789
790
790
791
791
792
792
793
793
794
794
795
795
796
796
797
797
798
798
799
799
800
800
801
801
802
802
803
803
804
804
805
805
806
806
807
807
808
808
809
809
810
810
811
811
812
812
813
813
814
814
815
815
816
816
817
817
818
818
819
819
820
820
821
821
822
822
823
823
824
824
825
825
826
826
827
827
828
828
829
829
830
830
831
831
832
832
833
833
834
834
835
835
836
836
837
837
838
838
839
839
840
840
841
841
842
842
843
843
844
844
845
845
846
846
847
847
848
848
849
849
850
850
851
851
852
852
853
853
854
854
855
855
856
856
857
857
858
858
859
859
860
860
861
861
862
862
863
863
864
864
865
865
866
866
867
867
868
868
869
869
870
870
871
871
872
872
873
873
874
874
875
875
876
876
877
877
878
878
879
880
880
880
881
881
882
882
883
883
884
884
885
885
886
886
887
887
888
888
889
889
890
890
891
891
892
892
893
893
894
894
895
895
896
896
897
897
898
898
899
899
900
900
901
901
902
902
903
903
904
904
905
905
906
906
907
907
908
908
909
909
910
910
911
911
912
912
913
913
914
914
915
915
916
916
917
917
918
918
919
919
920
920
921
921
922
922
923
923
924
924
925
925
926
926
927
927
928
928
929
929
930
930
931
931
932
932
933
933
934
934
935
935
936
936
937
937
938
938
939
939
940
940
941
941
942
942
943
943
944
944
945
945
946
946
947
947
948
948
949
949
950
950
951
951
952
952
953
953
954
954
955
955
956
956
957
957
958
958
959
959
960
960
961
961
962
962
963
963
964
964
965
965
966
966
967
967
968
968
969
969
970
970
971
971
972
972
973
973
974
974
975
975
976
976
977
977
978
978
979
979
980
980
981
981
982
982
983
983
984
984
985
985
986
986
987
987
988
988
989
989
990
990
991
991
992
992
993
993
994
994
995
995
996
996
997
997
998
998
999
999
1000
1000
1001
1001
1002
1002
1003
1003
1004
1004
1005
1005
1006
1006
1007
1007
1008
1008
1009
1009
1010
1010
1011
1011
1012
1012
1013
1013
1014
1014
1015
1015
1016
1016
1017
1017
1018
1018
1019
1019
1020
1020
1021
1021
1022
1022
1023
1023
1024
1024
1025
1025
1026
1026
1027
1027
1028
1028
1029
1029
1030
1030
1031
1031
1032
1032
1033
1033
1034
1034
1035
1035
1036
1036
1037
1037
1038
1038
1039
1039
1040
1040
1041
1041
1042
1042
1043
1043
1044
1044
1045
1045
1046
1046
1047
1047
1048
1048
1049
1049
1050
1050
1051
1051
1052
1052
1053
1053
1054
1054
1055
1055
1056
1056
1057
1057
1058
1058
1059
1059
1060
1060
1061
1061
1062
1062
1063
1063
1064
1064
1065
1065
1066
1066
1067
1067
1068
1068
1069
1069
1070
1070
1071
1071
1072
1072
1073
1073
1074
1074
1075
1075
1076
1076
1077
1077
1078
1078
1079
1079
1080
1080
1081
1081
1082
1082
1083
1083
1084
1084
1085
1085
1086
1086
1087
1087
1088
1088
1089
1089
1090
1090
1091
1091
1092
1092
1093
1093
1094
1094
1095
1095
1096
1096
1097
1097
1098
1098
1099
1100
1100
1100
1101
1101
1102
1102
1103
1103
1104
1104
1105
1105
1106
1106
1107
1107
1108
1108
1109
1109
1110
1110
1111
1111
1112
1112
1113
1113
1114
1114
1115
1115
1116
1116
1117
1117
1118
1118
1119
1119
1120
1120
1121
1121
1122
1122
1123
1123
1124
1124
1125
1125
1126
1126
1127
1127
1128
1128
1129
1129
1130
1130
1131
1131
1132
1132
1133
1133
1134
1134
1135
1135
1136
1136
1137
1137
1138
1138
1139
1139
1140
1140
1141
1141
1142
1142
1143
1143
1144
1144
1145
1145
1146
1146
1147
1147
1148
1148
1149
1149
1150
1150
1151
1151
1152
1152
1153
1153
1154
1154
1155
1155
1156
1156
1157
1157
1158
1158
1159
1159
1160
1160
1161
1161
1162
1162
1163
1163
1164
1164
1165
1165
1166
1166
1167
1167
1168
1168
1169
1169
1170
1170
1171
1171
1172
1172
1173
1173
1174
1174
1175
1175
1176
1176
1177
1177
1178
1178
1179
1179
1180
1180
1181
1181
1182
1182
1183
1183
1184
1184
1185
1185
1186
1186
1187
1187
1188
1188
1189
1189
1190
1190
1191
1191
1192
1192
1193
1193
1194
1194
1195
1195
1196
1196
1197
1197
1198
1198
1199
1199
1200
1200
1201
1201
1202
1202
1203
1203
1204
1204
1205
1205
1206
1206
1207
1207
1208
1208
1209
1209
1210
1210
1211
1211
1212
1212
1213
1213
1214
1214
1215
1215
1216
1216
1217
1217
1218
1218
1219
1219
1220
1220
1221
1221
1222
1222
1223
1223
1224
1224
1225
1225
1226
1226
1227
1227
1228
1228
1229
1229
1230
1230
1231
1231
1232
1232
1233
1233
1234
1234
1235
1235
1236
1236
1237
1237
1238
1238
1239
1239
1240
1240
1241
1241
1242
1242
1243
1243
1244
1244
1245
1245
1246
1246
1247
1247
1248
1248
1249
1249
1250
1250
1251
1251
1252
1252
1253
1253
1254
1254
1255
1255
1256
1256
1257
1257
1258
1258
1259
1259
1260
1260
1261
1261
1262
1262
1263
1263
1264
1264
1265
1265
1266
1266
1267
1267
1268
1268
1269
1269
1270
1270
1271
1271
1272
1272
1273
1273
1274
1274
1275
1275
1276
1276
1277
1277
1278
1278
1279
1279
1280
1280
1281
1281
1282
1282
1283
1283
1284
1284
1285
1285
1286
1286
1287
1287
1288
1288
1289
1289
1290
1290
1291
1291
1292
1292
1293
1293
1294
1294
1295
1295
1296
1296
1297
1297
1298
1298
1299
1299
1300
1300
1301
1301
1302
1302
1303
1303
1304
1304
1305
1305
1306
1306
1307
1307
1308
1308
1309
1309
1310
1310
1311
1311
1312
1312
1313
1313
1314
1314
1315
1315
1316
1316
1317
1317
1318
1318
1319
1320
1320
1320
1321
1321
1322
1322
1323
1323
1324
1324
1325
1325
1326
1326
1327
1327
1328
1328
1329
1329
1330
1330
1331
1331
1332
1332
1333
1333
1334
1334
1335
1335
1336
1336
1337
1337
1338
1338
1339
1339
1340
1340
1341
1341
1342
1342
1343
1343
1344
1344
1345
1345
1346
1346
1347
1347
1348
1348
1349
1349
1350
1350
1351
1351
1352
1352
1353
1353
1354
1354
1355
1355
1356
1356
1357
1357
1358
1358
1359
1359
1360
1360
1361
1361
1362
1362
1363
1363
1364
1364
1365
1365
1366
1366
1367
1367
1368
1368
1369
1369
1370
1370
1371
1371
1372
1372
1373
1373
1374
1374
1375
1375
1376
1376
1377
1377
1378
1378
1379
1379
1380
1380
1381
1381
1382
1382
1383
1383
1384
1384
1385
1385
1386
1386
1387
1387
1388
1388
1389
1389
1390
1390
1391
1391
1392
1392
1393
1393
1394
1394
1395
1395
1396
1396
1397
1397
1398
1398
1399
1399
1400
1400
1401
1401
1402
1402
1403
1403
1404
1404
1405
1405
1406
1406
1407
1407
1408
1408
1409
1409
1410
1410
1411
1411
1412
1412
1413
1413
1414
1414
1415
1415
1416
1416
1417
1417
1418
1418
1419
1419
1420
1420
1421
1421
1422
1422
1423
1423
1424
1424
1425
1425
1426
1426
1427
1427
1428
1428
1429
1429
1430
1430
1431
1431
1432
1432
1433
1433
1434
1434
1435
1435
1436
1436
1437
1437
1438
1438
1439
1439
1440
1440
1441
1441
1442
1442
1443
1443
1444
1444
1445
1445
1446
1446
1447
1447
1448
1448
1449
1449
1450
1450
1451
1451
1452
1452
1453
1453
1454
1454
1455
1455
1456
1456
1457
1457
1458
1458
1459
1459
1460
1460
1461
1461
1462
1462
1463
1463
1464
1464
1465
1465
1466
1466
1467
1467
1468
1468
1469
1469
1470
1470
1471
1471
1472
1472
1473
1473
1474
1474
1475
1475
1476
1476
1477
1477
1478
1478
1479
1479
1480
1480
1481
1481
1482
1482
1483
1483
1484
1484
1485
1485
1486
1486
1487
1487
1488
1488
1489
1489
1490
1490
1491
1491
1492
1492
1493
1493
1494
1494
1495
1495
1496
1496
1497
1497
1498
1498
1499
1499
1500
1500
1501
1501
1502
1502
1503
1503
1504
1504
1505
1505
1506
1506
1507
1507
1508
1508
1509
1509
1510
1510
1511
1511
1512
1512
1513
1513
1514
1514
1515
1515
1516
1516
1517
1517
1518
1518
1519
1519
1520
1520
1521
1521
1522
1522
1523
1523
1524
1524
1525
1525
1526
1526
1527
1527
1528
1528
1529
1529
1530
1530
1531
1531
1532
1532
1533
1533
1534
1534
1535
1535
1536
1536
1537
1537
1538
1538
1539
1540
1540
1540
1541
1541
1542
1542
1543
1543
1544
1544
1545
1545
1546
1546
1547
1547
1548
1548
1549
1549
1550
1550
1551
1551
1552
1552
1553
1553
1554
1554
1555
1555
1556
1556
1557
1557
1558
1558
1559
1559
1560
1560
1561
1561
1562
1562
1563
1563
1564
1564
1565
1565
1566
1566
1567
1567
1568
1568
1569
1569
1570
1570
1571
1571
1572
1572
1573
1573
1574
1574
1575
1575
1576
1576
1577
1577
1578
1578
1579
1579
1580
1580
1581
1581
1582
1582
1583
1583
1584
1584
1585
1585
1586
1586
1587
1587
1588
1588
1589
1589
1590
1590
1591
1591
1592
1592
1593
1593
1594
1594
1595
1595
1596
1596
1597
1597
1598
1598
1599
1599
1600
1600
1601
1601
1602
1602
1603
1603
1604
1604
1605
1605
1606
1606
1607
1607
1608
1608
1609
1609
1610
1610
1611
1611
1612
1612
1613
1613
1614
1614
1615
1615
1616
1616
1617
1617
1618
1618
1619
1619
1620
1620
1621
1621
1622
1622
1623
1623
1624
1624
1625
1625
1626
1626
1627
1627
1628
1628
1629
1629
1630
1630
1631
1631
1632
1632
1633
1633
1634
1634
1635
1635
1636
1636
1637
1637
1638
1638
1639
1639
1640
1640
1641
1641
1642
1642
1643
1643
1644
1644
1645
1645
1646
1646
1647
1647
1648
1648
1649
1649
1650
1650
1651
1651
1652
1652
1653
1653
1654
1654
1655
1655
1656
1656
1657
1657
1658
1658
1659
1659
1660
1660
1661
1661
1662
1662
1663
1663
1664
1664
1665
1665
1666
1666
1667
1667
1668
1668
1669
1669
1670
1670
1671
1671
1672
1672
1673
1673
1674
1674
1675
1675
1676
1676
1677
1677
1678
1678
1679
1679
1680
1680
1681
1681
1682
1682
1683
1683
1684
1684
1685
1685
1686
1686
1687
1687
1688
1688
1689
1689
1690
1690
1691
1691
1692
1692
1693
1693
1694
1694
1695
1695
1696
1696
1697
1697
1698
1698
1699
1699
1700
1700
1701
1701
1702
1702
1703
1703
1704
1704
1705
1705
1706
1706
1707
1707
1708
1708
1709
1709
1710
1710
1711
1711
1712
1712
1713
1713
1714
1714
1715
1715
1716
1716
1717
1717
1718
1718
1719
1719
1720
1720
1721
1721
1722
1722
1723
1723
1724
1724
1725
1725
1726
1726
1727
1727
1728
1728
1729
1729
1730
1730
1731
1731
1732
1732
1733
1733
1734
1734
1735
1735
1736
1736
1737
1737
1738
1738
1739
1739
1740
1740
1741
1741
1742
1742
1743
1743
1744
1744
1745
1745
1746
1746
1747
1747
1748
1748
1749
1749
1750
1750
1751
1751
1752
1752
1753
1753
1754
1754
1755
1755
1756
1756
1757
1757
1758
1758
1759
1760
1760
1760
1761
1761
1762
1762
1763
1763
1764
1764
1765
1765
1766
1766
1767
1767
1768
1768
1769
1769
1770
1770
1771
1771
1772
1772
1773
1773
1774
1774
1775
1775
1776
1776
1777
1777
1778
1778
1779
1779
1780
1780
1781
1781
1782
1782
1783
1783
1784
1784
1785
1785
1786
1786
1787
1787
1788
1788
1789
1789
1790
1790
1791
1791
1792
1792
1793
1793
1794
1794
1795
1795
1796
1796
1797
1797
1798
1798
1799
1799
1800
1800
1801
1801
1802
1802
1803
1803
1804
1804
1805
1805
1806
1806
1807
1807
1808
1808
1809
1809
1810
1810
1811
1811
1812
1812
1813
1813
1814
1814
1815
1815
1816
1816
1817
1817
1818
1818
1819
1819
1820
1820
1821
1821
1822
1822
1823
1823
1824
1824
1825
1825
1826
1826
1827
1827
1828
1828
1829
1829
1830
1830
1831
1831
1832
1832
1833
1833
1834
1834
1835
1835
1836
1836
1837
1837
1838
1838
1839
1839
1840
1840
1841
1841
1842
1842
1843
1843
1844
1844
1845
1845
1846
1846
1847
1847
1848
1848
1849
1849
1850
1850
1851
1851
1852
1852
1853
1853
1854
1854
1855
1855
1856
1856
1857
1857
1858
1858
1859
1859
1860
1860
1861
1861
1862
1862
1863
1863
1864
1864
1865
1865
1866
1866
1867
1867
1868
1868
1869
1869
1870
1870
1871
1871
1872
1872
1873
1873
1874
1874
1875
1875
1876
1876
1877
1877
1878
1878
1879
1879
1880
1880
1881
1881
1882
1882
1883
1883
1884
1884
1885
1885
1886
1886
1887
1887
1888
1888
1889
1889
1890
1890
1891
1891
1892
1892
1893
1893
1894
1894
1895
1895
1896
1896
1897
1897
1898
1898
1899
1899
1900
1900
1901
1901
1902
1902
1903
1903
1904
1904
1905
1905
1906
1906
1907
1907
1908
1908
1909
1909
1910
1910
1911
1911
1912
1912
1913
1913
1914
1914
1915
1915
1916
1916
1917
1917
1918
1918
1919
1919
1920
1920
1921
1921
1922
1922
1923
1923
1924
1924
1925
1925
1926
1926
1927
1927
1928
1928
1929
1929
1930
1930
1931
1931
1932
1932
1933
1933
1934
1934
1935
1935
1936
1936
1937
1937
1938
1938
1939
1939
1940
1940
1941
1941
1942
1942
1943
1943
1944
1944
1945
1945
1946
1946
1947
1947
1948
1948
1949
1949
1950
1950
1951
1951
1952
1952
1953
1953
1954
1954
1955
1955
1956
1956
1957
1957
1958
1958
1959
1959
1960
1960
1961
1961
1962
1962
1963
1963
1964
1964
1965
1965
1966
1966
1967
1967
1968
1968
1969
1969
1970
1970
1971
1971
1972
1972
1973
1973
1974
1974
1975
1975
1976
1976
1977
1977
1978
1978
1979
1980
1980
1980
1981
1981
1982
1982
1983
1983
1984
1984
1985
1985
1986
1986
1987
1987
1988
1988
1989
1989
1990
1990
1991
1991
1992
1992
1993
1993
1994
1994
1995
1995
1996
1996
1997
1997
1998
1998
1999
1999
2000
2000
2001
2001
2002
2002
2003
2003
2004
2004
2005
2005
2006
2006
2007
2007
2008
2008
2009
2009
2010
2010
2011
2011
2012
2012
2013
2013
2014
2014
2015
2015
2016
2016
2017
2017
2018
2018
2019
2019
2020
2020
2021
2021
2022
2022
2023
2023
2024
2024
2025
2025
2026
2026
2027
2027
2028
2028
2029
2029
2030
2030
2031
2031
2032
2032
2033
2033
2034
2034
2035
2035
2036
2036
2037
2037
2038
2038
2039
2039
2040
2040
2041
2041
2042
2042
2043
2043
2044
2044
2045
2045
2046
2046
2047
2047
2048
2048
2049
2049
2050
2050
2051
2051
2052
2052
2053
2053
2054
2054
2055
2055
2056
2056
2057
2057
2058
2058
2059
2059
2060
2060
2061
2061
2062
2062
2063
2063
2064
2064
2065
2065
2066
2066
2067
2067
2068
2068
2069
2069
2070
2070
2071
2071
2072
2072
2073
2073
2074
2074
2075
2075
2076
2076
2077
2077
2078
2078
2079
2079
2080
2080
2081
2081
2082
2082
2083
2083
2084
2084
2085
2085
2086
2086
2087
2087
2088
2088
2089
2089
2090
2090
2091
2091
2092
2092
2093
2093
2094
2094
2095
2095
2096
2096
2097
2097
2098
2098
2099
2099
2100
2100
2101
2101
2102
2102
2103
2103
2104
2104
2105
2105
2106
2106
2107
2107
2108
2108
2109
2109
2110
2110
2111
2111
2112
2112
2113
2113
2114
2114
2115
2115
2116
2116
2117
2117
2118
2118
2119
2119
2120
2120
2121
2121
2122
2122
2123
2123
2124
2124
2125
2125
2126
2126
2127
2127
2128
2128
2129
2129
2130
2130
2131
2131
2132
2132
2133
2133
2134
2134
2135
2135
2136
2136
2137
2137
2138
2138
2139
2139
2140
2140
2141
2141
2142
2142
2143
2143
2144
2144
2145
2145
2146
2146
2147
2147
2148
2148
2149
2149
2150
2150
2151
2151
2152
2152
2153
2153
2154
2154
2155
2155
2156
2156
2157
2157
2158
2158
2159
2159
2160
2160
2161
2161
2162
2162
2163
2163
2164
2164
2165
2165
2166
2166
2167
2167
2168
2168
2169
2169
2170
2170
2171
2171
2172
2172
2173
2173
2174
2174
2175
2175
2176
2176
2177
2177
2178
2178
2179
2179
2180
2180
2181
2181
2182
2182
2183
2183
2184
2184
2185
2185
2186
2186
2187
2187
2188
2188
2189
2189
2190
2190
2191
2191
2192
2192
2193
2193
2194
2194
2195
2195
2196
2196
2197
2197
2198
2198
2199
2200
2200
2200
2201
2201
2202
2202
2203
2203
2204
2204
2205
2205
2206
2206
2207
2207
2208
2208
2209
2209
2210
2210
2211
2211
2212
2212
2213
2213
2214
2214
2215
2215
2216
2216
2217
2217
2218
2218
2219
2219
2220
2220
2221
2221
2222
2222
2223
2223
2224
2224
2225
2225
2226
2226
2227
2227
2228
2228
2229
2229
2230
2230
2231
2231
2232
2232
2233
2233
2234
2234
2235
2235
2236
2236
2237
2237
2238
2238
2239
2239
2240
2240
2241
2241
2242
2242
2243
2243
2244
2244
2245
2245
2246
2246
2247
2247
2248
2248
2249
2249
2250
2250
2251
2251
2252
2252
2253
2253
2254
2254
2255
2255
2256
2256
2257
2257
2258
2258
2259
2259
2260
2260
2261
2261
2262
2262
2263
2263
2264
2264
2265
2265
2266
2266
2267
2267
2268
2268
2269
2269
2270
2270
2271
2271
2272
2272
2273
2273
2274
2274
2275
2275
2276
2276
2277
2277
2278
2278
2279
2279
2280
2280
2281
2281
2282
2282
2283
2283
2284
2284
2285
2285
2286
2286
2287
2287
2288
2288
2289
2289
2290
2290
2291
2291
2292
2292
2293
2293
2294
2294
2295
2295
2296
2296
2297
2297
2298
2298
2299
2299
2300
2300
2301
2301
2302
2302
2303
2303
2304
2304
2305
2305
2306
2306
2307
2307
2308
2308
2309
2309
2310
2310
2311
2311
2312
2312
2313
2313
2314
2314
2315
2315
2316
2316
2317
2317
2318
2318
2319
2319
2320
2320
2321
2321
2322
2322
2323
2323
2324
2324
2325
2325
2326
2326
2327
2327
2328
2328
2329
2329
2330
2330
2331
2331
2332
2332
2333
2333
2334
2334
2335
2335
2336
2336
2337
2337
2338
2338
2339
2339
2340
2340
2341
2341
2342
2342
2343
2343
2344
2344
2345
2345
2346
2346
2347
2347
2348
2348
2349
2349
2350
2350
2351
2351
2352
2352
2353
2353
2354
2354
2355
2355
2356
2356
2357
2357
2358
2358
2359
2359
2360
2360
2361
2361
2362
2362
2363
2363
2364
2364
2365
2365
2366
2366
2367
2367
2368
2368
2369
2369
2370
2370
2371
2371
2372
2372
2373
2373
2374
2374
2375
2375
2376
2376
2377
2377
2378
2378
2379
2379
2380
2380
2381
2381
2382
2382
2383
2383
2384
2384
2385
2385
2386
2386
2387
2387
2388
2388
2389
2389
2390
2390
2391
2391
2392
2392
2393
2393
2394
2394
2395
2395
2396
2396
2397
2397
2398
2398
2399
2399
2400
2400
2401
2401
2402
2402
2403
2403
2404
2404
2405
2405
2406
2406
2407
2407
2408
2408
2409
2409
2410
2410
2411
2411
2412
2412
2413
2413
2414
2414
2415
2415
2416
2416
2417
2417
2418
2418
2419
2420
2420
2420
2421
2421
2422
2422
2423
2423
2424
2424
2425
2425
2426
2426
2427
2427
2428
2428
2429
2429
2430
2430
2431
2431
2432
2432
2433
2433
2434
2434
2435
2435
2436
2436
2437
2437
2438
2438
2439
2439
2440
2440
2441
2441
2442
2442
2443
2443
2444
2444
2445
2445
2446
2446
2447
2447
2448
2448
2449
2449
2450
2450
2451
2451
2452
2452
2453
2453
2454
2454
2455
2455
2456
2456
2457
2457
2458
2458
2459
2459
2460
2460
2461
2461
2462
2462
2463
2463
2464
2464
2465
2465
2466
2466
2467
2467
2468
2468
2469
2469
2470
2470
2471
2471
2472
2472
2473
2473
2474
2474
2475
2475
2476
2476
2477
2477
2478
2478
2479
2479
2480
2480
2481
2481
2482
2482
2483
2483
2484
2484
2485
2485
2486
2486
2487
2487
2488
2488
2489
2489
2490
2490
2491
2491
2492
2492
2493
2493
2494
2494
2495
2495
2496
2496
2497
2497
2498
2498
2499
2499
2500
2500
2501
2501
2502
2502
2503
2503
2504
2504
2505
2505
2506
2506
2507
2507
2508
2508
2509
2509
2510
2510
2511
2511
2512
2512
2513
2513
2514
2514
2515
2515
2516
2516
2517
2517
2518
2518
2519
2519
2520
2520
2521
2521
2522
2522
2523
2523
2524
2524
2525
2525
2526
2526
2527
2527
2528
2528
2529
2529
2530
2530
2531
2531
2532
2532
2533
2533
2534
2534
2535
2535
2536
2536
2537
2537
2538
2538
2539
2539
2540
2540
2541
2541
2542
2542
2543
2543
2544
2544
2545
2545
2546
2546
2547
2547
2548
2548
2549
2549
2550
2550
2551
2551
2552
2552
2553
2553
2554
2554
2555
2555
2556
2556
2557
2557
2558
2558
2559
2559
2560
2560
2561
2561
2562
2562
2563
2563
2564
2564
2565
2565
2566
2566
2567
2567
2568
2568
2569
2569
2570
2570
2571
2571
2572
2572
2573
2573
2574
2574
2575
2575
2576
2576
2577
2577
2578
2578
2579
2579
2580
2580
2581
2581
2582
2582
2583
2583
2584
2584
2585
2585
2586
2586
2587
2587
2588
2588
2589
2589
2590
2590
2591
2591
2592
2592
2593
2593
2594
2594
2595
2595
2596
2596
2597
2597
2598
2598
2599
2599
2600
2600
2601
2601
2602
2602
2603
2603
2604
2604
2605
2605
2606
2606
2607
2607
2608
2608
2609
2609
2610
2610
2611
2611
2612
2612
2613
2613
2614
2614
2615
2615
2616
2616
2617
2617
2618
2618
2619
2619
2620
2620
2621
2621
2622
2622
2623
2623
2624
2624
2625
2625
2626
2626
2627
2627
2628
2628
2629
2629
2630
2630
2631
2631
2632
2632
2633
2633
2634
2634
2635
2635
2636
2636
2637
2637
2638
2638
2639
2640
2640
2640
2641
2641
2642
2642
2643
2643
2644
2644
2645
2645
2646
2646
2647
2647
2648
2648
2649
2649
2650
2650
2651
2651
2652
2652
2653
2653
2654
2654
2655
2655
2656
2656
2657
2657
2658
2658
2659
2659
2660
2660
2661
2661
2662
2662
2663
2663
2664
2664
2665
2665
2666
2666
2667
2667
2668
2668
2669
2669
2670
2670
2671
2671
2672
2672
2673
2673
2674
2674
2675
2675
2676
2676
2677
2677
2678
2678
2679
2679
2680
2680
2681
2681
2682
2682
2683
2683
2684
2684
2685
2685
2686
2686
2687
2687
2688
2688
2689
2689
2690
2690
2691
2691
2692
2692
2693
2693
2694
2694
2695
2695
2696
2696
2697
2697
2698
2698
2699
2699
2700
2700
2701
2701
2702
2702
2703
2703
2704
2704
2705
2705
2706
2706
2707
2707
2708
2708
2709
2709
2710
2710
2711
2711
2712
2712
2713
2713
2714
2714
2715
2715
2716
2716
2717
2717
2718
2718
2719
2719
2720
2720
2721
2721
2722
2722
2723
2723
2724
2724
2725
2725
2726
2726
2727
2727
2728
2728
2729
2729
2730
2730
2731
2731
2732
2732
2733
2733
2734
2734
2735
2735
2736
2736
2737
2737
2738
2738
2739
2739
2740
2740
2741
2741
2742
2742
2743
2743
2744
2744
2745
2745
2746
2746
2747
2747
2748
2748
2749
2749
2750
2750
2751
2751
2752
2752
2753
2753
2754
2754
2755
2755
2756
2756
2757
2757
2758
2758
2759
2759
2760
2760
2761
2761
2762
2762
2763
2763
2764
2764
2765
2765
2766
2766
2767
2767
2768
2768
2769
2769
2770
2770
2771
2771
2772
2772
2773
2773
2774
2774
2775
2775
2776
2776
2777
2777
2778
2778
2779
2779
2780
2780
2781
2781
2782
2782
2783
2783
2784
2784
2785
2785
2786
2786
2787
2787
2788
2788
2789
2789
2790
2790
2791
2791
2792
2792
2793
2793
2794
2794
2795
2795
2796
2796
2797
2797
2798
2798
2799
2799
2800
2800
2801
2801
2802
2802
2803
2803
2804
2804
2805
2805
2806
2806
2807
2807
2808
2808
2809
2809
2810
2810
2811
2811
2812
2812
2813
2813
2814
2814
2815
2815
2816
2816
2817
2817
2818
2818
2819
2819
2820
2820
2821
2821
2822
2822
2823
2823
2824
2824
2825
2825
2826
2826
2827
2827
2828
2828
2829
2829
2830
2830
2831
2831
2832
2832
2833
2833
2834
2834
2835
2835
2836
2836
2837
2837
2838
2838
2839
2839
2840
2840
2841
2841
2842
2842
2843
2843
2844
2844
2845
2845
2846
2846
2847
2847
2848
2848
2849
2849
2850
2850
2851
2851
2852
2852
2853
2853
2854
2854
2855
2855
2856
2856
2857
2857
2858
2858
2859
2860
2860
2860
2861
2861
2862
2862
2863
2863
2864
2864
2865
2865
2866
2866
2867
2867
2868
2868
2869
2869
2870
2870
2871
2871
2872
2872
2873
2873
2874
2874
2875
2875
2876
2876
2877
2877
2878
2878
2879
2879
2880
2880
2881
2881
2882
2882
2883
2883
2884
2884
2885
2885
2886
2886
2887
2887
2888
2888
2889
2889
2890
2890
2891
2891
2892
2892
2893
2893
2894
2894
2895
2895
2896
2896
2897
2897
2898
2898
2899
2899
2900
2900
2901
2901
2902
2902
2903
2903
2904
2904
2905
2905
2906
2906
2907
2907
2908
2908
2909
2909
2910
2910
2911
2911
2912
2912
2913
2913
2914
2914
2915
2915
2916
2916
2917
2917
2918
2918
2919
2919
2920
2920
2921
2921
2922
2922
2923
2923
2924
2924
2925
2925
2926
2926
2927
2927
2928
2928
2929
2929
2930
2930
2931
2931
2932
2932
2933
2933
2934
2934
2935
2935
2936
2936
2937
2937
2938
2938
2939
2939
2940
2940
2941
2941
2942
2942
2943
2943
2944
2944
2945
2945
2946
2946
2947
2947
2948
2948
2949
2949
2950
2950
2951
2951
2952
2952
2953
2953
2954
2954
2955
2955
2956
2956
2957
2957
2958
2958
2959
2959
2960
2960
2961
2961
2962
2962
2963
2963
2964
2964
2965
2965
2966
2966
2967
2967
2968
2968
2969
2969
2970
2970
2971
2971
2972
2972
2973
2973
2974
2974
2975
2975
2976
2976
2977
2977
2978
2978
2979
2979
2980
2980
2981
2981
2982
2982
2983
2983
2984
2984
2985
2985
2986
2986
2987
2987
2988
2988
2989
2989
2990
2990
2991
2991
2992
2992
2993
2993
2994
2994
2995
2995
2996
2996
2997
2997
2998
2998
2999
2999
3000
3000
3001
3001
3002
3002
3003
3003
3004
3004
3005
3005
3006
3006
3007
3007
3008
3008
3009
3009
3010
3010
3011
3011
3012
3012
3013
3013
3014
3014
3015
3015
3016
3016
3017
3017
3018
3018
3019
3019
3020
3020
3021
3021
3022
3022
3023
3023
3024
3024
3025
3025
3026
3026
3027
3027
3028
3028
3029
3029
3030
3030
3031
3031
3032
3032
3033
3033
3034
3034
3035
3035
3036
3036
3037
3037
3038
3038
3039
3039
3040
3040
3041
3041
3042
3042
3043
3043
3044
3044
3045
3045
3046
3046
3047
3047
3048
3048
3049
3049
3050
3050
3051
3051
3052
3052
3053
3053
3054
3054
3055
3055
3056
3056
3057
3057
3058
3058
3059
3059
3060
3060
3061
3061
3062
3062
3063
3063
3064
3064
3065
3065
3066
3066
3067
3067
3068
3068
3069
3069
3070
3070
3071
3071
3072
3072
3073
3073
3074
3074
3075
3075
3076
3076
3077
3077
3078
3078
3079
3080
3080
3080
3081
3081
3082
3082
3083
3083
3084
3084
3085
3085
3086
3086
3087
3087
3088
3088
3089
3089
3090
3090
3091
3091
3092
3092
3093
3093
3094
3094
3095
3095
3096
3096
3097
3097
3098
3098
3099
3099
3100
3100
3101
3101
3102
3102
3103
3103
3104
3104
3105
3105
3106
3106
3107
3107
3108
3108
3109
3109
3110
3110
3111
3111
3112
3112
3113
3113
3114
3114
3115
3115
3116
3116
3117
3117
3118
3118
3119
3119
3120
3120
3121
3121
3122
3122
3123
3123
3124
3124
3125
3125
3126
3126
3127
3127
3128
3128
3129
3129
3130
3130
3131
3131
3132
3132
3133
3133
3134
3134
3135
3135
3136
3136
3137
3137
3138
3138
3139
3139
3140
3140
3141
3141
3142
3142
3143
3143
3144
3144
3145
3145
3146
3146
3147
3147
3148
3148
3149
3149
3150
3150
3151
3151
3152
3152
3153
3153
3154
3154
3155
3155
3156
3156
3157
3157
3158
3158
3159
3159
3160
3160
3161
3161
3162
3162
3163
3163
3164
3164
3165
3165
3166
3166
3167
3167
3168
3168
3169
3169
3170
3170
3171
3171
3172
3172
3173
3173
3174
3174
3175
3175
3176
3176
3177
3177
3178
3178
3179
3179
3180
3180
3181
3181
3182
3182
3183
3183
3184
3184
3185
3185
3186
3186
3187
3187
3188
3188
3189
3189
3190
3190
3191
3191
3192
3192
3193
3193
3194
3194
3195
3195
3196
3196
3197
3197
3198
3198
3199
3199
3200
3200
3201
3201
3202
3202
3203
3203
3204
3204
3205
3205
3206
3206
3207
3207
3208
3208
3209
3209
3210
3210
3211
3211
3212
3212
3213
3213
3214
3214
3215
3215
3216
3216
3217
3217
3218
3218
3219
3219
3220
3220
3221
3221
3222
3222
3223
3223
3224
3224
3225
3225
3226
3226
3227
3227
3228
3228
3229
3229
3230
3230
3231
3231
3232
3232
3233
3233
3234
3234
3235
3235
3236
3236
3237
3237
3238
3238
3239
3239
3240
3240
3241
3241
3242
3242
3243
3243
3244
3244
3245
3245
3246
3246
3247
3247
3248
3248
3249
3249
3250
3250
3251
3251
3252
3252
3253
3253
3254
3254
3255
3255
3256
3256
3257
3257
3258
3258
3259
3259
3260
3260
3261
3261
3262
3262
3263
3263
3264
3264
3265
3265
3266
3266
3267
3267
3268
3268
3269
3269
3270
3270
3271
3271
3272
3272
3273
3273
3274
3274
3275
3275
3276
3276
3277
3277
3278
3278
3279
3279
3280
3280
3281
3281
3282
3282
3283
3283
3284
3284
3285
3285
3286
3286
3287
3287
3288
3288
3289
3289
3290
3290
3291
3291
3292
3292
3293
3293
3294
3294
3295
3295
3296
3296
3297
3297
3298
3298
3299
3300
3300
3300
3301
3301
3302
3302
3303
3303
3304
3304
3305
3305
3306
3306
3307
3307
3308
3308
3309
3309
3310
3310
3311
3311
3312
3312
3313
3313
3314
3314
3315
3315
3316
3316
3317
3317
3318
3318
3319
3319
3320
3320
3321
3321
3322
3322
3323
3323
3324
3324
3325
3325
3326
3326
3327
3327
3328
3328
3329
3329
3330
3330
3331
3331
3332
3332
3333
3333
3334
3334
3335
3335
3336
3336
3337
3337
3338
3338
3339
3339
3340
3340
3341
3341
3342
3342
3343
3343
3344
3344
3345
3345
3346
3346
3347
3347
3348
3348
3349
3349
3350
3350
3351
3351
3352
3352
3353
3353
3354
3354
3355
3355
3356
3356
3357
3357
3358
3358
3359
3359
3360
3360
3361
3361
3362
3362
3363
3363
3364
3364
3365
3365
3366
3366
3367
3367
3368
3368
3369
3369
3370
3370
3371
3371
3372
3372
3373
3373
3374
3374
3375
3375
3376
3376
3377
3377
3378
3378
3379
3379
3380
3380
3381
3381
3382
3382
3383
3383
3384
3384
3385
3385
3386
3386
3387
3387
3388
3388
3389
3389
3390
3390
3391
3391
3392
3392
3393
3393
3394
3394
3395
3395
3396
3396
3397
3397
3398
3398
3399
3399
3400
3400
3401
3401
3402
3402
3403
3403
3404
3404
3405
3405
3406
3406
3407
3407
3408
3408
3409
3409
3410
3410
3411
3411
3412
3412
3413
3413
3414
3414
3415
3415
3416
3416
3417
3417
3418
3418
3419
3419
3420
3420
3421
3421
3422
3422
3423
3423
3424
3424
3425
3425
3426
3426
3427
3427
3428
3428
3429
3429
3430
3430
3431
3431
3432
3432
3433
3433
3434
3434
3435
3435
3436
3436
3437
3437
3438
3438
3439
3439
3440
3440
3441
3441
3442
3442
3443
3443
3444
3444
3445
3445
3446
3446
3447
3447
3448
3448
3449
3449
3450
3450
3451
3451
3452
3452
3453
3453
3454
3454
3455
3455
3456
3456
3457
3457
3458
3458
3459
3459
3460
3460
3461
3461
3462
3462
3463
3463
3464
3464
3465
3465
3466
3466
3467
3467
3468
3468
3469
3469
3470
3470
3471
3471
3472
3472
3473
3473
3474
3474
3475
3475
3476
3476
3477
3477
3478
3478
3479
3479
3480
3480
3481
3481
3482
3482
3483
3483
3484
3484
3485
3485
3486
3486
3487
3487
3488
3488
3489
3489
3490
3490
3491
3491
3492
3492
3493
3493
3494
3494
3495
3495
3496
3496
3497
3497
3498
3498
3499
3499
3500
3500
3501
3501
3502
3502
3503
3503
3504
3504
3505
3505
3506
3506
3507
3507
3508
3508
3509
3509
3510
3510
3511
3511
3512
3512
3513
3513
3514
3514
3515
3515
3516
3516
3517
3517
3518
3518
3519
3520
3520
3520
3521
3521
3522
3522
3523
3523
3524
3524
3525
3525
3526
3526
3527
3527
3528
3528
3529
3529
3530
3530
3531
3531
3532
3532
3533
3533
3534
3534
3535
3535
3536
3536
3537
3537
3538
3538
3539
3539
3540
3540
3541
3541
3542
3542
3543
3543
3544
3544
3545
3545
3546
3546
3547
3547
3548
3548
3549
3549
3550
3550
3551
3551
3552
3552
3553
3553
3554
3554
3555
3555
3556
3556
3557
3557
3558
3558
3559
3559
3560
3560
3561
3561
3562
3562
3563
3563
3564
3564
3565
3565
3566
3566
3567
3567
3568
3568
3569
3569
3570
3570
3571
3571
3572
3572
3573
3573
3574
3574
3575
3575
3576
3576
3577
3577
3578
3578
3579
3579
3580
3580
3581
3581
3582
3582
3583
3583
3584
3584
3585
3585
3586
3586
3587
3587
3588
3588
3589
3589
3590
3590
3591
3591
3592
3592
3593
3593
3594
3594
3595
3595
3596
3596
3597
3597
3598
3598
3599
3599
3600
3600
3601
3601
3602
3602
3603
3603
3604
3604
3605
3605
3606
3606
3607
3607
3608
3608
3609
3609
3610
3610
3611
3611
3612
3612
3613
3613
3614
3614
3615
3615
3616
3616
3617
3617
3618
3618
3619
3619
3620
3620
3621
3621
3622
3622
3623
3623
3624
3624
3625
3625
3626
3626
3627
3627
3628
3628
3629
3629
3630
3630
3631
3631
3632
3632
3633
3633
3634
3634
3635
3635
3636
3636
3637
3637
3638
3638
3639
3639
3640
3640
3641
3641
3642
3642
3643
3643
3644
3644
3645
3645
3646
3646
3647
3647
3648
3648
3649
3649
3650
3650
3651
3651
3652
3652
3653
3653
3654
3654
3655
3655
3656
3656
3657
3657
3658
3658
3659
3659
3660
3660
3661
3661
3662
3662
3663
3663
3664
3664
3665
3665
3666
3666
3667
3667
3668
3668
3669
3669
3670
3670
3671
3671
3672
3672
3673
3673
3674
3674
3675
3675
3676
3676
3677
3677
3678
3678
3679
3679
3680
3680
3681
3681
3682
3682
3683
3683
3684
3684
3685
3685
3686
3686
3687
3687
3688
3688
3689
3689
3690
3690
3691
3691
3692
3692
3693
3693
3694
3694
3695
3695
3696
3696
3697
3697
3698
3698
3699
3699
3700
3700
3701
3701
3702
3702
3703
3703
3704
3704
3705
3705
3706
3706
3707
3707
3708
3708
3709
3709
3710
3710
3711
3711
3712
3712
3713
3713
3714
3714
3715
3715
3716
3716
3717
3717
3718
3718
3719
3719
3720
3720
3721
3721
3722
3722
3723
3723
3724
3724
3725
3725
3726
3726
3727
3727
3728
3728
3729
3729
3730
3730
3731
3731
3732
3732
3733
3733
3734
3734
3735
3735
3736
3736
3737
3737
3738
3738
3739
3740
3740
3740
3741
3741
3742
3742
3743
3743
3744
3744
3745
3745
3746
3746
3747
3747
3748
3748
3749
3749
3750
3750
3751
3751
3752
3752
3753
3753
3754
3754
3755
3755
3756
3756
3757
3757
3758
3758
3759
3759
3760
3760
3761
3761
3762
3762
3763
3763
3764
3764
3765
3765
3766
3766
3767
3767
3768
3768
3769
3769
3770
3770
3771
3771
3772
3772
3773
3773
3774
3774
3775
3775
3776
3776
3777
3777
3778
3778
3779
3779
3780
3780
3781
3781
3782
3782
3783
3783
3784
3784
3785
3785
3786
3786
3787
3787
3788
3788
3789
3789
3790
3790
3791
3791
3792
3792
3793
3793
3794
3794
3795
3795
3796
3796
3797
3797
3798
3798
3799
3799
3800
3800
3801
3801
3802
3802
3803
3803
3804
3804
3805
3805
3806
3806
3807
3807
3808
3808
3809
3809
3810
3810
3811
3811
3812
3812
3813
3813
3814
3814
3815
3815
3816
3816
3817
3817
3818
3818
3819
3819
3820
3820
3821
3821
3822
3822
3823
3823
3824
3824
3825
3825
3826
3826
3827
3827
3828
3828
3829
3829
3830
3830
3831
3831
3832
3832
3833
3833
3834
3834
3835
3835
3836
3836
3837
3837
3838
3838
3839
3839
3840
3840
3841
3841
3842
3842
3843
3843
3844
3844
3845
3845
3846
3846
3847
3847
3848
3848
3849
3849
3850
3850
3851
3851
3852
3852
3853
3853
3854
3854
3855
3855
3856
3856
3857
3857
3858
3858
3859
3859
3860
3860
3861
3861
3862
3862
3863
3863
3864
3864
3865
3865
3866
3866
3867
3867
3868
3868
3869
3869
3870
3870
3871
3871
3872
3872
3873
3873
3874
3874
3875
3875
3876
3876
3877
3877
3878
3878
3879
3879
3880
3880
3881
3881
3882
3882
3883
3883
3884
3884
3885
3885
3886
3886
3887
3887
3888
3888
3889
3889
3890
3890
3891
3891
3892
3892
3893
3893
3894
3894
3895
3895
3896
3896
3897
3897
3898
3898
3899
3899
3900
3900
3901
3901
3902
3902
3903
3903
3904
3904
3905
3905
3906
3906
3907
3907
3908
3908
3909
3909
3910
3910
3911
3911
3912
3912
3913
3913
3914
3914
3915
3915
3916
3916
3917
3917
3918
3918
3919
3919
3920
3920
3921
3921
3922
3922
3923
3923
3924
3924
3925
3925
3926
3926
3927
3927
3928
3928
3929
3929
3930
3930
3931
3931
3932
3932
3933
3933
3934
3934
3935
3935
3936
3936
3937
3937
3938
3938
3939
3939
3940
3940
3941
3941
3942
3942
3943
3943
3944
3944
3945
3945
3946
3946
3947
3947
3948
3948
3949
3949
3950
3950
3951
3951
3952
3952
3953
3953
3954
3954
3955
3955
3956
3956
3957
3957
3958
3958
3959
3960
3960
3960
3961
3961
3962
3962
3963
3963
3964
3964
3965
3965
3966
3966
3967
3967
3968
3968
3969
3969
3970
3970
3971
3971
3972
3972
3973
3973
3974
3974
3975
3975
3976
3976
3977
3977
3978
3978
3979
3979
3980
3980
3981
3981
3982
3982
3983
3983
3984
3984
3985
3985
3986
3986
3987
3987
3988
3988
3989
3989
3990
3990
3991
3991
3992
3992
3993
3993
3994
3994
3995
3995
3996
3996
3997
3997
3998
3998
3999
3999
4000
4000
4001
4001
4002
4002
4003
4003
4004
4004
4005
4005
4006
4006
4007
4007
4008
4008
4009
4009
4010
4010
4011
4011
4012
4012
4013
4013
4014
4014
4015
4015
4016
4016
4017
4017
4018
4018
4019
4019
4020
4020
4021
4021
4022
4022
4023
4023
4024
4024
4025
4025
4026
4026
4027
4027
4028
4028
4029
4029
4030
4030
4031
4031
4032
4032
4033
4033
4034
4034
4035
4035
4036
4036
4037
4037
4038
4038
4039
4039
4040
4040
4041
4041
4042
4042
4043
4043
4044
4044
4045
4045
4046
4046
4047
4047
4048
4048
4049
4049
4050
4050
4051
4051
4052
4052
4053
4053
4054
4054
4055
4055
4056
4056
4057
4057
4058
4058
4059
4059
4060
4060
4061
4061
4062
4062
4063
4063
4064
4064
4065
4065
4066
4066
4067
4067
4068
4068
4069
4069
4070
4070
4071
4071
4072
4072
4073
4073
4074
4074
4075
4075
4076
4076
4077
4077
4078
4078
4079
4079
4080
4080
4081
4081
4082
4082
4083
4083
4084
4084
4085
4085
4086
4086
4087
4087
4088
4088
4089
4089
4090
4090
4091
4091
4092
4092
4093
4093
4094
4094
4095
4095
4096
4096
4097
4097
4098
4098
4099
4099
4100
4100
4101
4101
4102
4102
4103
4103
4104
4104
4105
4105
4106
4106
4107
4107
4108
4108
4109
4109
4110
4110
4111
4111
4112
4112
4113
4113
4114
4114
4115
4115
4116
4116
4117
4117
4118
4118
4119
4119
4120
4120
4121
4121
4122
4122
4123
4123
4124
4124
4125
4125
4126
4126
4127
4127
4128
4128
4129
4129
4130
4130
4131
4131
4132
4132
4133
4133
4134
4134
4135
4135
4136
4136
4137
4137
4138
4138
4139
4139
4140
4140
4141
4141
4142
4142
4143
4143
4144
4144
4145
4145
4146
4146
4147
4147
4148
4148
4149
4149
4150
4150
4151
4151
4152
4152
4153
4153
4154
4154
4155
4155
4156
4156
4157
4157
4158
4158
4159
4159
4160
4160
4161
4161
4162
4162
4163
4163
4164
4164
4165
4165
4166
4166
4167
4167
4168
4168
4169
4169
4170
4170
4171
4171
4172
4172
4173
4173
4174
4174
4175
4175
4176
4176
4177
4177
4178
4178
4179
4180
4180
4180
4181
4181
4182
4182
4183
4183
4184
4184
4185
4185
4186
4186
4187
4187
4188
4188
4189
4189
4190
4190
4191
4191
4192
4192
4193
4193
4194
4194
4195
4195
4196
4196
4197
4197
4198
4198
4199
4199
4200
4200
4201
4201
4202
4202
4203
4203
4204
4204
4205
4205
4206
4206
4207
4207
4208
4208
4209
4209
4210
4210
4211
4211
4212
4212
4213
4213
4214
4214
4215
4215
4216
4216
4217
4217
4218
4218
4219
4219
4220
4220
4221
4221
4222
4222
4223
4223
4224
4224
4225
4225
4226
4226
4227
4227
4228
4228
4229
4229
4230
4230
4231
4231
4232
4232
4233
4233
4234
4234
4235
4235
4236
4236
4237
4237
4238
4238
4239
4239
4240
4240
4241
4241
4242
4242
4243
4243
4244
4244
4245
4245
4246
4246
4247
4247
4248
4248
4249
4249
4250
4250
4251
4251
4252
4252
4253
4253
4254
4254
4255
4255
4256
4256
4257
4257
4258
4258
4259
4259
4260
4260
4261
4261
4262
4262
4263
4263
4264
4264
4265
4265
4266
4266
4267
4267
4268
4268
4269
4269
4270
4270
4271
4271
4272
4272
4273
4273
4274
4274
4275
4275
4276
4276
4277
4277
4278
4278
4279
4279
4280
4280
4281
4281
4282
4282
4283
4283
4284
4284
4285
4285
4286
4286
4287
4287
4288
4288
4289
4289
4290
4290
4291
4291
4292
4292
4293
4293
4294
4294
4295
4295
4296
4296
4297
4297
4298
4298
4299
4299
4300
4300
4301
4301
4302
4302
4303
4303
4304
4304
4305
4305
4306
4306
4307
4307
4308
4308
4309
4309
4310
4310
4311
4311
4312
4312
4313
4313
4314
4314
4315
4315
4316
4316
4317
4317
4318
4318
4319
4319
4320
4320
4321
4321
4322
4322
4323
4323
4324
4324
4325
4325
4326
4326
4327
4327
4328
4328
4329
4329
4330
4330
4331
4331
4332
4332
4333
4333
4334
4334
4335
4335
4336
4336
4337
4337
4338
4338
4339
4339
4340
4340
4341
4341
4342
4342
4343
4343
4344
4344
4345
4345
4346
4346
4347
4347
4348
4348
4349
4349
4350
4350
4351
4351
4352
4352
4353
4353
4354
4354
4355
4355
4356
4356
4357
4357
4358
4358
4359
4359
4360
4360
4361
4361
4362
4362
4363
4363
4364
4364
4365
4365
4366
4366
4367
4367
4368
4368
4369
4369
4370
4370
4371
4371
4372
4372
4373
4373
4374
4374
4375
4375
4376
4376
4377
4377
4378
4378
4379
4379
4380
4380
4381
4381
4382
4382
4383
4383
4384
4384
4385
4385
4386
4386
4387
4387
4388
4388
4389
4389
4390
4390
4391
4391
4392
4392
4393
4393
4394
4394
4395
4395
4396
4396
4397
4397
4398
4398
4399
4400
4400
4400
4401
4401
4402
4402
4403
4403
4404
4404
4405
4405
4406
4406
4407
4407
4408
4408
4409
4409
4410
4410
4411
4411
4412
4412
4413
4413
4414
4414
4415
4415
4416
4416
4417
4417
4418
4418
4419
4419
4420
4420
4421
4421
4422
4422
4423
4423
4424
4424
4425
4425
4426
4426
4427
4427
4428
4428
4429
4429
4430
4430
4431
4431
4432
4432
4433
4433
4434
4434
4435
4435
4436
4436
4437
4437
4438
4438
4439
4439
4440
4440
4441
4441
4442
4442
4443
4443
4444
4444
4445
4445
4446
4446
4447
4447
4448
4448
4449
4449
4450
4450
4451
4451
4452
4452
4453
4453
4454
4454
4455
4455
4456
4456
4457
4457
4458
4458
4459
4459
4460
4460
4461
4461
4462
4462
4463
4463
4464
4464
4465
4465
4466
4466
4467
4467
4468
4468
4469
4469
4470
4470
4471
4471
4472
4472
4473
4473
4474
4474
4475
4475
4476
4476
4477
4477
4478
4478
4479
4479
4480
4480
4481
4481
4482
4482
4483
4483
4484
4484
4485
4485
4486
4486
4487
4487
4488
4488
4489
4489
4490
4490
4491
4491
4492
4492
4493
4493
4494
4494
4495
4495
4496
4496
4497
4497
4498
4498
4499
4499
4500
4500
4501
4501
4502
4502
4503
4503
4504
4504
4505
4505
4506
4506
4507
4507
4508
4508
4509
4509
4510
4510
4511
4511
4512
4512
4513
4513
4514
4514
4515
4515
4516
4516
4517
4517
4518
4518
4519
4519
4520
4520
4521
4521
4522
4522
4523
4523
4524
4524
4525
4525
4526
4526
4527
4527
4528
4528
4529
4529
4530
4530
4531
4531
4532
4532
4533
4533
4534
4534
4535
4535
4536
4536
4537
4537
4538
4538
4539
4539
4540
4540
4541
4541
4542
4542
4543
4543
4544
4544
4545
4545
4546
4546
4547
4547
4548
4548
4549
4549
4550
4550
4551
4551
4552
4552
4553
4553
4554
4554
4555
4555
4556
4556
4557
4557
4558
4558
4559
4559
4560
4560
4561
4561
4562
4562
4563
4563
4564
4564
4565
4565
4566
4566
4567
4567
4568
4568
4569
4569
4570
4570
4571
4571
4572
4572
4573
4573
4574
4574
4575
4575
4576
4576
4577
4577
4578
4578
4579
4579
4580
4580
4581
4581
4582
4582
4583
4583
4584
4584
4585
4585
4586
4586
4587
4587
4588
4588
4589
4589
4590
4590
4591
4591
4592
4592
4593
4593
4594
4594
4595
4595
4596
4596
4597
4597
4598
4598
4599
4599
4600
4600
4601
4601
4602
4602
4603
4603
4604
4604
4605
4605
4606
4606
4607
4607
4608
4608
4609
4609
4610
4610
4611
4611
4612
4612
4613
4613
4614
4614
4615
4615
4616
4616
4617
4617
4618
4618
4619
4620
4620
4620
4621
4621
4622
4622
4623
4623
4624
4624
4625
4625
4626
4626
4627
4627
4628
4628
4629
4629
4630
4630
4631
4631
4632
4632
4633
4633
4634
4634
4635
4635
4636
4636
4637
4637
4638
4638
4639
4639
4640
4640
4641
4641
4642
4642
4643
4643
4644
4644
4645
4645
4646
4646
4647
4647
4648
4648
4649
4649
4650
4650
4651
4651
4652
4652
4653
4653
4654
4654
4655
4655
4656
4656
4657
4657
4658
4658
4659
4659
4660
4660
4661
4661
4662
4662
4663
4663
4664
4664
4665
4665
4666
4666
4667
4667
4668
4668
4669
4669
4670
4670
4671
4671
4672
4672
4673
4673
4674
4674
4675
4675
4676
4676
4677
4677
4678
4678
4679
4679
4680
4680
4681
4681
4682
4682
4683
4683
4684
4684
4685
4685
4686
4686
4687
4687
4688
4688
4689
4689
4690
4690
4691
4691
4692
4692
4693
4693
4694
4694
4695
4695
4696
4696
4697
4697
4698
4698
4699
4699
4700
4700
4701
4701
4702
4702
4703
4703
4704
4704
4705
4705
4706
4706
4707
4707
4708
4708
4709
4709
4710
4710
4711
4711
4712
4712
4713
4713
4714
4714
4715
4715
4716
4716
4717
4717
4718
4718
4719
4719
4720
4720
4721
4721
4722
4722
4723
4723
4724
4724
4725
4725
4726
4726
4727
4727
4728
4728
4729
4729
4730
4730
4731
4731
4732
4732
4733
4733
4734
4734
4735
4735
4736
4736
4737
4737
4738
4738
4739
4739
4740
4740
4741
4741
4742
4742
4743
4743
4744
4744
4745
4745
4746
4746
4747
4747
4748
4748
4749
4749
4750
4750
4751
4751
4752
4752
4753
4753
4754
4754
4755
4755
4756
4756
4757
4757
4758
4758
4759
4759
4760
4760
4761
4761
4762
4762
4763
4763
4764
4764
4765
4765
4766
4766
4767
4767
4768
4768
4769
4769
4770
4770
4771
4771
4772
4772
4773
4773
4774
4774
4775
4775
4776
4776
4777
4777
4778
4778
4779
4779
4780
4780
4781
4781
4782
4782
4783
4783
4784
4784
4785
4785
4786
4786
4787
4787
4788
4788
4789
4789
4790
4790
4791
4791
4792
4792
4793
4793
4794
4794
4795
4795
4796
4796
4797
4797
4798
4798
4799
4799
4800
4800
4801
4801
4802
4802
4803
4803
4804
4804
4805
4805
4806
4806
4807
4807
4808
4808
4809
4809
4810
4810
4811
4811
4812
4812
4813
4813
4814
4814
4815
4815
4816
4816
4817
4817
4818
4818
4819
4819
4820
4820
4821
4821
4822
4822
4823
4823
4824
4824
4825
4825
4826
4826
4827
4827
4828
4828
4829
4829
4830
4830
4831
4831
4832
4832
4833
4833
4834
4834
4835
4835
4836
4836
4837
4837
4838
4838
4839
4840
4840
4840
4841
4841
4842
4842
4843
4843
4844
4844
4845
4845
4846
4846
4847
4847
4848
4848
4849
4849
4850
4850
4851
4851
4852
4852
4853
4853
4854
4854
4855
4855
4856
4856
4857
4857
4858
4858
4859
4859
4860
4860
4861
4861
4862
4862
4863
4863
4864
4864
4865
4865
4866
4866
4867
4867
4868
4868
4869
4869
4870
4870
4871
4871
4872
4872
4873
4873
4874
4874
4875
4875
4876
4876
4877
4877
4878
4878
4879
4879
4880
4880
4881
4881
4882
4882
4883
4883
4884
4884
4885
4885
4886
4886
4887
4887
4888
4888
4889
4889
4890
4890
4891
4891
4892
4892
4893
4893
4894
4894
4895
4895
4896
4896
4897
4897
4898
4898
4899
4899
4900
4900
4901
4901
4902
4902
4903
4903
4904
4904
4905
4905
4906
4906
4907
4907
4908
4908
4909
4909
4910
4910
4911
4911
4912
4912
4913
4913
4914
4914
4915
4915
4916
4916
4917
4917
4918
4918
4919
4919
4920
4920
4921
4921
4922
4922
4923
4923
4924
4924
4925
4925
4926
4926
4927
4927
4928
4928
4929
4929
4930
4930
4931
4931
4932
4932
4933
4933
4934
4934
4935
4935
4936
4936
4937
4937
4938
4938
4939
4939
4940
4940
4941
4941
4942
4942
4943
4943
4944
4944
4945
4945
4946
4946
4947
4947
4948
4948
4949
4949
4950
4950
4951
4951
4952
4952
4953
4953
4954
4954
4955
4955
4956
4956
4957
4957
4958
4958
4959
4959
4960
4960
4961
4961
4962
4962
4963
4963
4964
4964
4965
4965
4966
4966
4967
4967
4968
4968
4969
4969
4970
4970
4971
4971
4972
4972
4973
4973
4974
4974
4975
4975
4976
4976
4977
4977
4978
4978
4979
4979
4980
4980
4981
4981
4982
4982
4983
4983
4984
4984
4985
4985
4986
4986
4987
4987
4988
4988
4989
4989
4990
4990
4991
4991
4992
4992
4993
4993
4994
4994
4995
4995
4996
4996
4997
4997
4998
4998
4999
4999
5000
5000
5001
5001
5002
5002
5003
5003
5004
5004
5005
5005
5006
5006
5007
5007
5008
5008
5009
5009
5010
5010
5011
5011
5012
5012
5013
5013
5014
5014
5015
5015
5016
5016
5017
5017
5018
5018
5019
5019
5020
5020
5021
5021
5022
5022
5023
5023
5024
5024
5025
5025
5026
5026
5027
5027
5028
5028
5029
5029
5030
5030
5031
5031
5032
5032
5033
5033
5034
5034
5035
5035
5036
5036
5037
5037
5038
5038
5039
5039
5040
5040
5041
5041
5042
5042
5043
5043
5044
5044
5045
5045
5046
5046
5047
5047
5048
5048
5049
5049
5050
5050
5051
5051
5052
5052
5053
5053
5054
5054
5055
5055
5056
5056
5057
5057
5058
5058
5059
5060
5060
5060
5061
5061
5062
5062
5063
5063
5064
5064
5065
5065
5066
5066
5067
5067
5068
5068
5069
5069
5070
5070
5071
5071
5072
5072
5073
5073
5074
5074
5075
5075
5076
5076
5077
5077
5078
5078
5079
5079
5080
5080
5081
5081
5082
5082
5083
5083
5084
5084
5085
5085
5086
5086
5087
5087
5088
5088
5089
5089
5090
5090
5091
5091
5092
5092
5093
5093
5094
5094
5095
5095
5096
5096
5097
5097
5098
5098
5099
5099
5100
5100
5101
5101
5102
5102
5103
5103
5104
5104
5105
5105
5106
5106
5107
5107
5108
5108
5109
5109
5110
5110
5111
5111
5112
5112
5113
5113
5114
5114
5115
5115
5116
5116
5117
5117
5118
5118
5119
5119
5120
5120
5121
5121
5122
5122
5123
5123
5124
5124
5125
5125
5126
5126
5127
5127
5128
5128
5129
5129
5130
5130
5131
5131
5132
5132
5133
5133
5134
5134
5135
5135
5136
5136
5137
5137
5138
5138
5139
5139
5140
5140
5141
5141
5142
5142
5143
5143
5144
5144
5145
5145
5146
5146
5147
5147
5148
5148
5149
5149
5150
5150
5151
5151
5152
5152
5153
5153
5154
5154
5155
5155
5156
5156
5157
5157
5158
5158
5159
5159
5160
5160
5161
5161
5162
5162
5163
5163
5164
5164
5165
5165
5166
5166
5167
5167
5168
5168
5169
5169
5170
5170
5171
5171
5172
5172
5173
5173
5174
5174
5175
5175
5176
5176
5177
5177
5178
5178
5179
5179
5180
5180
5181
5181
5182
5182
5183
5183
5184
5184
5185
5185
5186
5186
5187
5187
5188
5188
5189
5189
5190
5190
5191
5191
5192
5192
5193
5193
5194
5194
5195
5195
5196
5196
5197
5197
5198
5198
5199
5199
5200
5200
5201
5201
5202
5202
5203
5203
5204
5204
5205
5205
5206
5206
5207
5207
5208
5208
5209
5209
5210
5210
5211
5211
5212
5212
5213
5213
5214
5214
5215
5215
5216
5216
5217
5217
5218
5218
5219
5219
5220
5220
5221
5221
5222
5222
5223
5223
5224
5224
5225
5225
5226
5226
5227
5227
5228
5228
5229
5229
5230
5230
5231
5231
5232
5232
5233
5233
5234
5234
5235
5235
5236
5236
5237
5237
5238
5238
5239
5239
5240
5240
5241
5241
5242
5242
5243
5243
5244
5244
5245
5245
5246
5246
5247
5247
5248
5248
5249
5249
5250
5250
5251
5251
5252
5252
5253
5253
5254
5254
5255
5255
5256
5256
5257
5257
5258
5258
5259
5259
5260
5260
5261
5261
5262
5262
5263
5263
5264
5264
5265
5265
5266
5266
5267
5267
5268
5268
5269
5269
5270
5270
5271
5271
5272
5272
5273
5273
5274
5274
5275
5275
5276
5276
5277
5277
5278
5278
5279
5280
5280
5280
5281
5281
5282
5282
5283
5283
5284
5284
5285
5285
5286
5286
5287
5287
5288
5288
5289
5289
5290
5290
5291
5291
5292
5292
5293
5293
5294
5294
5295
5295
5296
5296
5297
5297
5298
5298
5299
5299
5300
5300
5301
5301
5302
5302
5303
5303
5304
5304
5305
5305
5306
5306
5307
5307
5308
5308
5309
5309
5310
5310
5311
5311
5312
5312
5313
5313
5314
5314
5315
5315
5316
5316
5317
5317
5318
5318
5319
5319
5320
5320
5321
5321
5322
5322
5323
5323
5324
5324
5325
5325
5326
5326
5327
5327
5328
5328
5329
5329
5330
5330
5331
5331
5332
5332
5333
5333
5334
5334
5335
5335
5336
5336
5337
5337
5338
5338
5339
5339
5340
5340
5341
5341
5342
5342
5343
5343
5344
5344
5345
5345
5346
5346
5347
5347
5348
5348
5349
5349
5350
5350
5351
5351
5352
5352
5353
5353
5354
5354
5355
5355
5356
5356
5357
5357
5358
5358
5359
5359
5360
5360
5361
5361
5362
5362
5363
5363
5364
5364
5365
5365
5366
5366
5367
5367
5368
5368
5369
5369
5370
5370
5371
5371
5372
5372
5373
5373
5374
5374
5375
5375
5376
5376
5377
5377
5378
5378
5379
5379
5380
5380
5381
5381
5382
5382
5383
5383
5384
5384
5385
5385
5386
5386
5387
5387
5388
5388
5389
5389
5390
5390
5391
5391
5392
5392
5393
5393
5394
5394
5395
5395
5396
5396
5397
5397
5398
5398
5399
5399
5400
5400
5401
5401
5402
5402
5403
5403
5404
5404
5405
5405
5406
5406
5407
5407
5408
5408
5409
5409
5410
5410
5411
5411
5412
5412
5413
5413
5414
5414
5415
5415
5416
5416
5417
5417
5418
5418
5419
5419
5420
5420
5421
5421
5422
5422
5423
5423
5424
5424
5425
5425
5426
5426
5427
5427
5428
5428
5429
5429
5430
5430
5431
5431
5432
5432
5433
5433
5434
5434
5435
5435
5436
5436
5437
5437
5438
5438
5439
5439
5440
5440
5441
5441
5442
5442
5443
5443
5444
5444
5445
5445
5446
5446
5447
5447
5448
5448
5449
5449
5450
5450
5451
5451
5452
5452
5453
5453
5454
5454
5455
5455
5456
5456
5457
5457
5458
5458
5459
5459
5460
5460
5461
5461
5462
5462
5463
5463
5464
5464
5465
5465
5466
5466
5467
5467
5468
5468
5469
5469
5470
5470
5471
5471
5472
5472
5473
5473
5474
5474
5475
5475
5476
5476
5477
5477
5478
5478
5479
5479
5480
5480
5481
5481
5482
5482
5483
5483
5484
5484
5485
5485
5486
5486
5487
5487
5488
5488
5489
5489
5490
5490
5491
5491
5492
5492
5493
5493
5494
5494
5495
5495
5496
5496
5497
5497
5498
5498
5499
5500
5500
5500
5501
5501
5502
5502
5503
5503
5504
5504
5505
5505
5506
5506
5507
5507
5508
5508
5509
5509
5510
5510
5511
5511
5512
5512
5513
5513
5514
5514
5515
5515
5516
5516
5517
5517
5518
5518
5519
5519
5520
5520
5521
5521
5522
5522
5523
5523
5524
5524
5525
5525
5526
5526
5527
5527
5528
5528
5529
5529
5530
5530
5531
5531
5532
5532
5533
5533
5534
5534
5535
5535
5536
5536
5537
5537
5538
5538
5539
5539
5540
5540
5541
5541
5542
5542
5543
5543
5544
5544
5545
5545
5546
5546
5547
5547
5548
5548
5549
5549
5550
5550
5551
5551
5552
5552
5553
5553
5554
5554
5555
5555
5556
5556
5557
5557
5558
5558
5559
5559
5560
5560
5561
5561
5562
5562
5563
5563
5564
5564
5565
5565
5566
5566
5567
5567
5568
5568
5569
5569
5570
5570
5571
5571
5572
5572
5573
5573
5574
5574
5575
5575
5576
5576
5577
5577
5578
5578
5579
5579
5580
5580
5581
5581
5582
5582
5583
5583
5584
5584
5585
5585
5586
5586
5587
5587
5588
5588
5589
5589
5590
5590
5591
5591
5592
5592
5593
5593
5594
5594
5595
5595
5596
5596
5597
5597
5598
5598
5599
5599
5600
5600
5601
5601
5602
5602
5603
5603
5604
5604
5605
5605
5606
5606
5607
5607
5608
5608
5609
5609
5610
5610
5611
5611
5612
5612
5613
5613
5614
5614
5615
5615
5616
5616
5617
5617
5618
5618
5619
5619
5620
5620
5621
5621
5622
5622
5623
5623
5624
5624
5625
5625
5626
5626
5627
5627
5628
5628
5629
5629
5630
5630
5631
5631
5632
5632
5633
5633
5634
5634
5635
5635
5636
5636
5637
5637
5638
5638
5639
5639
5640
5640
5641
5641
5642
5642
5643
5643
5644
5644
5645
5645
5646
5646
5647
5647
5648
5648
5649
5649
5650
5650
5651
5651
5652
5652
5653
5653
5654
5654
5655
5655
5656
5656
5657
5657
5658
5658
5659
5659
5660
5660
5661
5661
5662
5662
5663
5663
5664
5664
5665
5665
5666
5666
5667
5667
5668
5668
5669
5669
5670
5670
5671
5671
5672
5672
5673
5673
5674
5674
5675
5675
5676
5676
5677
5677
5678
5678
5679
5679
5680
5680
5681
5681
5682
5682
5683
5683
5684
5684
5685
5685
5686
5686
5687
5687
5688
5688
5689
5689
5690
5690
5691
5691
5692
5692
5693
5693
5694
5694
5695
5695
5696
5696
5697
5697
5698
5698
5699
5699
5700
5700
5701
5701
5702
5702
5703
5703
5704
5704
5705
5705
5706
5706
5707
5707
5708
5708
5709
5709
5710
5710
5711
5711
5712
5712
5713
5713
5714
5714
5715
5715
5716
5716
5717
5717
5718
5718
5719
5720
5720
5720
5721
5721
5722
5722
5723
5723
5724
5724
5725
5725
5726
5726
5727
5727
5728
5728
5729
5729
5730
5730
5731
5731
5732
5732
5733
5733
5734
5734
5735
5735
5736
5736
5737
5737
5738
5738
5739
5739
5740
5740
5741
5741
5742
5742
5743
5743
5744
5744
5745
5745
5746
5746
5747
5747
5748
5748
5749
5749
5750
5750
5751
5751
5752
5752
5753
5753
5754
5754
5755
5755
5756
5756
5757
5757
5758
5758
5759
5759
5760
5760
5761
5761
5762
5762
5763
5763
5764
5764
5765
5765
5766
5766
5767
5767
5768
5768
5769
5769
5770
5770
5771
5771
5772
5772
5773
5773
5774
5774
5775
5775
5776
5776
5777
5777
5778
5778
5779
5779
5780
5780
5781
5781
5782
5782
5783
5783
5784
5784
5785
5785
5786
5786
5787
5787
5788
5788
5789
5789
5790
5790
5791
5791
5792
5792
5793
5793
5794
5794
5795
5795
5796
5796
5797
5797
5798
5798
5799
5799
5800
5800
5801
5801
5802
5802
5803
5803
5804
5804
5805
5805
5806
5806
5807
5807
5808
5808
5809
5809
5810
5810
5811
5811
5812
5812
5813
5813
5814
5814
5815
5815
5816
5816
5817
5817
5818
5818
5819
5819
5820
5820
5821
5821
5822
5822
5823
5823
5824
5824
5825
5825
5826
5826
5827
5827
5828
5828
5829
5829
5830
5830
5831
5831
5832
5832
5833
5833
5834
5834
5835
5835
5836
5836
5837
5837
5838
5838
5839
5839
5840
5840
5841
5841
5842
5842
5843
5843
5844
5844
5845
5845
5846
5846
5847
5847
5848
5848
5849
5849
5850
5850
5851
5851
5852
5852
5853
5853
5854
5854
5855
5855
5856
5856
5857
5857
5858
5858
5859
5859
5860
5860
5861
5861
5862
5862
5863
5863
5864
5864
5865
5865
5866
5866
5867
5867
5868
5868
5869
5869
5870
5870
5871
5871
5872
5872
5873
5873
5874
5874
5875
5875
5876
5876
5877
5877
5878
5878
5879
5879
5880
5880
5881
5881
5882
5882
5883
5883
5884
5884
5885
5885
5886
5886
5887
5887
5888
5888
5889
5889
5890
5890
5891
5891
5892
5892
5893
5893
5894
5894
5895
5895
5896
5896
5897
5897
5898
5898
5899
5899
5900
5900
5901
5901
5902
5902
5903
5903
5904
5904
5905
5905
5906
5906
5907
5907
5908
5908
5909
5909
5910
5910
5911
5911
5912
5912
5913
5913
5914
5914
5915
5915
5916
5916
5917
5917
5918
5918
5919
5919
5920
5920
5921
5921
5922
5922
5923
5923
5924
5924
5925
5925
5926
5926
5927
5927
5928
5928
5929
5929
5930
5930
5931
5931
5932
5932
5933
5933
5934
5934
5935
5935
5936
5936
5937
5937
5938
5938
5939
5940
5940
5940
5941
5941
5942
5942
5943
5943
5944
5944
5945
5945
5946
5946
5947
5947
5948
5948
5949
5949
5950
5950
5951
5951
5952
5952
5953
5953
5954
5954
5955
5955
5956
5956
5957
5957
5958
5958
5959
5959
5960
5960
5961
5961
5962
5962
5963
5963
5964
5964
5965
5965
5966
5966
5967
5967
5968
5968
5969
5969
5970
5970
5971
5971
5972
5972
5973
5973
5974
5974
5975
5975
5976
5976
5977
5977
5978
5978
5979
5979
5980
5980
5981
5981
5982
5982
5983
5983
5984
5984
5985
5985
5986
5986
5987
5987
5988
5988
5989
5989
5990
5990
5991
5991
5992
5992
5993
5993
5994
5994
5995
5995
5996
5996
5997
5997
5998
5998
5999
5999
6000
6000
6001
6001
6002
6002
6003
6003
6004
6004
6005
6005
6006
6006
6007
6007
6008
6008
6009
6009
6010
6010
6011
6011
6012
6012
6013
6013
6014
6014
6015
6015
6016
6016
6017
6017
6018
6018
6019
6019
6020
6020
6021
6021
6022
6022
6023
6023
6024
6024
6025
6025
6026
6026
6027
6027
6028
6028
6029
6029
6030
6030
6031
6031
6032
6032
6033
6033
6034
6034
6035
6035
6036
6036
6037
6037
6038
6038
6039
6039
6040
6040
6041
6041
6042
6042
6043
6043
6044
6044
6045
6045
6046
6046
6047
6047
6048
6048
6049
6049
6050
6050
6051
6051
6052
6052
6053
6053
6054
6054
6055
6055
6056
6056
6057
6057
6058
6058
6059
6059
6060
6060
6061
6061
6062
6062
6063
6063
6064
6064
6065
6065
6066
6066
6067
6067
6068
6068
6069
6069
6070
6070
6071
6071
6072
6072
6073
6073
6074
6074
6075
6075
6076
6076
6077
6077
6078
6078
6079
6079
6080
6080
6081
6081
6082
6082
6083
6083
6084
6084
6085
6085
6086
6086
6087
6087
6088
6088
6089
6089
6090
6090
6091
6091
6092
6092
6093
6093
6094
6094
6095
6095
6096
6096
6097
6097
6098
6098
6099
6099
6100
6100
6101
6101
6102
6102
6103
6103
6104
6104
6105
6105
6106
6106
6107
6107
6108
6108
6109
6109
6110
6110
6111
6111
6112
6112
6113
6113
6114
6114
6115
6115
6116
6116
6117
6117
6118
6118
6119
6119
6120
6120
6121
6121
6122
6122
6123
6123
6124
6124
6125
6125
6126
6126
6127
6127
6128
6128
6129
6129
6130
6130
6131
6131
6132
6132
6133
6133
6134
6134
6135
6135
6136
6136
6137
6137
6138
6138
6139
6139
6140
6140
6141
6141
6142
6142
6143
6143
6144
6144
6145
6145
6146
6146
6147
6147
6148
6148
6149
6149
6150
6150
6151
6151
6152
6152
6153
6153
6154
6154
6155
6155
6156
6156
6157
6157
6158
6158
6159
6160
6160
6160
6161
6161
6162
6162
6163
6163
6164
6164
6165
6165
6166
6166
6167
6167
6168
6168
6169
6169
6170
6170
6171
6171
6172
6172
6173
6173
6174
6174
6175
6175
6176
6176
6177
6177
6178
6178
6179
6179
6180
6180
6181
6181
6182
6182
6183
6183
6184
6184
6185
6185
6186
6186
6187
6187
6188
6188
6189
6189
6190
6190
6191
6191
6192
6192
6193
6193
6194
6194
6195
6195
6196
6196
6197
6197
6198
6198
6199
6199
6200
6200
6201
6201
6202
6202
6203
6203
6204
6204
6205
6205
6206
6206
6207
6207
6208
6208
6209
6209
6210
6210
6211
6211
6212
6212
6213
6213
6214
6214
6215
6215
6216
6216
6217
6217
6218
6218
6219
6219
6220
6220
6221
6221
6222
6222
6223
6223
6224
6224
6225
6225
6226
6226
6227
6227
6228
6228
6229
6229
6230
6230
6231
6231
6232
6232
6233
6233
6234
6234
6235
6235
6236
6236
6237
6237
6238
6238
6239
6239
6240
6240
6241
6241
6242
6242
6243
6243
6244
6244
6245
6245
6246
6246
6247
6247
6248
6248
6249
6249
6250
6250
6251
6251
6252
6252
6253
6253
6254
6254
6255
6255
6256
6256
6257
6257
6258
6258
6259
6259
6260
6260
6261
6261
6262
6262
6263
6263
6264
6264
6265
6265
6266
6266
6267
6267
6268
6268
6269
6269
6270
6270
6271
6271
6272
6272
6273
6273
6274
6274
6275
6275
6276
6276
6277
6277
6278
6278
6279
6279
6280
6280
6281
6281
6282
6282
6283
6283
6284
6284
6285
6285
6286
6286
6287
6287
6288
6288
6289
6289
6290
6290
6291
6291
6292
6292
6293
6293
6294
6294
6295
6295
6296
6296
6297
6297
6298
6298
6299
6299
6300
6300
6301
6301
6302
6302
6303
6303
6304
6304
6305
6305
6306
6306
6307
6307
6308
6308
6309
6309
6310
6310
6311
6311
6312
6312
6313
6313
6314
6314
6315
6315
6316
6316
6317
6317
6318
6318
6319
6319
6320
6320
6321
6321
6322
6322
6323
6323
6324
6324
6325
6325
6326
6326
6327
6327
6328
6328
6329
6329
6330
6330
6331
6331
6332
6332
6333
6333
6334
6334
6335
6335
6336
6336
6337
6337
6338
6338
6339
6339
6340
6340
6341
6341
6342
6342
6343
6343
6344
6344
6345
6345
6346
6346
6347
6347
6348
6348
6349
6349
6350
6350
6351
6351
6352
6352
6353
6353
6354
6354
6355
6355
6356
6356
6357
6357
6358
6358
6359
6359
6360
6360
6361
6361
6362
6362
6363
6363
6364
6364
6365
6365
6366
6366
6367
6367
6368
6368
6369
6369
6370
6370
6371
6371
6372
6372
6373
6373
6374
6374
6375
6375
6376
6376
6377
6377
6378
6378
6379
6380
6380
6380
6381
6381
6382
6382
6383
6383
6384
6384
6385
6385
6386
6386
6387
6387
6388
6388
6389
6389
6390
6390
6391
6391
6392
6392
6393
6393
6394
6394
6395
6395
6396
6396
6397
6397
6398
6398
6399
6399
6400
6400
6401
6401
6402
6402
6403
6403
6404
6404
6405
6405
6406
6406
6407
6407
6408
6408
6409
6409
6410
6410
6411
6411
6412
6412
6413
6413
6414
6414
6415
6415
6416
6416
6417
6417
6418
6418
6419
6419
6420
6420
6421
6421
6422
6422
6423
6423
6424
6424
6425
6425
6426
6426
6427
6427
6428
6428
6429
6429
6430
6430
6431
6431
6432
6432
6433
6433
6434
6434
6435
6435
6436
6436
6437
6437
6438
6438
6439
6439
6440
6440
6441
6441
6442
6442
6443
6443
6444
6444
6445
6445
6446
6446
6447
6447
6448
6448
6449
6449
6450
6450
6451
6451
6452
6452
6453
6453
6454
6454
6455
6455
6456
6456
6457
6457
6458
6458
6459
6459
6460
6460
6461
6461
6462
6462
6463
6463
6464
6464
6465
6465
6466
6466
6467
6467
6468
6468
6469
6469
6470
6470
6471
6471
6472
6472
6473
6473
6474
6474
6475
6475
6476
6476
6477
6477
6478
6478
6479
6479
6480
6480
6481
6481
6482
6482
6483
6483
6484
6484
6485
6485
6486
6486
6487
6487
6488
6488
6489
6489
6490
6490
6491
6491
6492
6492
6493
6493
6494
6494
6495
6495
6496
6496
6497
6497
6498
6498
6499
6499
6500
6500
6501
6501
6502
6502
6503
6503
6504
6504
6505
6505
6506
6506
6507
6507
6508
6508
6509
6509
6510
6510
6511
6511
6512
6512
6513
6513
6514
6514
6515
6515
6516
6516
6517
6517
6518
6518
6519
6519
6520
6520
6521
6521
6522
6522
6523
6523
6524
6524
6525
6525
6526
6526
6527
6527
6528
6528
6529
6529
6530
6530
6531
6531
6532
6532
6533
6533
6534
6534
6535
6535
6536
6536
6537
6537
6538
6538
6539
6539
6540
6540
6541
6541
6542
6542
6543
6543
6544
6544
6545
6545
6546
6546
6547
6547
6548
6548
6549
6549
6550
6550
6551
6551
6552
6552
6553
6553
6554
6554
6555
6555
6556
6556
6557
6557
6558
6558
6559
6559
6560
6560
6561
6561
6562
6562
6563
6563
6564
6564
6565
6565
6566
6566
6567
6567
6568
6568
6569
6569
6570
6570
6571
6571
6572
6572
6573
6573
6574
6574
6575
6575
6576
6576
6577
6577
6578
6578
6579
6579
6580
6580
6581
6581
6582
6582
6583
6583
6584
6584
6585
6585
6586
6586
6587
6587
6588
6588
6589
6589
6590
6590
6591
6591
6592
6592
6593
6593
6594
6594
6595
6595
6596
6596
6597
6597
6598
6598
6599
6600
6600
6600
6601
6601
6602
6602
6603
6603
6604
6604
6605
6605
6606
6606
6607
6607
6608
6608
6609
6609
6610
6610
6611
6611
6612
6612
6613
6613
6614
6614
6615
6615
6616
6616
6617
6617
6618
6618
6619
6619
6620
6620
6621
6621
6622
6622
6623
6623
6624
6624
6625
6625
6626
6626
6627
6627
6628
6628
6629
6629
6630
6630
6631
6631
6632
6632
6633
6633
6634
6634
6635
6635
6636
6636
6637
6637
6638
6638
6639
6639
6640
6640
6641
6641
6642
6642
6643
6643
6644
6644
6645
6645
6646
6646
6647
6647
6648
6648
6649
6649
6650
6650
6651
6651
6652
6652
6653
6653
6654
6654
6655
6655
6656
6656
6657
6657
6658
6658
6659
6659
6660
6660
6661
6661
6662
6662
6663
6663
6664
6664
6665
6665
6666
6666
6667
6667
6668
6668
6669
6669
6670
6670
6671
6671
6672
6672
6673
6673
6674
6674
6675
6675
6676
6676
6677
6677
6678
6678
6679
6679
6680
6680
6681
6681
6682
6682
6683
6683
6684
6684
6685
6685
6686
6686
6687
6687
6688
6688
6689
6689
6690
6690
6691
6691
6692
6692
6693
6693
6694
6694
6695
6695
6696
6696
6697
6697
6698
6698
6699
6699
6700
6700
6701
6701
6702
6702
6703
6703
6704
6704
6705
6705
6706
6706
6707
6707
6708
6708
6709
6709
6710
6710
6711
6711
6712
6712
6713
6713
6714
6714
6715
6715
6716
6716
6717
6717
6718
6718
6719
6719
6720
6720
6721
6721
6722
6722
6723
6723
6724
6724
6725
6725
6726
6726
6727
6727
6728
6728
6729
6729
6730
6730
6731
6731
6732
6732
6733
6733
6734
6734
6735
6735
6736
6736
6737
6737
6738
6738
6739
6739
6740
6740
6741
6741
6742
6742
6743
6743
6744
6744
6745
6745
6746
6746
6747
6747
6748
6748
6749
6749
6750
6750
6751
6751
6752
6752
6753
6753
6754
6754
6755
6755
6756
6756
6757
6757
6758
6758
6759
6759
6760
6760
6761
6761
6762
6762
6763
6763
6764
6764
6765
6765
6766
6766
6767
6767
6768
6768
6769
6769
6770
6770
6771
6771
6772
6772
6773
6773
6774
6774
6775
6775
6776
6776
6777
6777
6778
6778
6779
6779
6780
6780
6781
6781
6782
6782
6783
6783
6784
6784
6785
6785
6786
6786
6787
6787
6788
6788
6789
6789
6790
6790
6791
6791
6792
6792
6793
6793
6794
6794
6795
6795
6796
6796
6797
6797
6798
6798
6799
6799
6800
6800
6801
6801
6802
6802
6803
6803
6804
6804
6805
6805
6806
6806
6807
6807
6808
6808
6809
6809
6810
6810
6811
6811
6812
6812
6813
6813
6814
6814
6815
6815
6816
6816
6817
6817
6818
6818
6819
6820
6820
6820
6821
6821
6822
6822
6823
6823
6824
6824
6825
6825
6826
6826
6827
6827
6828
6828
6829
6829
6830
6830
6831
6831
6832
6832
6833
6833
6834
6834
6835
6835
6836
6836
6837
6837
6838
6838
6839
6839
6840
6840
6841
6841
6842
6842
6843
6843
6844
6844
6845
6845
6846
6846
6847
6847
6848
6848
6849
6849
6850
6850
6851
6851
6852
6852
6853
6853
6854
6854
6855
6855
6856
6856
6857
6857
6858
6858
6859
6859
6860
6860
6861
6861
6862
6862
6863
6863
6864
6864
6865
6865
6866
6866
6867
6867
6868
6868
6869
6869
6870
6870
6871
6871
6872
6872
6873
6873
6874
6874
6875
6875
6876
6876
6877
6877
6878
6878
6879
6879
6880
6880
6881
6881
6882
6882
6883
6883
6884
6884
6885
6885
6886
6886
6887
6887
6888
6888
6889
6889
6890
6890
6891
6891
6892
6892
6893
6893
6894
6894
6895
6895
6896
6896
6897
6897
6898
6898
6899
6899
6900
6900
6901
6901
6902
6902
6903
6903
6904
6904
6905
6905
6906
6906
6907
6907
6908
6908
6909
6909
6910
6910
6911
6911
6912
6912
6913
6913
6914
6914
6915
6915
6916
6916
6917
6917
6918
6918
6919
6919
6920
6920
6921
6921
6922
6922
6923
6923
6924
6924
6925
6925
6926
6926
6927
6927
6928
6928
6929
6929
6930
6930
6931
6931
6932
6932
6933
6933
6934
6934
6935
6935
6936
6936
6937
6937
6938
6938
6939
6939
6940
6940
6941
6941
6942
6942
6943
6943
6944
6944
6945
6945
6946
6946
6947
6947
6948
6948
6949
6949
6950
6950
6951
6951
6952
6952
6953
6953
6954
6954
6955
6955
6956
6956
6957
6957
6958
6958
6959
6959
6960
6960
6961
6961
6962
6962
6963
6963
6964
6964
6965
6965
6966
6966
6967
6967
6968
6968
6969
6969
6970
6970
6971
6971
6972
6972
6973
6973
6974
6974
6975
6975
6976
6976
6977
6977
6978
6978
6979
6979
6980
6980
6981
6981
6982
6982
6983
6983
6984
6984
6985
6985
6986
6986
6987
6987
6988
6988
6989
6989
6990
6990
6991
6991
6992
6992
6993
6993
6994
6994
6995
6995
6996
6996
6997
6997
6998
6998
6999
6999
7000
7000
7001
7001
7002
7002
7003
7003
7004
7004
7005
7005
7006
7006
7007
7007
7008
7008
7009
7009
7010
7010
7011
7011
7012
7012
7013
7013
7014
7014
7015
7015
7016
7016
7017
7017
7018
7018
7019
7019
7020
7020
7021
7021
7022
7022
7023
7023
7024
7024
7025
7025
7026
7026
7027
7027
7028
7028
7029
7029
7030
7030
7031
7031
7032
7032
7033
7033
7034
7034
7035
7035
7036
7036
7037
7037
7038
7038
7039
7040
7040
7040
7041
7041
7042
7042
7043
7043
7044
7044
7045
7045
7046
7046
7047
7047
7048
7048
7049
7049
7050
7050
7051
7051
7052
7052
7053
7053
7054
7054
7055
7055
7056
7056
7057
7057
7058
7058
7059
7059
7060
7060
7061
7061
7062
7062
7063
7063
7064
7064
7065
7065
7066
7066
7067
7067
7068
7068
7069
7069
7070
7070
7071
7071
7072
7072
7073
7073
7074
7074
7075
7075
7076
7076
7077
7077
7078
7078
7079
7079
7080
7080
7081
7081
7082
7082
7083
7083
7084
7084
7085
7085
7086
7086
7087
7087
7088
7088
7089
7089
7090
7090
7091
7091
7092
7092
7093
7093
7094
7094
7095
7095
7096
7096
7097
7097
7098
7098
7099
7099
7100
7100
7101
7101
7102
7102
7103
7103
7104
7104
7105
7105
7106
7106
7107
7107
7108
7108
7109
7109
7110
7110
7111
7111
7112
7112
7113
7113
7114
7114
7115
7115
7116
7116
7117
7117
7118
7118
7119
7119
7120
7120
7121
7121
7122
7122
7123
7123
7124
7124
7125
7125
7126
7126
7127
7127
7128
7128
7129
7129
7130
7130
7131
7131
7132
7132
7133
7133
7134
7134
7135
7135
7136
7136
7137
7137
7138
7138
7139
7139
7140
7140
7141
7141
7142
7142
7143
7143
7144
7144
7145
7145
7146
7146
7147
7147
7148
7148
7149
7149
7150
7150
7151
7151
7152
7152
7153
7153
7154
7154
7155
7155
7156
7156
7157
7157
7158
7158
7159
7159
7160
7160
7161
7161
7162
7162
7163
7163
7164
7164
7165
7165
7166
7166
7167
7167
7168
7168
7169
7169
7170
7170
7171
7171
7172
7172
7173
7173
7174
7174
7175
7175
7176
7176
7177
7177
7178
7178
7179
7179
7180
7180
7181
7181
7182
7182
7183
7183
7184
7184
7185
7185
7186
7186
7187
7187
7188
7188
7189
7189
7190
7190
7191
7191
7192
7192
7193
7193
7194
7194
7195
7195
7196
7196
7197
7197
7198
7198
7199
7199
7200
7200
7201
7201
7202
7202
7203
7203
7204
7204
7205
7205
7206
7206
7207
7207
7208
7208
7209
7209
7210
7210
7211
7211
7212
7212
7213
7213
7214
7214
7215
7215
7216
7216
7217
7217
7218
7218
7219
7219
7220
7220
7221
7221
7222
7222
7223
7223
7224
7224
7225
7225
7226
7226
7227
7227
7228
7228
7229
7229
7230
7230
7231
7231
7232
7232
7233
7233
7234
7234
7235
7235
7236
7236
7237
7237
7238
7238
7239
7239
7240
7240
7241
7241
7242
7242
7243
7243
7244
7244
7245
7245
7246
7246
7247
7247
7248
7248
7249
7249
7250
7250
7251
7251
7252
7252
7253
7253
7254
7254
7255
7255
7256
7256
7257
7257
7258
7258
7259
7260
7260
7260
7261
7261
7262
7262
7263
7263
7264
7264
7265
7265
7266
7266
7267
7267
7268
7268
7269
7269
7270
7270
7271
7271
7272
7272
7273
7273
7274
7274
7275
7275
7276
7276
7277
7277
7278
7278
7279
7279
7280
7280
7281
7281
7282
7282
7283
7283
7284
7284
7285
7285
7286
7286
7287
7287
7288
7288
7289
7289
7290
7290
7291
7291
7292
7292
7293
7293
7294
7294
7295
7295
7296
7296
7297
7297
7298
7298
7299
7299
7300
7300
7301
7301
7302
7302
7303
7303
7304
7304
7305
7305
7306
7306
7307
7307
7308
7308
7309
7309
7310
7310
7311
7311
7312
7312
7313
7313
7314
7314
7315
7315
7316
7316
7317
7317
7318
7318
7319
7319
7320
7320
7321
7321
7322
7322
7323
7323
7324
7324
7325
7325
7326
7326
7327
7327
7328
7328
7329
7329
7330
7330
7331
7331
7332
7332
7333
7333
7334
7334
7335
7335
7336
7336
7337
7337
7338
7338
7339
7339
7340
7340
7341
7341
7342
7342
7343
7343
7344
7344
7345
7345
7346
7346
7347
7347
7348
7348
7349
7349
7350
7350
7351
7351
7352
7352
7353
7353
7354
7354
7355
7355
7356
7356
7357
7357
7358
7358
7359
7359
7360
7360
7361
7361
7362
7362
7363
7363
7364
7364
7365
7365
7366
7366
7367
7367
7368
7368
7369
7369
7370
7370
7371
7371
7372
7372
7373
7373
7374
7374
7375
7375
7376
7376
7377
7377
7378
7378
7379
7379
7380
7380
7381
7381
7382
7382
7383
7383
7384
7384
7385
7385
7386
7386
7387
7387
7388
7388
7389
7389
7390
7390
7391
7391
7392
7392
7393
7393
7394
7394
7395
7395
7396
7396
7397
7397
7398
7398
7399
7399
7400
7400
7401
7401
7402
7402
7403
7403
7404
7404
7405
7405
7406
7406
7407
7407
7408
7408
7409
7409
7410
7410
7411
7411
7412
7412
7413
7413
7414
7414
7415
7415
7416
7416
7417
7417
7418
7418
7419
7419
7420
7420
7421
7421
7422
7422
7423
7423
7424
7424
7425
7425
7426
7426
7427
7427
7428
7428
7429
7429
7430
7430
7431
7431
7432
7432
7433
7433
7434
7434
7435
7435
7436
7436
7437
7437
7438
7438
7439
7439
7440
7440
7441
7441
7442
7442
7443
7443
7444
7444
7445
7445
7446
7446
7447
7447
7448
7448
7449
7449
7450
7450
7451
7451
7452
7452
7453
7453
7454
7454
7455
7455
7456
7456
7457
7457
7458
7458
7459
7459
7460
7460
7461
7461
7462
7462
7463
7463
7464
7464
7465
7465
7466
7466
7467
7467
7468
7468
7469
7469
7470
7470
7471
7471
7472
7472
7473
7473
7474
7474
7475
7475
7476
7476
7477
7477
7478
7478
7479
7480
7480
7480
7481
7481
7482
7482
7483
7483
7484
7484
7485
7485
7486
7486
7487
7487
7488
7488
7489
7489
7490
7490
7491
7491
7492
7492
7493
7493
7494
7494
7495
7495
7496
7496
7497
7497
7498
7498
7499
7499
7500
7500
7501
7501
7502
7502
7503
7503
7504
7504
7505
7505
7506
7506
7507
7507
7508
7508
7509
7509
7510
7510
7511
7511
7512
7512
7513
7513
7514
7514
7515
7515
7516
7516
7517
7517
7518
7518
7519
7519
7520
7520
7521
7521
7522
7522
7523
7523
7524
7524
7525
7525
7526
7526
7527
7527
7528
7528
7529
7529
7530
7530
7531
7531
7532
7532
7533
7533
7534
7534
7535
7535
7536
7536
7537
7537
7538
7538
7539
7539
7540
7540
7541
7541
7542
7542
7543
7543
7544
7544
7545
7545
7546
7546
7547
7547
7548
7548
7549
7549
7550
7550
7551
7551
7552
7552
7553
7553
7554
7554
7555
7555
7556
7556
7557
7557
7558
7558
7559
7559
7560
7560
7561
7561
7562
7562
7563
7563
7564
7564
7565
7565
7566
7566
7567
7567
7568
7568
7569
7569
7570
7570
7571
7571
7572
7572
7573
7573
7574
7574
7575
7575
7576
7576
7577
7577
7578
7578
7579
7579
7580
7580
7581
7581
7582
7582
7583
7583
7584
7584
7585
7585
7586
7586
7587
7587
7588
7588
7589
7589
7590
7590
7591
7591
7592
7592
7593
7593
7594
7594
7595
7595
7596
7596
7597
7597
7598
7598
7599
7599
7600
7600
7601
7601
7602
7602
7603
7603
7604
7604
7605
7605
7606
7606
7607
7607
7608
7608
7609
7609
7610
7610
7611
7611
7612
7612
7613
7613
7614
7614
7615
7615
7616
7616
7617
7617
7618
7618
7619
7619
7620
7620
7621
7621
7622
7622
7623
7623
7624
7624
7625
7625
7626
7626
7627
7627
7628
7628
7629
7629
7630
7630
7631
7631
7632
7632
7633
7633
7634
7634
7635
7635
7636
7636
7637
7637
7638
7638
7639
7639
7640
7640
7641
7641
7642
7642
7643
7643
7644
7644
7645
7645
7646
7646
7647
7647
7648
7648
7649
7649
7650
7650
7651
7651
7652
7652
7653
7653
7654
7654
7655
7655
7656
7656
7657
7657
7658
7658
7659
7659
7660
7660
7661
7661
7662
7662
7663
7663
7664
7664
7665
7665
7666
7666
7667
7667
7668
7668
7669
7669
7670
7670
7671
7671
7672
7672
7673
7673
7674
7674
7675
7675
7676
7676
7677
7677
7678
7678
7679
7679
7680
7680
7681
7681
7682
7682
7683
7683
7684
7684
7685
7685
7686
7686
7687
7687
7688
7688
7689
7689
7690
7690
7691
7691
7692
7692
7693
7693
7694
7694
7695
7695
7696
7696
7697
7697
7698
7698
7699
7700
7700
7700
7701
7701
7702
7702
7703
7703
7704
7704
7705
7705
7706
7706
7707
7707
7708
7708
7709
7709
7710
7710
7711
7711
7712
7712
7713
7713
7714
7714
7715
7715
7716
7716
7717
7717
7718
7718
7719
7719
7720
7720
7721
7721
7722
7722
7723
7723
7724
7724
7725
7725
7726
7726
7727
7727
7728
7728
7729
7729
7730
7730
7731
7731
7732
7732
7733
7733
7734
7734
7735
7735
7736
7736
7737
7737
7738
7738
7739
7739
7740
7740
7741
7741
7742
7742
7743
7743
7744
7744
7745
7745
7746
7746
7747
7747
7748
7748
7749
7749
7750
7750
7751
7751
7752
7752
7753
7753
7754
7754
7755
7755
7756
7756
7757
7757
7758
7758
7759
7759
7760
7760
7761
7761
7762
7762
7763
7763
7764
7764
7765
7765
7766
7766
7767
7767
7768
7768
7769
7769
7770
7770
7771
7771
7772
7772
7773
7773
7774
7774
7775
7775
7776
7776
7777
7777
7778
7778
7779
7779
7780
7780
7781
7781
7782
7782
7783
7783
7784
7784
7785
7785
7786
7786
7787
7787
7788
7788
7789
7789
7790
7790
7791
7791
7792
7792
7793
7793
7794
7794
7795
7795
7796
7796
7797
7797
7798
7798
7799
7799
7800
7800
7801
7801
7802
7802
7803
7803
7804
7804
7805
7805
7806
7806
7807
7807
7808
7808
7809
7809
7810
7810
7811
7811
7812
7812
7813
7813
7814
7814
7815
7815
7816
7816
7817
7817
7818
7818
7819
7819
7820
7820
7821
7821
7822
7822
7823
7823
7824
7824
7825
7825
7826
7826
7827
7827
7828
7828
7829
7829
7830
7830
7831
7831
7832
7832
7833
7833
7834
7834
7835
7835
7836
7836
7837
7837
7838
7838
7839
7839
7840
7840
7841
7841
7842
7842
7843
7843
7844
7844
7845
7845
7846
7846
7847
7847
7848
7848
7849
7849
7850
7850
7851
7851
7852
7852
7853
7853
7854
7854
7855
7855
7856
7856
7857
7857
7858
7858
7859
7859
7860
7860
7861
7861
7862
7862
7863
7863
7864
7864
7865
7865
7866
7866
7867
7867
7868
7868
7869
7869
7870
7870
7871
7871
7872
7872
7873
7873
7874
7874
7875
7875
7876
7876
7877
7877
7878
7878
7879
7879
7880
7880
7881
7881
7882
7882
7883
7883
7884
7884
7885
7885
7886
7886
7887
7887
7888
7888
7889
7889
7890
7890
7891
7891
7892
7892
7893
7893
7894
7894
7895
7895
7896
7896
7897
7897
7898
7898
7899
7899
7900
7900
7901
7901
7902
7902
7903
7903
7904
7904
7905
7905
7906
7906
7907
7907
7908
7908
7909
7909
7910
7910
7911
7911
7912
7912
7913
7913
7914
7914
7915
7915
7916
7916
7917
7917
7918
7918
7919
7920
7920
7920
7921
7921
7922
7922
7923
7923
7924
7924
7925
7925
7926
7926
7927
7927
7928
7928
7929
7929
7930
7930
7931
7931
7932
7932
7933
7933
7934
7934
7935
7935
7936
7936
7937
7937
7938
7938
7939
7939
7940
7940
7941
7941
7942
7942
7943
7943
7944
7944
7945
7945
7946
7946
7947
7947
7948
7948
7949
7949
7950
7950
7951
7951
7952
7952
7953
7953
7954
7954
7955
7955
7956
7956
7957
7957
7958
7958
7959
7959
7960
7960
7961
7961
7962
7962
7963
7963
7964
7964
7965
7965
7966
7966
7967
7967
7968
7968
7969
7969
7970
7970
7971
7971
7972
7972
7973
7973
7974
7974
7975
7975
7976
7976
7977
7977
7978
7978
7979
7979
7980
7980
7981
7981
7982
7982
7983
7983
7984
7984
7985
7985
7986
7986
7987
7987
7988
7988
7989
7989
7990
7990
7991
7991
7992
7992
7993
7993
7994
7994
7995
7995
7996
7996
7997
7997
7998
7998
7999
7999
8000
8000
8001
8001
8002
8002
8003
8003
8004
8004
8005
8005
8006
8006
8007
8007
8008
8008
8009
8009
8010
8010
8011
8011
8012
8012
8013
8013
8014
8014
8015
8015
8016
8016
8017
8017
8018
8018
8019
8019
8020
8020
8021
8021
8022
8022
8023
8023
8024
8024
8025
8025
8026
8026
8027
8027
8028
8028
8029
8029
8030
8030
8031
8031
8032
8032
8033
8033
8034
8034
8035
8035
8036
8036
8037
8037
8038
8038
8039
8039
8040
8040
8041
8041
8042
8042
8043
8043
8044
8044
8045
8045
8046
8046
8047
8047
8048
8048
8049
8049
8050
8050
8051
8051
8052
8052
8053
8053
8054
8054
8055
8055
8056
8056
8057
8057
8058
8058
8059
8059
8060
8060
8061
8061
8062
8062
8063
8063
8064
8064
8065
8065
8066
8066
8067
8067
8068
8068
8069
8069
8070
8070
8071
8071
8072
8072
8073
8073
8074
8074
8075
8075
8076
8076
8077
8077
8078
8078
8079
8079
8080
8080
8081
8081
8082
8082
8083
8083
8084
8084
8085
8085
8086
8086
8087
8087
8088
8088
8089
8089
8090
8090
8091
8091
8092
8092
8093
8093
8094
8094
8095
8095
8096
8096
8097
8097
8098
8098
8099
8099
8100
8100
8101
8101
8102
8102
8103
8103
8104
8104
8105
8105
8106
8106
8107
8107
8108
8108
8109
8109
8110
8110
8111
8111
8112
8112
8113
8113
8114
8114
8115
8115
8116
8116
8117
8117
8118
8118
8119
8119
8120
8120
8121
8121
8122
8122
8123
8123
8124
8124
8125
8125
8126
8126
8127
8127
8128
8128
8129
8129
8130
8130
8131
8131
8132
8132
8133
8133
8134
8134
8135
8135
8136
8136
8137
8137
8138
8138
8139
8140
8140
8140
8141
8141
8142
8142
8143
8143
8144
8144
8145
8145
8146
8146
8147
8147
8148
8148
8149
8149
8150
8150
8151
8151
8152
8152
8153
8153
8154
8154
8155
8155
8156
8156
8157
8157
8158
8158
8159
8159
8160
8160
8161
8161
8162
8162
8163
8163
8164
8164
8165
8165
8166
8166
8167
8167
8168
8168
8169
8169
8170
8170
8171
8171
8172
8172
8173
8173
8174
8174
8175
8175
8176
8176
8177
8177
8178
8178
8179
8179
8180
8180
8181
8181
8182
8182
8183
8183
8184
8184
8185
8185
8186
8186
8187
8187
8188
8188
8189
8189
8190
8190
8191
8191
8192
8192
8193
8193
8194
8194
8195
8195
8196
8196
8197
8197
8198
8198
8199
8199
8200
8200
8201
8201
8202
8202
8203
8203
8204
8204
8205
8205
8206
8206
8207
8207
8208
8208
8209
8209
8210
8210
8211
8211
8212
8212
8213
8213
8214
8214
8215
8215
8216
8216
8217
8217
8218
8218
8219
8219
8220
8220
8221
8221
8222
8222
8223
8223
8224
8224
8225
8225
8226
8226
8227
8227
8228
8228
8229
8229
8230
8230
8231
8231
8232
8232
8233
8233
8234
8234
8235
8235
8236
8236
8237
8237
8238
8238
8239
8239
8240
8240
8241
8241
8242
8242
8243
8243
8244
8244
8245
8245
8246
8246
8247
8247
8248
8248
8249
8249
8250
8250
8251
8251
8252
8252
8253
8253
8254
8254
8255
8255
8256
8256
8257
8257
8258
8258
8259
8259
8260
8260
8261
8261
8262
8262
8263
8263
8264
8264
8265
8265
8266
8266
8267
8267
8268
8268
8269
8269
8270
8270
8271
8271
8272
8272
8273
8273
8274
8274
8275
8275
8276
8276
8277
8277
8278
8278
8279
8279
8280
8280
8281
8281
8282
8282
8283
8283
8284
8284
8285
8285
8286
8286
8287
8287
8288
8288
8289
8289
8290
8290
8291
8291
8292
8292
8293
8293
8294
8294
8295
8295
8296
8296
8297
8297
8298
8298
8299
8299
8300
8300
8301
8301
8302
8302
8303
8303
8304
8304
8305
8305
8306
8306
8307
8307
8308
8308
8309
8309
8310
8310
8311
8311
8312
8312
8313
8313
8314
8314
8315
8315
8316
8316
8317
8317
8318
8318
8319
8319
8320
8320
8321
8321
8322
8322
8323
8323
8324
8324
8325
8325
8326
8326
8327
8327
8328
8328
8329
8329
8330
8330
8331
8331
8332
8332
8333
8333
8334
8334
8335
8335
8336
8336
8337
8337
8338
8338
8339
8339
8340
8340
8341
8341
8342
8342
8343
8343
8344
8344
8345
8345
8346
8346
8347
8347
8348
8348
8349
8349
8350
8350
8351
8351
8352
8352
8353
8353
8354
8354
8355
8355
8356
8356
8357
8357
8358
8358
8359
8360
8360
8360
8361
8361
8362
8362
8363
8363
8364
8364
8365
8365
8366
8366
8367
8367
8368
8368
8369
8369
8370
8370
8371
8371
8372
8372
8373
8373
8374
8374
8375
8375
8376
8376
8377
8377
8378
8378
8379
8379
8380
8380
8381
8381
8382
8382
8383
8383
8384
8384
8385
8385
8386
8386
8387
8387
8388
8388
8389
8389
8390
8390
8391
8391
8392
8392
8393
8393
8394
8394
8395
8395
8396
8396
8397
8397
8398
8398
8399
8399
8400
8400
8401
8401
8402
8402
8403
8403
8404
8404
8405
8405
8406
8406
8407
8407
8408
8408
8409
8409
8410
8410
8411
8411
8412
8412
8413
8413
8414
8414
8415
8415
8416
8416
8417
8417
8418
8418
8419
8419
8420
8420
8421
8421
8422
8422
8423
8423
8424
8424
8425
8425
8426
8426
8427
8427
8428
8428
8429
8429
8430
8430
8431
8431
8432
8432
8433
8433
8434
8434
8435
8435
8436
8436
8437
8437
8438
8438
8439
8439
8440
8440
8441
8441
8442
8442
8443
8443
8444
8444
8445
8445
8446
8446
8447
8447
8448
8448
8449
8449
8450
8450
8451
8451
8452
8452
8453
8453
8454
8454
8455
8455
8456
8456
8457
8457
8458
8458
8459
8459
8460
8460
8461
8461
8462
8462
8463
8463
8464
8464
8465
8465
8466
8466
8467
8467
8468
8468
8469
8469
8470
8470
8471
8471
8472
8472
8473
8473
8474
8474
8475
8475
8476
8476
8477
8477
8478
8478
8479
8479
8480
8480
8481
8481
8482
8482
8483
8483
8484
8484
8485
8485
8486
8486
8487
8487
8488
8488
8489
8489
8490
8490
8491
8491
8492
8492
8493
8493
8494
8494
8495
8495
8496
8496
8497
8497
8498
8498
8499
8499
8500
8500
8501
8501
8502
8502
8503
8503
8504
8504
8505
8505
8506
8506
8507
8507
8508
8508
8509
8509
8510
8510
8511
8511
8512
8512
8513
8513
8514
8514
8515
8515
8516
8516
8517
8517
8518
8518
8519
8519
8520
8520
8521
8521
8522
8522
8523
8523
8524
8524
8525
8525
8526
8526
8527
8527
8528
8528
8529
8529
8530
8530
8531
8531
8532
8532
8533
8533
8534
8534
8535
8535
8536
8536
8537
8537
8538
8538
8539
8539
8540
8540
8541
8541
8542
8542
8543
8543
8544
8544
8545
8545
8546
8546
8547
8547
8548
8548
8549
8549
8550
8550
8551
8551
8552
8552
8553
8553
8554
8554
8555
8555
8556
8556
8557
8557
8558
8558
8559
8559
8560
8560
8561
8561
8562
8562
8563
8563
8564
8564
8565
8565
8566
8566
8567
8567
8568
8568
8569
8569
8570
8570
8571
8571
8572
8572
8573
8573
8574
8574
8575
8575
8576
8576
8577
8577
8578
8578
8579
8580
8580
8580
8581
8581
8582
8582
8583
8583
8584
8584
8585
8585
8586
8586
8587
8587
8588
8588
8589
8589
8590
8590
8591
8591
8592
8592
8593
8593
8594
8594
8595
8595
8596
8596
8597
8597
8598
8598
8599
8599
8600
8600
8601
8601
8602
8602
8603
8603
8604
8604
8605
8605
8606
8606
8607
8607
8608
8608
8609
8609
8610
8610
8611
8611
8612
8612
8613
8613
8614
8614
8615
8615
8616
8616
8617
8617
8618
8618
8619
8619
8620
8620
8621
8621
8622
8622
8623
8623
8624
8624
8625
8625
8626
8626
8627
8627
8628
8628
8629
8629
8630
8630
8631
8631
8632
8632
8633
8633
8634
8634
8635
8635
8636
8636
8637
8637
8638
8638
8639
8639
8640
8640
8641
8641
8642
8642
8643
8643
8644
8644
8645
8645
8646
8646
8647
8647
8648
8648
8649
8649
8650
8650
8651
8651
8652
8652
8653
8653
8654
8654
8655
8655
8656
8656
8657
8657
8658
8658
8659
8659
8660
8660
8661
8661
8662
8662
8663
8663
8664
8664
8665
8665
8666
8666
8667
8667
8668
8668
8669
8669
8670
8670
8671
8671
8672
8672
8673
8673
8674
8674
8675
8675
8676
8676
8677
8677
8678
8678
8679
8679
8680
8680
8681
8681
8682
8682
8683
8683
8684
8684
8685
8685
8686
8686
8687
8687
8688
8688
8689
8689
8690
8690
8691
8691
8692
8692
8693
8693
8694
8694
8695
8695
8696
8696
8697
8697
8698
8698
8699
8699
8700
8700
8701
8701
8702
8702
8703
8703
8704
8704
8705
8705
8706
8706
8707
8707
8708
8708
8709
8709
8710
8710
8711
8711
8712
8712
8713
8713
8714
8714
8715
8715
8716
8716
8717
8717
8718
8718
8719
8719
8720
8720
8721
8721
8722
8722
8723
8723
8724
8724
8725
8725
8726
8726
8727
8727
8728
8728
8729
8729
8730
8730
8731
8731
8732
8732
8733
8733
8734
8734
8735
8735
8736
8736
8737
8737
8738
8738
8739
8739
8740
8740
8741
8741
8742
8742
8743
8743
8744
8744
8745
8745
8746
8746
8747
8747
8748
8748
8749
8749
8750
8750
8751
8751
8752
8752
8753
8753
8754
8754
8755
8755
8756
8756
8757
8757
8758
8758
8759
8759
8760
8760
8761
8761
8762
8762
8763
8763
8764
8764
8765
8765
8766
8766
8767
8767
8768
8768
8769
8769
8770
8770
8771
8771
8772
8772
8773
8773
8774
8774
8775
8775
8776
8776
8777
8777
8778
8778
8779
8779
8780
8780
8781
8781
8782
8782
8783
8783
8784
8784
8785
8785
8786
8786
8787
8787
8788
8788
8789
8789
8790
8790
8791
8791
8792
8792
8793
8793
8794
8794
8795
8795
8796
8796
8797
8797
8798
8798
8799
8800
8800
8800
8801
8801
8802
8802
8803
8803
8804
8804
8805
8805
8806
8806
8807
8807
8808
8808
8809
8809
8810
8810
8811
8811
8812
8812
8813
8813
8814
8814
8815
8815
8816
8816
8817
8817
8818
8818
8819
8819
8820
8820
8821
8821
8822
8822
8823
8823
8824
8824
8825
8825
8826
8826
8827
8827
8828
8828
8829
8829
8830
8830
8831
8831
8832
8832
8833
8833
8834
8834
8835
8835
8836
8836
8837
8837
8838
8838
8839
8839
8840
8840
8841
8841
8842
8842
8843
8843
8844
8844
8845
8845
8846
8846
8847
8847
8848
8848
8849
8849
8850
8850
8851
8851
8852
8852
8853
8853
8854
8854
8855
8855
8856
8856
8857
8857
8858
8858
8859
8859
8860
8860
8861
8861
8862
8862
8863
8863
8864
8864
8865
8865
8866
8866
8867
8867
8868
8868
8869
8869
8870
8870
8871
8871
8872
8872
8873
8873
8874
8874
8875
8875
8876
8876
8877
8877
8878
8878
8879
8879
8880
8880
8881
8881
8882
8882
8883
8883
8884
8884
8885
8885
8886
8886
8887
8887
8888
8888
8889
8889
8890
8890
8891
8891
8892
8892
8893
8893
8894
8894
8895
8895
8896
8896
8897
8897
8898
8898
8899
8899
8900
8900
8901
8901
8902
8902
8903
8903
8904
8904
8905
8905
8906
8906
8907
8907
8908
8908
8909
8909
8910
8910
8911
8911
8912
8912
8913
8913
8914
8914
8915
8915
8916
8916
8917
8917
8918
8918
8919
8919
8920
8920
8921
8921
8922
8922
8923
8923
8924
8924
8925
8925
8926
8926
8927
8927
8928
8928
8929
8929
8930
8930
8931
8931
8932
8932
8933
8933
8934
8934
8935
8935
8936
8936
8937
8937
8938
8938
8939
8939
8940
8940
8941
8941
8942
8942
8943
8943
8944
8944
8945
8945
8946
8946
8947
8947
8948
8948
8949
8949
8950
8950
8951
8951
8952
8952
8953
8953
8954
8954
8955
8955
8956
8956
8957
8957
8958
8958
8959
8959
8960
8960
8961
8961
8962
8962
8963
8963
8964
8964
8965
8965
8966
8966
8967
8967
8968
8968
8969
8969
8970
8970
8971
8971
8972
8972
8973
8973
8974
8974
8975
8975
8976
8976
8977
8977
8978
8978
8979
8979
8980
8980
8981
8981
8982
8982
8983
8983
8984
8984
8985
8985
8986
8986
8987
8987
8988
8988
8989
8989
8990
8990
8991
8991
8992
8992
8993
8993
8994
8994
8995
8995
8996
8996
8997
8997
8998
8998
8999
8999
9000
9000
9001
9001
9002
9002
9003
9003
9004
9004
9005
9005
9006
9006
9007
9007
9008
9008
9009
9009
9010
9010
9011
9011
9012
9012
9013
9013
9014
9014
9015
9015
9016
9016
9017
9017
9018
9018
9019
9020
9020
9020
9021
9021
9022
9022
9023
9023
9024
9024
9025
9025
9026
9026
9027
9027
9028
9028
9029
9029
9030
9030
9031
9031
9032
9032
9033
9033
9034
9034
9035
9035
9036
9036
9037
9037
9038
9038
9039
9039
9040
9040
9041
9041
9042
9042
9043
9043
9044
9044
9045
9045
9046
9046
9047
9047
9048
9048
9049
9049
9050
9050
9051
9051
9052
9052
9053
9053
9054
9054
9055
9055
9056
9056
9057
9057
9058
9058
9059
9059
9060
9060
9061
9061
9062
9062
9063
9063
9064
9064
9065
9065
9066
9066
9067
9067
9068
9068
9069
9069
9070
9070
9071
9071
9072
9072
9073
9073
9074
9074
9075
9075
9076
9076
9077
9077
9078
9078
9079
9079
9080
9080
9081
9081
9082
9082
9083
9083
9084
9084
9085
9085
9086
9086
9087
9087
9088
9088
9089
9089
9090
9090
9091
9091
9092
9092
9093
9093
9094
9094
9095
9095
9096
9096
9097
9097
9098
9098
9099
9099
9100
9100
9101
9101
9102
9102
9103
9103
9104
9104
9105
9105
9106
9106
9107
9107
9108
9108
9109
9109
9110
9110
9111
9111
9112
9112
9113
9113
9114
9114
9115
9115
9116
9116
9117
9117
9118
9118
9119
9119
9120
9120
9121
9121
9122
9122
9123
9123
9124
9124
9125
9125
9126
9126
9127
9127
9128
9128
9129
9129
9130
9130
9131
9131
9132
9132
9133
9133
9134
9134
9135
9135
9136
9136
9137
9137
9138
9138
9139
9139
9140
9140
9141
9141
9142
9142
9143
9143
9144
9144
9145
9145
9146
9146
9147
9147
9148
9148
9149
9149
9150
9150
9151
9151
9152
9152
9153
9153
9154
9154
9155
9155
9156
9156
9157
9157
9158
9158
9159
9159
9160
9160
9161
9161
9162
9162
9163
9163
9164
9164
9165
9165
9166
9166
9167
9167
9168
9168
9169
9169
9170
9170
9171
9171
9172
9172
9173
9173
9174
9174
9175
9175
9176
9176
9177
9177
9178
9178
9179
9179
9180
9180
9181
9181
9182
9182
9183
9183
9184
9184
9185
9185
9186
9186
9187
9187
9188
9188
9189
9189
9190
9190
9191
9191
9192
9192
9193
9193
9194
9194
9195
9195
9196
9196
9197
9197
9198
9198
9199
9199
9200
9200
9201
9201
9202
9202
9203
9203
9204
9204
9205
9205
9206
9206
9207
9207
9208
9208
9209
9209
9210
9210
9211
9211
9212
9212
9213
9213
9214
9214
9215
9215
9216
9216
9217
9217
9218
9218
9219
9219
9220
9220
9221
9221
9222
9222
9223
9223
9224
9224
9225
9225
9226
9226
9227
9227
9228
9228
9229
9229
9230
9230
9231
9231
9232
9232
9233
9233
9234
9234
9235
9235
9236
9236
9237
9237
9238
9238
9239
9240
9240
9240
9241
9241
9242
9242
9243
9243
9244
9244
9245
9245
9246
9246
9247
9247
9248
9248
9249
9249
9250
9250
9251
9251
9252
9252
9253
9253
9254
9254
9255
9255
9256
9256
9257
9257
9258
9258
9259
9259
9260
9260
9261
9261
9262
9262
9263
9263
9264
9264
9265
9265
9266
9266
9267
9267
9268
9268
9269
9269
9270
9270
9271
9271
9272
9272
9273
9273
9274
9274
9275
9275
9276
9276
9277
9277
9278
9278
9279
9279
9280
9280
9281
9281
9282
9282
9283
9283
9284
9284
9285
9285
9286
9286
9287
9287
9288
9288
9289
9289
9290
9290
9291
9291
9292
9292
9293
9293
9294
9294
9295
9295
9296
9296
9297
9297
9298
9298
9299
9299
9300
9300
9301
9301
9302
9302
9303
9303
9304
9304
9305
9305
9306
9306
9307
9307
9308
9308
9309
9309
9310
9310
9311
9311
9312
9312
9313
9313
9314
9314
9315
9315
9316
9316
9317
9317
9318
9318
9319
9319
9320
9320
9321
9321
9322
9322
9323
9323
9324
9324
9325
9325
9326
9326
9327
9327
9328
9328
9329
9329
9330
9330
9331
9331
9332
9332
9333
9333
9334
9334
9335
9335
9336
9336
9337
9337
9338
9338
9339
9339
9340
9340
9341
9341
9342
9342
9343
9343
9344
9344
9345
9345
9346
9346
9347
9347
9348
9348
9349
9349
9350
9350
9351
9351
9352
9352
9353
9353
9354
9354
9355
9355
9356
9356
9357
9357
9358
9358
9359
9359
9360
9360
9361
9361
9362
9362
9363
9363
9364
9364
9365
9365
9366
9366
9367
9367
9368
9368
9369
9369
9370
9370
9371
9371
9372
9372
9373
9373
9374
9374
9375
9375
9376
9376
9377
9377
9378
9378
9379
9379
9380
9380
9381
9381
9382
9382
9383
9383
9384
9384
9385
9385
9386
9386
9387
9387
9388
9388
9389
9389
9390
9390
9391
9391
9392
9392
9393
9393
9394
9394
9395
9395
9396
9396
9397
9397
9398
9398
9399
9399
9400
9400
9401
9401
9402
9402
9403
9403
9404
9404
9405
9405
9406
9406
9407
9407
9408
9408
9409
9409
9410
9410
9411
9411
9412
9412
9413
9413
9414
9414
9415
9415
9416
9416
9417
9417
9418
9418
9419
9419
9420
9420
9421
9421
9422
9422
9423
9423
9424
9424
9425
9425
9426
9426
9427
9427
9428
9428
9429
9429
9430
9430
9431
9431
9432
9432
9433
9433
9434
9434
9435
9435
9436
9436
9437
9437
9438
9438
9439
9439
9440
9440
9441
9441
9442
9442
9443
9443
9444
9444
9445
9445
9446
9446
9447
9447
9448
9448
9449
9449
9450
9450
9451
9451
9452
9452
9453
9453
9454
9454
9455
9455
9456
9456
9457
9457
9458
9458
9459
9460
9460
9460
9461
9461
9462
9462
9463
9463
9464
9464
9465
9465
9466
9466
9467
9467
9468
9468
9469
9469
9470
9470
9471
9471
9472
9472
9473
9473
9474
9474
9475
9475
9476
9476
9477
9477
9478
9478
9479
9479
9480
9480
9481
9481
9482
9482
9483
9483
9484
9484
9485
9485
9486
9486
9487
9487
9488
9488
9489
9489
9490
9490
9491
9491
9492
9492
9493
9493
9494
9494
9495
9495
9496
9496
9497
9497
9498
9498
9499
9499
9500
9500
9501
9501
9502
9502
9503
9503
9504
9504
9505
9505
9506
9506
9507
9507
9508
9508
9509
9509
9510
9510
9511
9511
9512
9512
9513
9513
9514
9514
9515
9515
9516
9516
9517
9517
9518
9518
9519
9519
9520
9520
9521
9521
9522
9522
9523
9523
9524
9524
9525
9525
9526
9526
9527
9527
9528
9528
9529
9529
9530
9530
9531
9531
9532
9532
9533
9533
9534
9534
9535
9535
9536
9536
9537
9537
9538
9538
9539
9539
9540
9540
9541
9541
9542
9542
9543
9543
9544
9544
9545
9545
9546
9546
9547
9547
9548
9548
9549
9549
9550
9550
9551
9551
9552
9552
9553
9553
9554
9554
9555
9555
9556
9556
9557
9557
9558
9558
9559
9559
9560
9560
9561
9561
9562
9562
9563
9563
9564
9564
9565
9565
9566
9566
9567
9567
9568
9568
9569
9569
9570
9570
9571
9571
9572
9572
9573
9573
9574
9574
9575
9575
9576
9576
9577
9577
9578
9578
9579
9579
9580
9580
9581
9581
9582
9582
9583
9583
9584
9584
9585
9585
9586
9586
9587
9587
9588
9588
9589
9589
9590
9590
9591
9591
9592
9592
9593
9593
9594
9594
9595
9595
9596
9596
9597
9597
9598
9598
9599
9599
9600
9600
9601
9601
9602
9602
9603
9603
9604
9604
9605
9605
9606
9606
9607
9607
9608
9608
9609
9609
9610
9610
9611
9611
9612
9612
9613
9613
9614
9614
9615
9615
9616
9616
9617
9617
9618
9618
9619
9619
9620
9620
9621
9621
9622
9622
9623
9623
9624
9624
9625
9625
9626
9626
9627
9627
9628
9628
9629
9629
9630
9630
9631
9631
9632
9632
9633
9633
9634
9634
9635
9635
9636
9636
9637
9637
9638
9638
9639
9639
9640
9640
9641
9641
9642
9642
9643
9643
9644
9644
9645
9645
9646
9646
9647
9647
9648
9648
9649
9649
9650
9650
9651
9651
9652
9652
9653
9653
9654
9654
9655
9655
9656
9656
9657
9657
9658
9658
9659
9659
9660
9660
9661
9661
9662
9662
9663
9663
9664
9664
9665
9665
9666
9666
9667
9667
9668
9668
9669
9669
9670
9670
9671
9671
9672
9672
9673
9673
9674
9674
9675
9675
9676
9676
9677
9677
9678
9678
9679
9680
9680
9680
9681
9681
9682
9682
9683
9683
9684
9684
9685
9685
9686
9686
9687
9687
9688
9688
9689
9689
9690
9690
9691
9691
9692
9692
9693
9693
9694
9694
9695
9695
9696
9696
9697
9697
9698
9698
9699
9699
9700
9700
9701
9701
9702
9702
9703
9703
9704
9704
9705
9705
9706
9706
9707
9707
9708
9708
9709
9709
9710
9710
9711
9711
9712
9712
9713
9713
9714
9714
9715
9715
9716
9716
9717
9717
9718
9718
9719
9719
9720
9720
9721
9721
9722
9722
9723
9723
9724
9724
9725
9725
9726
9726
9727
9727
9728
9728
9729
9729
9730
9730
9731
9731
9732
9732
9733
9733
9734
9734
9735
9735
9736
9736
9737
9737
9738
9738
9739
9739
9740
9740
9741
9741
9742
9742
9743
9743
9744
9744
9745
9745
9746
9746
9747
9747
9748
9748
9749
9749
9750
9750
9751
9751
9752
9752
9753
9753
9754
9754
9755
9755
9756
9756
9757
9757
9758
9758
9759
9759
9760
9760
9761
9761
9762
9762
9763
9763
9764
9764
9765
9765
9766
9766
9767
9767
9768
9768
9769
9769
9770
9770
9771
9771
9772
9772
9773
9773
9774
9774
9775
9775
9776
9776
9777
9777
9778
9778
9779
9779
9780
9780
9781
9781
9782
9782
9783
9783
9784
9784
9785
9785
9786
9786
9787
9787
9788
9788
9789
9789
9790
9790
9791
9791
9792
9792
9793
9793
9794
9794
9795
9795
9796
9796
9797
9797
9798
9798
9799
9799
9800
9800
9801
9801
9802
9802
9803
9803
9804
9804
9805
9805
9806
9806
9807
9807
9808
9808
9809
9809
9810
9810
9811
9811
9812
9812
9813
9813
9814
9814
9815
9815
9816
9816
9817
9817
9818
9818
9819
9819
9820
9820
9821
9821
9822
9822
9823
9823
9824
9824
9825
9825
9826
9826
9827
9827
9828
9828
9829
9829
9830
9830
9831
9831
9832
9832
9833
9833
9834
9834
9835
9835
9836
9836
9837
9837
9838
9838
9839
9839
9840
9840
9841
9841
9842
9842
9843
9843
9844
9844
9845
9845
9846
9846
9847
9847
9848
9848
9849
9849
9850
9850
9851
9851
9852
9852
9853
9853
9854
9854
9855
9855
9856
9856
9857
9857
9858
9858
9859
9859
9860
9860
9861
9861
9862
9862
9863
9863
9864
9864
9865
9865
9866
9866
9867
9867
9868
9868
9869
9869
9870
9870
9871
9871
9872
9872
9873
9873
9874
9874
9875
9875
9876
9876
9877
9877
9878
9878
9879
9879
9880
9880
9881
9881
9882
9882
9883
9883
9884
9884
9885
9885
9886
9886
9887
9887
9888
9888
9889
9889
9890
9890
9891
9891
9892
9892
9893
9893
9894
9894
9895
9895
9896
9896
9897
9897
9898
9898
9899
9900
9900
9900
9901
9901
9902
9902
9903
9903
9904
9904
9905
9905
9906
9906
9907
9907
9908
9908
9909
9909
9910
9910
9911
9911
9912
9912
9913
9913
9914
9914
9915
9915
9916
9916
9917
9917
9918
9918
9919
9919
9920
9920
9921
9921
9922
9922
9923
9923
9924
9924
9925
9925
9926
9926
9927
9927
9928
9928
9929
9929
9930
9930
9931
9931
9932
9932
9933
9933
9934
9934
9935
9935
9936
9936
9937
9937
9938
9938
9939
9939
9940
9940
9941
9941
9942
9942
9943
9943
9944
9944
9945
9945
9946
9946
9947
9947
9948
9948
9949
9949
9950
9950
9951
9951
9952
9952
9953
9953
9954
9954
9955
9955
9956
9956
9957
9957
9958
9958
9959
9959
9960
9960
9961
9961
9962
9962
9963
9963
9964
9964
9965
9965
9966
9966
9967
9967
9968
9968
9969
9969
9970
9970
9971
9971
9972
9972
9973
9973
9974
9974
9975
9975
9976
9976
9977
9977
9978
9978
9979
9979
9980
9980
9981
9981
9982
9982
9983
9983
9984
9984
9985
9985
9986
9986
9987
9987
9988
9988
9989
9989
9990
9990
9991
9991
9992
9992
9993
9993
9994
9994
9995
9995
9996
9996
9997
9997
9998
9998
9999
9999
10000
10000
10001
10001
10002
10002
10003
10003
10004
10004
10005
10005
10006
10006
10007
10007
10008
10008
10009
10009
10010
10010
10011
10011
10012
10012
10013
10013
10014
10014
10015
10015
10016
10016
10017
10017
10018
10018
10019
10019
10020
10020
10021
10021
10022
10022
10023
10023
10024
10024
10025
10025
10026
10026
10027
10027
10028
10028
10029
10029
10030
10030
10031
10031
10032
10032
10033
10033
10034
10034
10035
10035
10036
10036
10037
10037
10038
10038
10039
10039
10040
10040
10041
10041
10042
10042
10043
10043
10044
10044
10045
10045
10046
10046
10047
10047
10048
10048
10049
10049
10050
10050
10051
10051
10052
10052
10053
10053
10054
10054
10055
10055
10056
10056
10057
10057
10058
10058
10059
10059
10060
10060
10061
10061
10062
10062
10063
10063
10064
10064
10065
10065
10066
10066
10067
10067
10068
10068
10069
10069
10070
10070
10071
10071
10072
10072
10073
10073
10074
10074
10075
10075
10076
10076
10077
10077
10078
10078
10079
10079
10080
10080
10081
10081
10082
10082
10083
10083
10084
10084
10085
10085
10086
10086
10087
10087
10088
10088
10089
10089
10090
10090
10091
10091
10092
10092
10093
10093
10094
10094
10095
10095
10096
10096
10097
10097
10098
10098
10099
10099
10100
10100
10101
10101
10102
10102
10103
10103
10104
10104
10105
10105
10106
10106
10107
10107
10108
10108
10109
10109
10110
10110
10111
10111
10112
10112
10113
10113
10114
10114
10115
10115
10116
10116
10117
10117
10118
10118
10119
10120
10120
10120
10121
10121
10122
10122
10123
10123
10124
10124
10125
10125
10126
10126
10127
10127
10128
10128
10129
10129
10130
10130
10131
10131
10132
10132
10133
10133
10134
10134
10135
10135
10136
10136
10137
10137
10138
10138
10139
10139
10140
10140
10141
10141
10142
10142
10143
10143
10144
10144
10145
10145
10146
10146
10147
10147
10148
10148
10149
10149
10150
10150
10151
10151
10152
10152
10153
10153
10154
10154
10155
10155
10156
10156
10157
10157
10158
10158
10159
10159
10160
10160
10161
10161
10162
10162
10163
10163
10164
10164
10165
10165
10166
10166
10167
10167
10168
10168
10169
10169
10170
10170
10171
10171
10172
10172
10173
10173
10174
10174
10175
10175
10176
10176
10177
10177
10178
10178
10179
10179
10180
10180
10181
10181
10182
10182
10183
10183
10184
10184
10185
10185
10186
10186
10187
10187
10188
10188
10189
10189
10190
10190
10191
10191
10192
10192
10193
10193
10194
10194
10195
10195
10196
10196
10197
10197
10198
10198
10199
10199
10200
10200
10201
10201
10202
10202
10203
10203
10204
10204
10205
10205
10206
10206
10207
10207
10208
10208
10209
10209
10210
10210
10211
10211
10212
10212
10213
10213
10214
10214
10215
10215
10216
10216
10217
10217
10218
10218
10219
10219
10220
10220
10221
10221
10222
10222
10223
10223
10224
10224
10225
10225
10226
10226
10227
10227
10228
10228
10229
10229
10230
10230
10231
10231
10232
10232
10233
10233
10234
10234
10235
10235
10236
10236
10237
10237
10238
10238
10239
10239
10240
10240
10241
10241
10242
10242
10243
10243
10244
10244
10245
10245
10246
10246
10247
10247
10248
10248
10249
10249
10250
10250
10251
10251
10252
10252
10253
10253
10254
10254
10255
10255
10256
10256
10257
10257
10258
10258
10259
10259
10260
10260
10261
10261
10262
10262
10263
10263
10264
10264
10265
10265
10266
10266
10267
10267
10268
10268
10269
10269
10270
10270
10271
10271
10272
10272
10273
10273
10274
10274
10275
10275
10276
10276
10277
10277
10278
10278
10279
10279
10280
10280
10281
10281
10282
10282
10283
10283
10284
10284
10285
10285
10286
10286
10287
10287
10288
10288
10289
10289
10290
10290
10291
10291
10292
10292
10293
10293
10294
10294
10295
10295
10296
10296
10297
10297
10298
10298
10299
10299
10300
10300
10301
10301
10302
10302
10303
10303
10304
10304
10305
10305
10306
10306
10307
10307
10308
10308
10309
10309
10310
10310
10311
10311
10312
10312
10313
10313
10314
10314
10315
10315
10316
10316
10317
10317
10318
10318
10319
10319
10320
10320
10321
10321
10322
10322
10323
10323
10324
10324
10325
10325
10326
10326
10327
10327
10328
10328
10329
10329
10330
10330
10331
10331
10332
10332
10333
10333
10334
10334
10335
10335
10336
10336
10337
10337
10338
10338
10339
10340
10340
10340
10341
10341
10342
10342
10343
10343
10344
10344
10345
10345
10346
10346
10347
10347
10348
10348
10349
10349
10350
10350
10351
10351
10352
10352
10353
10353
10354
10354
10355
10355
10356
10356
10357
10357
10358
10358
10359
10359
10360
10360
10361
10361
10362
10362
10363
10363
10364
10364
10365
10365
10366
10366
10367
10367
10368
10368
10369
10369
10370
10370
10371
10371
10372
10372
10373
10373
10374
10374
10375
10375
10376
10376
10377
10377
10378
10378
10379
10379
10380
10380
10381
10381
10382
10382
10383
10383
10384
10384
10385
10385
10386
10386
10387
10387
10388
10388
10389
10389
10390
10390
10391
10391
10392
10392
10393
10393
10394
10394
10395
10395
10396
10396
10397
10397
10398
10398
10399
10399
10400
10400
10401
10401
10402
10402
10403
10403
10404
10404
10405
10405
10406
10406
10407
10407
10408
10408
10409
10409
10410
10410
10411
10411
10412
10412
10413
10413
10414
10414
10415
10415
10416
10416
10417
10417
10418
10418
10419
10419
10420
10420
10421
10421
10422
10422
10423
10423
10424
10424
10425
10425
10426
10426
10427
10427
10428
10428
10429
10429
10430
10430
10431
10431
10432
10432
10433
10433
10434
10434
10435
10435
10436
10436
10437
10437
10438
10438
10439
10439
10440
10440
10441
10441
10442
10442
10443
10443
10444
10444
10445
10445
10446
10446
10447
10447
10448
10448
10449
10449
10450
10450
10451
10451
10452
10452
10453
10453
10454
10454
10455
10455
10456
10456
10457
10457
10458
10458
10459
10459
10460
10460
10461
10461
10462
10462
10463
10463
10464
10464
10465
10465
10466
10466
10467
10467
10468
10468
10469
10469
10470
10470
10471
10471
10472
10472
10473
10473
10474
10474
10475
10475
10476
10476
10477
10477
10478
10478
10479
10479
10480
10480
10481
10481
10482
10482
10483
10483
10484
10484
10485
10485
10486
10486
10487
10487
10488
10488
10489
10489
10490
10490
10491
10491
10492
10492
10493
10493
10494
10494
10495
10495
10496
10496
10497
10497
10498
10498
10499
10499
10500
10500
10501
10501
10502
10502
10503
10503
10504
10504
10505
10505
10506
10506
10507
10507
10508
10508
10509
10509
10510
10510
10511
10511
10512
10512
10513
10513
10514
10514
10515
10515
10516
10516
10517
10517
10518
10518
10519
10519
10520
10520
10521
10521
10522
10522
10523
10523
10524
10524
10525
10525
10526
10526
10527
10527
10528
10528
10529
10529
10530
10530
10531
10531
10532
10532
10533
10533
10534
10534
10535
10535
10536
10536
10537
10537
10538
10538
10539
10539
10540
10540
10541
10541
10542
10542
10543
10543
10544
10544
10545
10545
10546
10546
10547
10547
10548
10548
10549
10549
10550
10550
10551
10551
10552
10552
10553
10553
10554
10554
10555
10555
10556
10556
10557
10557
10558
10558
10559
10560
10560
10560
10561
10561
10562
10562
10563
10563
10564
10564
10565
10565
10566
10566
10567
10567
10568
10568
10569
10569
10570
10570
10571
10571
10572
10572
10573
10573
10574
10574
10575
10575
10576
10576
10577
10577
10578
10578
10579
10579
10580
10580
10581
10581
10582
10582
10583
10583
10584
10584
10585
10585
10586
10586
10587
10587
10588
10588
10589
10589
10590
10590
10591
10591
10592
10592
10593
10593
10594
10594
10595
10595
10596
10596
10597
10597
10598
10598
10599
10599
10600
10600
10601
10601
10602
10602
10603
10603
10604
10604
10605
10605
10606
10606
10607
10607
10608
10608
10609
10609
10610
10610
10611
10611
10612
10612
10613
10613
10614
10614
10615
10615
10616
10616
10617
10617
10618
10618
10619
10619
10620
10620
10621
10621
10622
10622
10623
10623
10624
10624
10625
10625
10626
10626
10627
10627
10628
10628
10629
10629
10630
10630
10631
10631
10632
10632
10633
10633
10634
10634
10635
10635
10636
10636
10637
10637
10638
10638
10639
10639
10640
10640
10641
10641
10642
10642
10643
10643
10644
10644
10645
10645
10646
10646
10647
10647
10648
10648
10649
10649
10650
10650
10651
10651
10652
10652
10653
10653
10654
10654
10655
10655
10656
10656
10657
10657
10658
10658
10659
10659
10660
10660
10661
10661
10662
10662
10663
10663
10664
10664
10665
10665
10666
10666
10667
10667
10668
10668
10669
10669
10670
10670
10671
10671
10672
10672
10673
10673
10674
10674
10675
10675
10676
10676
10677
10677
10678
10678
10679
10679
10680
10680
10681
10681
10682
10682
10683
10683
10684
10684
10685
10685
10686
10686
10687
10687
10688
10688
10689
10689
10690
10690
10691
10691
10692
10692
10693
10693
10694
10694
10695
10695
10696
10696
10697
10697
10698
10698
10699
10699
10700
10700
10701
10701
10702
10702
10703
10703
10704
10704
10705
10705
10706
10706
10707
10707
10708
10708
10709
10709
10710
10710
10711
10711
10712
10712
10713
10713
10714
10714
10715
10715
10716
10716
10717
10717
10718
10718
10719
10719
10720
10720
10721
10721
10722
10722
10723
10723
10724
10724
10725
10725
10726
10726
10727
10727
10728
10728
10729
10729
10730
10730
10731
10731
10732
10732
10733
10733
10734
10734
10735
10735
10736
10736
10737
10737
10738
10738
10739
10739
10740
10740
10741
10741
10742
10742
10743
10743
10744
10744
10745
10745
10746
10746
10747
10747
10748
10748
10749
10749
10750
10750
10751
10751
10752
10752
10753
10753
10754
10754
10755
10755
10756
10756
10757
10757
10758
10758
10759
10759
10760
10760
10761
10761
10762
10762
10763
10763
10764
10764
10765
10765
10766
10766
10767
10767
10768
10768
10769
10769
10770
10770
10771
10771
10772
10772
10773
10773
10774
10774
10775
10775
10776
10776
10777
10777
10778
10778
10779
10780
10780
10780
10781
10781
10782
10782
10783
10783
10784
10784
10785
10785
10786
10786
10787
10787
10788
10788
10789
10789
10790
10790
10791
10791
10792
10792
10793
10793
10794
10794
10795
10795
10796
10796
10797
10797
10798
10798
10799
10799
10800
10800
10801
10801
10802
10802
10803
10803
10804
10804
10805
10805
10806
10806
10807
10807
10808
10808
10809
10809
10810
10810
10811
10811
10812
10812
10813
10813
10814
10814
10815
10815
10816
10816
10817
10817
10818
10818
10819
10819
10820
10820
10821
10821
10822
10822
10823
10823
10824
10824
10825
10825
10826
10826
10827
10827
10828
10828
10829
10829
10830
10830
10831
10831
10832
10832
10833
10833
10834
10834
10835
10835
10836
10836
10837
10837
10838
10838
10839
10839
10840
10840
10841
10841
10842
10842
10843
10843
10844
10844
10845
10845
10846
10846
10847
10847
10848
10848
10849
10849
10850
10850
10851
10851
10852
10852
10853
10853
10854
10854
10855
10855
10856
10856
10857
10857
10858
10858
10859
10859
10860
10860
10861
10861
10862
10862
10863
10863
10864
10864
10865
10865
10866
10866
10867
10867
10868
10868
10869
10869
10870
10870
10871
10871
10872
10872
10873
10873
10874
10874
10875
10875
10876
10876
10877
10877
10878
10878
10879
10879
10880
10880
10881
10881
10882
10882
10883
10883
10884
10884
10885
10885
10886
10886
10887
10887
10888
10888
10889
10889
10890
10890
10891
10891
10892
10892
10893
10893
10894
10894
10895
10895
10896
10896
10897
10897
10898
10898
10899
10899
10900
10900
10901
10901
10902
10902
10903
10903
10904
10904
10905
10905
10906
10906
10907
10907
10908
10908
10909
10909
10910
10910
10911
10911
10912
10912
10913
10913
10914
10914
10915
10915
10916
10916
10917
10917
10918
10918
10919
10919
10920
10920
10921
10921
10922
10922
10923
10923
10924
10924
10925
10925
10926
10926
10927
10927
10928
10928
10929
10929
10930
10930
10931
10931
10932
10932
10933
10933
10934
10934
10935
10935
10936
10936
10937
10937
10938
10938
10939
10939
10940
10940
10941
10941
10942
10942
10943
10943
10944
10944
10945
10945
10946
10946
10947
10947
10948
10948
10949
10949
10950
10950
10951
10951
10952
10952
10953
10953
10954
10954
10955
10955
10956
10956
10957
10957
10958
10958
10959
10959
10960
10960
10961
10961
10962
10962
10963
10963
10964
10964
10965
10965
10966
10966
10967
10967
10968
10968
10969
10969
10970
10970
10971
10971
10972
10972
10973
10973
10974
10974
10975
10975
10976
10976
10977
10977
10978
10978
10979
10979
10980
10980
10981
10981
10982
10982
10983
10983
10984
10984
10985
10985
10986
10986
10987
10987
10988
10988
10989
10989
10990
10990
10991
10991
10992
10992
10993
10993
10994
10994
10995
10995
10996
10996
10997
10997
10998
10998
10999
11000
11000
11000
11001
11001
11002
11002
11003
11003
11004
11004
11005
11005
11006
11006
11007
11007
11008
11008
11009
11009
11010
11010
11011
11011
11012
11012
11013
11013
11014
11014
11015
11015
11016
11016
11017
11017
11018
11018
11019
11019
11020
11020
11021
11021
11022
11022
11023
11023
11024
11024
11025
11025
11026
11026
11027
11027
11028
11028
11029
11029
11030
11030
11031
11031
11032
11032
11033
11033
11034
11034
11035
11035
11036
11036
11037
11037
11038
11038
11039
11039
11040
11040
11041
11041
11042
11042
11043
11043
11044
11044
11045
11045
11046
11046
11047
11047
11048
11048
11049
11049
11050
11050
11051
11051
11052
11052
11053
11053
11054
11054
11055
11055
11056
11056
11057
11057
11058
11058
11059
11059
11060
11060
11061
11061
11062
11062
11063
11063
11064
11064
11065
11065
11066
11066
11067
11067
11068
11068
11069
11069
11070
11070
11071
11071
11072
11072
11073
11073
11074
11074
11075
11075
11076
11076
11077
11077
11078
11078
11079
11079
11080
11080
11081
11081
11082
11082
11083
11083
11084
11084
11085
11085
11086
11086
11087
11087
11088
11088
11089
11089
11090
11090
11091
11091
11092
11092
11093
11093
11094
11094
11095
11095
11096
11096
11097
11097
11098
11098
11099
11099
11100
11100
11101
11101
11102
11102
11103
11103
11104
11104
11105
11105
11106
11106
11107
11107
11108
11108
11109
11109
11110
11110
11111
11111
11112
11112
11113
11113
11114
11114
11115
11115
11116
11116
11117
11117
11118
11118
11119
11119
11120
11120
11121
11121
11122
11122
11123
11123
11124
11124
11125
11125
11126
11126
11127
11127
11128
11128
11129
11129
11130
11130
11131
11131
11132
11132
11133
11133
11134
11134
11135
11135
11136
11136
11137
11137
11138
11138
11139
11139
11140
11140
11141
11141
11142
11142
11143
11143
11144
11144
11145
11145
11146
11146
11147
11147
11148
11148
11149
11149
11150
11150
11151
11151
11152
11152
11153
11153
11154
11154
11155
11155
11156
11156
11157
11157
11158
11158
11159
11159
11160
11160
11161
11161
11162
11162
11163
11163
11164
11164
11165
11165
11166
11166
11167
11167
11168
11168
11169
11169
11170
11170
11171
11171
11172
11172
11173
11173
11174
11174
11175
11175
11176
11176
11177
11177
11178
11178
11179
11179
11180
11180
11181
11181
11182
11182
11183
11183
11184
11184
11185
11185
11186
11186
11187
11187
11188
11188
11189
11189
11190
11190
11191
11191
11192
11192
11193
11193
11194
11194
11195
11195
11196
11196
11197
11197
11198
11198
11199
11199
11200
11200
11201
11201
11202
11202
11203
11203
11204
11204
11205
11205
11206
11206
11207
11207
11208
11208
11209
11209
11210
11210
11211
11211
11212
11212
11213
11213
11214
11214
11215
11215
11216
11216
11217
11217
11218
11218
11219
11220
11220
11220
11221
11221
11222
11222
11223
11223
11224
11224
11225
11225
11226
11226
11227
11227
11228
11228
11229
11229
11230
11230
11231
11231
11232
11232
11233
11233
11234
11234
11235
11235
11236
11236
11237
11237
11238
11238
11239
11239
11240
11240
11241
11241
11242
11242
11243
11243
11244
11244
11245
11245
11246
11246
11247
11247
11248
11248
11249
11249
11250
11250
11251
11251
11252
11252
11253
11253
11254
11254
11255
11255
11256
11256
11257
11257
11258
11258
11259
11259
11260
11260
11261
11261
11262
11262
11263
11263
11264
11264
11265
11265
11266
11266
11267
11267
11268
11268
11269
11269
11270
11270
11271
11271
11272
11272
11273
11273
11274
11274
11275
11275
11276
11276
11277
11277
11278
11278
11279
11279
11280
11280
11281
11281
11282
11282
11283
11283
11284
11284
11285
11285
11286
11286
11287
11287
11288
11288
11289
11289
11290
11290
11291
11291
11292
11292
11293
11293
11294
11294
11295
11295
11296
11296
11297
11297
11298
11298
11299
11299
11300
11300
11301
11301
11302
11302
11303
11303
11304
11304
11305
11305
11306
11306
11307
11307
11308
11308
11309
11309
11310
11310
11311
11311
11312
11312
11313
11313
11314
11314
11315
11315
11316
11316
11317
11317
11318
11318
11319
11319
11320
11320
11321
11321
11322
11322
11323
11323
11324
11324
11325
11325
11326
11326
11327
11327
11328
11328
11329
11329
11330
11330
11331
11331
11332
11332
11333
11333
11334
11334
11335
11335
11336
11336
11337
11337
11338
11338
11339
11339
11340
11340
11341
11341
11342
11342
11343
11343
11344
11344
11345
11345
11346
11346
11347
11347
11348
11348
11349
11349
11350
11350
11351
11351
11352
11352
11353
11353
11354
11354
11355
11355
11356
11356
11357
11357
11358
11358
11359
11359
11360
11360
11361
11361
11362
11362
11363
11363
11364
11364
11365
11365
11366
11366
11367
11367
11368
11368
11369
11369
11370
11370
11371
11371
11372
11372
11373
11373
11374
11374
11375
11375
11376
11376
11377
11377
11378
11378
11379
11379
11380
11380
11381
11381
11382
11382
11383
11383
11384
11384
11385
11385
11386
11386
11387
11387
11388
11388
11389
11389
11390
11390
11391
11391
11392
11392
11393
11393
11394
11394
11395
11395
11396
11396
11397
11397
11398
11398
11399
11399
11400
11400
11401
11401
11402
11402
11403
11403
11404
11404
11405
11405
11406
11406
11407
11407
11408
11408
11409
11409
11410
11410
11411
11411
11412
11412
11413
11413
11414
11414
11415
11415
11416
11416
11417
11417
11418
11418
11419
11419
11420
11420
11421
11421
11422
11422
11423
11423
11424
11424
11425
11425
11426
11426
11427
11427
11428
11428
11429
11429
11430
11430
11431
11431
11432
11432
11433
11433
11434
11434
11435
11435
11436
11436
11437
11437
11438
11438
11439
11440
11440
11440
11441
11441
11442
11442
11443
11443
11444
11444
11445
11445
11446
11446
11447
11447
11448
11448
11449
11449
11450
11450
11451
11451
11452
11452
11453
11453
11454
11454
11455
11455
11456
11456
11457
11457
11458
11458
11459
11459
11460
11460
11461
11461
11462
11462
11463
11463
11464
11464
11465
11465
11466
11466
11467
11467
11468
11468
11469
11469
11470
11470
11471
11471
11472
11472
11473
11473
11474
11474
11475
11475
11476
11476
11477
11477
11478
11478
11479
11479
11480
11480
11481
11481
11482
11482
11483
11483
11484
11484
11485
11485
11486
11486
11487
11487
11488
11488
11489
11489
11490
11490
11491
11491
11492
11492
11493
11493
11494
11494
11495
11495
11496
11496
11497
11497
11498
11498
11499
11499
11500
11500
11501
11501
11502
11502
11503
11503
11504
11504
11505
11505
11506
11506
11507
11507
11508
11508
11509
11509
11510
11510
11511
11511
11512
11512
11513
11513
11514
11514
11515
11515
11516
11516
11517
11517
11518
11518
11519
11519
11520
11520
11521
11521
11522
11522
11523
11523
11524
11524
11525
11525
11526
11526
11527
11527
11528
11528
11529
11529
11530
11530
11531
11531
11532
11532
11533
11533
11534
11534
11535
11535
11536
11536
11537
11537
11538
11538
11539
11539
11540
11540
11541
11541
11542
11542
11543
11543
11544
11544
11545
11545
11546
11546
11547
11547
11548
11548
11549
11549
11550
11550
11551
11551
11552
11552
11553
11553
11554
11554
11555
11555
11556
11556
11557
11557
11558
11558
11559
11559
11560
11560
11561
11561
11562
11562
11563
11563
11564
11564
11565
11565
11566
11566
11567
11567
11568
11568
11569
11569
11570
11570
11571
11571
11572
11572
11573
11573
11574
11574
11575
11575
11576
11576
11577
11577
11578
11578
11579
11579
11580
11580
11581
11581
11582
11582
11583
11583
11584
11584
11585
11585
11586
11586
11587
11587
11588
11588
11589
11589
11590
11590
11591
11591
11592
11592
11593
11593
11594
11594
11595
11595
11596
11596
11597
11597
11598
11598
11599
11599
11600
11600
11601
11601
11602
11602
11603
11603
11604
11604
11605
11605
11606
11606
11607
11607
11608
11608
11609
11609
11610
11610
11611
11611
11612
11612
11613
11613
11614
11614
11615
11615
11616
11616
11617
11617
11618
11618
11619
11619
11620
11620
11621
11621
11622
11622
11623
11623
11624
11624
11625
11625
11626
11626
11627
11627
11628
11628
11629
11629
11630
11630
11631
11631
11632
11632
11633
11633
11634
11634
11635
11635
11636
11636
11637
11637
11638
11638
11639
11639
11640
11640
11641
11641
11642
11642
11643
11643
11644
11644
11645
11645
11646
11646
11647
11647
11648
11648
11649
11649
11650
11650
11651
11651
11652
11652
11653
11653
11654
11654
11655
11655
11656
11656
11657
11657
11658
11658
11659
11660
11660
11660
11661
11661
11662
11662
11663
11663
11664
11664
11665
11665
11666
11666
11667
11667
11668
11668
11669
11669
11670
11670
11671
11671
11672
11672
11673
11673
11674
11674
11675
11675
11676
11676
11677
11677
11678
11678
11679
11679
11680
11680
11681
11681
11682
11682
11683
11683
11684
11684
11685
11685
11686
11686
11687
11687
11688
11688
11689
11689
11690
11690
11691
11691
11692
11692
11693
11693
11694
11694
11695
11695
11696
11696
11697
11697
11698
11698
11699
11699
11700
11700
11701
11701
11702
11702
11703
11703
11704
11704
11705
11705
11706
11706
11707
11707
11708
11708
11709
11709
11710
11710
11711
11711
11712
11712
11713
11713
11714
11714
11715
11715
11716
11716
11717
11717
11718
11718
11719
11719
11720
11720
11721
11721
11722
11722
11723
11723
11724
11724
11725
11725
11726
11726
11727
11727
11728
11728
11729
11729
11730
11730
11731
11731
11732
11732
11733
11733
11734
11734
11735
11735
11736
11736
11737
11737
11738
11738
11739
11739
11740
11740
11741
11741
11742
11742
11743
11743
11744
11744
11745
11745
11746
11746
11747
11747
11748
11748
11749
11749
11750
11750
11751
11751
11752
11752
11753
11753
11754
11754
11755
11755
11756
11756
11757
11757
11758
11758
11759
11759
11760
11760
11761
11761
11762
11762
11763
11763
11764
11764
11765
11765
11766
11766
11767
11767
11768
11768
11769
11769
11770
11770
11771
11771
11772
11772
11773
11773
11774
11774
11775
11775
11776
11776
11777
11777
11778
11778
11779
11779
11780
11780
11781
11781
11782
11782
11783
11783
11784
11784
11785
11785
11786
11786
11787
11787
11788
11788
11789
11789
11790
11790
11791
11791
11792
11792
11793
11793
11794
11794
11795
11795
11796
11796
11797
11797
11798
11798
11799
11799
11800
11800
11801
11801
11802
11802
11803
11803
11804
11804
11805
11805
11806
11806
11807
11807
11808
11808
11809
11809
11810
11810
11811
11811
11812
11812
11813
11813
11814
11814
11815
11815
11816
11816
11817
11817
11818
11818
11819
11819
11820
11820
11821
11821
11822
11822
11823
11823
11824
11824
11825
11825
11826
11826
11827
11827
11828
11828
11829
11829
11830
11830
11831
11831
11832
11832
11833
11833
11834
11834
11835
11835
11836
11836
11837
11837
11838
11838
11839
11839
11840
11840
11841
11841
11842
11842
11843
11843
11844
11844
11845
11845
11846
11846
11847
11847
11848
11848
11849
11849
11850
11850
11851
11851
11852
11852
11853
11853
11854
11854
11855
11855
11856
11856
11857
11857
11858
11858
11859
11859
11860
11860
11861
11861
11862
11862
11863
11863
11864
11864
11865
11865
11866
11866
11867
11867
11868
11868
11869
11869
11870
11870
11871
11871
11872
11872
11873
11873
11874
11874
11875
11875
11876
11876
11877
11877
11878
11878
11879
11880
11880
11880
11881
11881
11882
11882
11883
11883
11884
11884
11885
11885
11886
11886
11887
11887
11888
11888
11889
11889
11890
11890
11891
11891
11892
11892
11893
11893
11894
11894
11895
11895
11896
11896
11897
11897
11898
11898
11899
11899
11900
11900
11901
11901
11902
11902
11903
11903
11904
11904
11905
11905
11906
11906
11907
11907
11908
11908
11909
11909
11910
11910
11911
11911
11912
11912
11913
11913
11914
11914
11915
11915
11916
11916
11917
11917
11918
11918
11919
11919
11920
11920
11921
11921
11922
11922
11923
11923
11924
11924
11925
11925
11926
11926
11927
11927
11928
11928
11929
11929
11930
11930
11931
11931
11932
11932
11933
11933
11934
11934
11935
11935
11936
11936
11937
11937
11938
11938
11939
11939
11940
11940
11941
11941
11942
11942
11943
11943
11944
11944
11945
11945
11946
11946
11947
11947
11948
11948
11949
11949
11950
11950
11951
11951
11952
11952
11953
11953
11954
11954
11955
11955
11956
11956
11957
11957
11958
11958
11959
11959
11960
11960
11961
11961
11962
11962
11963
11963
11964
11964
11965
11965
11966
11966
11967
11967
11968
11968
11969
11969
11970
11970
11971
11971
11972
11972
11973
11973
11974
11974
11975
11975
11976
11976
11977
11977
11978
11978
11979
11979
11980
11980
11981
11981
11982
11982
11983
11983
11984
11984
11985
11985
11986
11986
11987
11987
11988
11988
11989
11989
11990
11990
11991
11991
11992
11992
11993
11993
11994
11994
11995
11995
11996
11996
11997
11997
11998
11998
11999
11999
12000
12000
12001
12001
12002
12002
12003
12003
12004
12004
12005
12005
12006
12006
12007
12007
12008
12008
12009
12009
12010
12010
12011
12011
12012
12012
12013
12013
12014
12014
12015
12015
12016
12016
12017
12017
12018
12018
12019
12019
12020
12020
12021
12021
12022
12022
12023
12023
12024
12024
12025
12025
12026
12026
12027
12027
12028
12028
12029
12029
12030
12030
12031
12031
12032
12032
12033
12033
12034
12034
12035
12035
12036
12036
12037
12037
12038
12038
12039
12039
12040
12040
12041
12041
12042
12042
12043
12043
12044
12044
12045
12045
12046
12046
12047
12047
12048
12048
12049
12049
12050
12050
12051
12051
12052
12052
12053
12053
12054
12054
12055
12055
12056
12056
12057
12057
12058
12058
12059
12059
12060
12060
12061
12061
12062
12062
12063
12063
12064
12064
12065
12065
12066
12066
12067
12067
12068
12068
12069
12069
12070
12070
12071
12071
12072
12072
12073
12073
12074
12074
12075
12075
12076
12076
12077
12077
12078
12078
12079
12079
12080
12080
12081
12081
12082
12082
12083
12083
12084
12084
12085
12085
12086
12086
12087
12087
12088
12088
12089
12089
12090
12090
12091
12091
12092
12092
12093
12093
12094
12094
12095
12095
12096
12096
12097
12097
12098
12098
12099
12100
12100
12100
12101
12101
12102
12102
12103
12103
12104
12104
12105
12105
12106
12106
12107
12107
12108
12108
12109
12109
12110
12110
12111
12111
12112
12112
12113
12113
12114
12114
12115
12115
12116
12116
12117
12117
12118
12118
12119
12119
12120
12120
12121
12121
12122
12122
12123
12123
12124
12124
12125
12125
12126
12126
12127
12127
12128
12128
12129
12129
12130
12130
12131
12131
12132
12132
12133
12133
12134
12134
12135
12135
12136
12136
12137
12137
12138
12138
12139
12139
12140
12140
12141
12141
12142
12142
12143
12143
12144
12144
12145
12145
12146
12146
12147
12147
12148
12148
12149
12149
12150
12150
12151
12151
12152
12152
12153
12153
12154
12154
12155
12155
12156
12156
12157
12157
12158
12158
12159
12159
12160
12160
12161
12161
12162
12162
12163
12163
12164
12164
12165
12165
12166
12166
12167
12167
12168
12168
12169
12169
12170
12170
12171
12171
12172
12172
12173
12173
12174
12174
12175
12175
12176
12176
12177
12177
12178
12178
12179
12179
12180
12180
12181
12181
12182
12182
12183
12183
12184
12184
12185
12185
12186
12186
12187
12187
12188
12188
12189
12189
12190
12190
12191
12191
12192
12192
12193
12193
12194
12194
12195
12195
12196
12196
12197
12197
12198
12198
12199
12199
12200
12200
12201
12201
12202
12202
12203
12203
12204
12204
12205
12205
12206
12206
12207
12207
12208
12208
12209
12209
12210
12210
12211
12211
12212
12212
12213
12213
12214
12214
12215
12215
12216
12216
12217
12217
12218
12218
12219
12219
12220
12220
12221
12221
12222
12222
12223
12223
12224
12224
12225
12225
12226
12226
12227
12227
12228
12228
12229
12229
12230
12230
12231
12231
12232
12232
12233
12233
12234
12234
12235
12235
12236
12236
12237
12237
12238
12238
12239
12239
12240
12240
12241
12241
12242
12242
12243
12243
12244
12244
12245
12245
12246
12246
12247
12247
12248
12248
12249
12249
12250
12250
12251
12251
12252
12252
12253
12253
12254
12254
12255
12255
12256
12256
12257
12257
12258
12258
12259
12259
12260
12260
12261
12261
12262
12262
12263
12263
12264
12264
12265
12265
12266
12266
12267
12267
12268
12268
12269
12269
12270
12270
12271
12271
12272
12272
12273
12273
12274
12274
12275
12275
12276
12276
12277
12277
12278
12278
12279
12279
12280
12280
12281
12281
12282
12282
12283
12283
12284
12284
12285
12285
12286
12286
12287
12287
12288
12288
12289
12289
12290
12290
12291
12291
12292
12292
12293
12293
12294
12294
12295
12295
12296
12296
12297
12297
12298
12298
12299
12299
12300
12300
12301
12301
12302
12302
12303
12303
12304
12304
12305
12305
12306
12306
12307
12307
12308
12308
12309
12309
12310
12310
12311
12311
12312
12312
12313
12313
12314
12314
12315
12315
12316
12316
12317
12317
12318
12318
12319
12320
12320
12320
12321
12321
12322
12322
12323
12323
12324
12324
12325
12325
12326
12326
12327
12327
12328
12328
12329
12329
12330
12330
12331
12331
12332
12332
12333
12333
12334
12334
12335
12335
12336
12336
12337
12337
12338
12338
12339
12339
12340
12340
12341
12341
12342
12342
12343
12343
12344
12344
12345
12345
12346
12346
12347
12347
12348
12348
12349
12349
12350
12350
12351
12351
12352
12352
12353
12353
12354
12354
12355
12355
12356
12356
12357
12357
12358
12358
12359
12359
12360
12360
12361
12361
12362
12362
12363
12363
12364
12364
12365
12365
12366
12366
12367
12367
12368
12368
12369
12369
12370
12370
12371
12371
12372
12372
12373
12373
12374
12374
12375
12375
12376
12376
12377
12377
12378
12378
12379
12379
12380
12380
12381
12381
12382
12382
12383
12383
12384
12384
12385
12385
12386
12386
12387
12387
12388
12388
12389
12389
12390
12390
12391
12391
12392
12392
12393
12393
12394
12394
12395
12395
12396
12396
12397
12397
12398
12398
12399
12399
12400
12400
12401
12401
12402
12402
12403
12403
12404
12404
12405
12405
12406
12406
12407
12407
12408
12408
12409
12409
12410
12410
12411
12411
12412
12412
12413
12413
12414
12414
12415
12415
12416
12416
12417
12417
12418
12418
12419
12419
12420
12420
12421
12421
12422
12422
12423
12423
12424
12424
12425
12425
12426
12426
12427
12427
12428
12428
12429
12429
12430
12430
12431
12431
12432
12432
12433
12433
12434
12434
12435
12435
12436
12436
12437
12437
12438
12438
12439
12439
12440
12440
12441
12441
12442
12442
12443
12443
12444
12444
12445
12445
12446
12446
12447
12447
12448
12448
12449
12449
12450
12450
12451
12451
12452
12452
12453
12453
12454
12454
12455
12455
12456
12456
12457
12457
12458
12458
12459
12459
12460
12460
12461
12461
12462
12462
12463
12463
12464
12464
12465
12465
12466
12466
12467
12467
12468
12468
12469
12469
12470
12470
12471
12471
12472
12472
12473
12473
12474
12474
12475
12475
12476
12476
12477
12477
12478
12478
12479
12479
12480
12480
12481
12481
12482
12482
12483
12483
12484
12484
12485
12485
12486
12486
12487
12487
12488
12488
12489
12489
12490
12490
12491
12491
12492
12492
12493
12493
12494
12494
12495
12495
12496
12496
12497
12497
12498
12498
12499
12499
12500
12500
12501
12501
12502
12502
12503
12503
12504
12504
12505
12505
12506
12506
12507
12507
12508
12508
12509
12509
12510
12510
12511
12511
12512
12512
12513
12513
12514
12514
12515
12515
12516
12516
12517
12517
12518
12518
12519
12519
12520
12520
12521
12521
12522
12522
12523
12523
12524
12524
12525
12525
12526
12526
12527
12527
12528
12528
12529
12529
12530
12530
12531
12531
12532
12532
12533
12533
12534
12534
12535
12535
12536
12536
12537
12537
12538
12538
12539
12540
12540
12540
12541
12541
12542
12542
12543
12543
12544
12544
12545
12545
12546
12546
12547
12547
12548
12548
12549
12549
12550
12550
12551
12551
12552
12552
12553
12553
12554
12554
12555
12555
12556
12556
12557
12557
12558
12558
12559
12559
12560
12560
12561
12561
12562
12562
12563
12563
12564
12564
12565
12565
12566
12566
12567
12567
12568
12568
12569
12569
12570
12570
12571
12571
12572
12572
12573
12573
12574
12574
12575
12575
12576
12576
12577
12577
12578
12578
12579
12579
12580
12580
12581
12581
12582
12582
12583
12583
12584
12584
12585
12585
12586
12586
12587
12587
12588
12588
12589
12589
12590
12590
12591
12591
12592
12592
12593
12593
12594
12594
12595
12595
12596
12596
12597
12597
12598
12598
12599
12599
12600
12600
12601
12601
12602
12602
12603
12603
12604
12604
12605
12605
12606
12606
12607
12607
12608
12608
12609
12609
12610
12610
12611
12611
12612
12612
12613
12613
12614
12614
12615
12615
12616
12616
12617
12617
12618
12618
12619
12619
12620
12620
12621
12621
12622
12622
12623
12623
12624
12624
12625
12625
12626
12626
12627
12627
12628
12628
12629
12629
12630
12630
12631
12631
12632
12632
12633
12633
12634
12634
12635
12635
12636
12636
12637
12637
12638
12638
12639
12639
12640
12640
12641
12641
12642
12642
12643
12643
12644
12644
12645
12645
12646
12646
12647
12647
12648
12648
12649
12649
12650
12650
12651
12651
12652
12652
12653
12653
12654
12654
12655
12655
12656
12656
12657
12657
12658
12658
12659
12659
12660
12660
12661
12661
12662
12662
12663
12663
12664
12664
12665
12665
12666
12666
12667
12667
12668
12668
12669
12669
12670
12670
12671
12671
12672
12672
12673
12673
12674
12674
12675
12675
12676
12676
12677
12677
12678
12678
12679
12679
12680
12680
12681
12681
12682
12682
12683
12683
12684
12684
12685
12685
12686
12686
12687
12687
12688
12688
12689
12689
12690
12690
12691
12691
12692
12692
12693
12693
12694
12694
12695
12695
12696
12696
12697
12697
12698
12698
12699
12699
12700
12700
12701
12701
12702
12702
12703
12703
12704
12704
12705
12705
12706
12706
12707
12707
12708
12708
12709
12709
12710
12710
12711
12711
12712
12712
12713
12713
12714
12714
12715
12715
12716
12716
12717
12717
12718
12718
12719
12719
12720
12720
12721
12721
12722
12722
12723
12723
12724
12724
12725
12725
12726
12726
12727
12727
12728
12728
12729
12729
12730
12730
12731
12731
12732
12732
12733
12733
12734
12734
12735
12735
12736
12736
12737
12737
12738
12738
12739
12739
12740
12740
12741
12741
12742
12742
12743
12743
12744
12744
12745
12745
12746
12746
12747
12747
12748
12748
12749
12749
12750
12750
12751
12751
12752
12752
12753
12753
12754
12754
12755
12755
12756
12756
12757
12757
12758
12758
12759
12760
12760
12760
12761
12761
12762
12762
12763
12763
12764
12764
12765
12765
12766
12766
12767
12767
12768
12768
12769
12769
12770
12770
12771
12771
12772
12772
12773
12773
12774
12774
12775
12775
12776
12776
12777
12777
12778
12778
12779
12779
12780
12780
12781
12781
12782
12782
12783
12783
12784
12784
12785
12785
12786
12786
12787
12787
12788
12788
12789
12789
12790
12790
12791
12791
12792
12792
12793
12793
12794
12794
12795
12795
12796
12796
12797
12797
12798
12798
12799
12799
12800
12800
12801
12801
12802
12802
12803
12803
12804
12804
12805
12805
12806
12806
12807
12807
12808
12808
12809
12809
12810
12810
12811
12811
12812
12812
12813
12813
12814
12814
12815
12815
12816
12816
12817
12817
12818
12818
12819
12819
12820
12820
12821
12821
12822
12822
12823
12823
12824
12824
12825
12825
12826
12826
12827
12827
12828
12828
12829
12829
12830
12830
12831
12831
12832
12832
12833
12833
12834
12834
12835
12835
12836
12836
12837
12837
12838
12838
12839
12839
12840
12840
12841
12841
12842
12842
12843
12843
12844
12844
12845
12845
12846
12846
12847
12847
12848
12848
12849
12849
12850
12850
12851
12851
12852
12852
12853
12853
12854
12854
12855
12855
12856
12856
12857
12857
12858
12858
12859
12859
12860
12860
12861
12861
12862
12862
12863
12863
12864
12864
12865
12865
12866
12866
12867
12867
12868
12868
12869
12869
12870
12870
12871
12871
12872
12872
12873
12873
12874
12874
12875
12875
12876
12876
12877
12877
12878
12878
12879
12879
12880
12880
12881
12881
12882
12882
12883
12883
12884
12884
12885
12885
12886
12886
12887
12887
12888
12888
12889
12889
12890
12890
12891
12891
12892
12892
12893
12893
12894
12894
12895
12895
12896
12896
12897
12897
12898
12898
12899
12899
12900
12900
12901
12901
12902
12902
12903
12903
12904
12904
12905
12905
12906
12906
12907
12907
12908
12908
12909
12909
12910
12910
12911
12911
12912
12912
12913
12913
12914
12914
12915
12915
12916
12916
12917
12917
12918
12918
12919
12919
12920
12920
12921
12921
12922
12922
12923
12923
12924
12924
12925
12925
12926
12926
12927
12927
12928
12928
12929
12929
12930
12930
12931
12931
12932
12932
12933
12933
12934
12934
12935
12935
12936
12936
12937
12937
12938
12938
12939
12939
12940
12940
12941
12941
12942
12942
12943
12943
12944
12944
12945
12945
12946
12946
12947
12947
12948
12948
12949
12949
12950
12950
12951
12951
12952
12952
12953
12953
12954
12954
12955
12955
12956
12956
12957
12957
12958
12958
12959
12959
12960
12960
12961
12961
12962
12962
12963
12963
12964
12964
12965
12965
12966
12966
12967
12967
12968
12968
12969
12969
12970
12970
12971
12971
12972
12972
12973
12973
12974
12974
12975
12975
12976
12976
12977
12977
12978
12978
12979
12980
12980
12980
12981
12981
12982
12982
12983
12983
12984
12984
12985
12985
12986
12986
12987
12987
12988
12988
12989
12989
12990
12990
12991
12991
12992
12992
12993
12993
12994
12994
12995
12995
12996
12996
12997
12997
12998
12998
12999
12999
13000
13000
13001
13001
13002
13002
13003
13003
13004
13004
13005
13005
13006
13006
13007
13007
13008
13008
13009
13009
13010
13010
13011
13011
13012
13012
13013
13013
13014
13014
13015
13015
13016
13016
13017
13017
13018
13018
13019
13019
13020
13020
13021
13021
13022
13022
13023
13023
13024
13024
13025
13025
13026
13026
13027
13027
13028
13028
13029
13029
13030
13030
13031
13031
13032
13032
13033
13033
13034
13034
13035
13035
13036
13036
13037
13037
13038
13038
13039
13039
13040
13040
13041
13041
13042
13042
13043
13043
13044
13044
13045
13045
13046
13046
13047
13047
13048
13048
13049
13049
13050
13050
13051
13051
13052
13052
13053
13053
13054
13054
13055
13055
13056
13056
13057
13057
13058
13058
13059
13059
13060
13060
13061
13061
13062
13062
13063
13063
13064
13064
13065
13065
13066
13066
13067
13067
13068
13068
13069
13069
13070
13070
13071
13071
13072
13072
13073
13073
13074
13074
13075
13075
13076
13076
13077
13077
13078
13078
13079
13079
13080
13080
13081
13081
13082
13082
13083
13083
13084
13084
13085
13085
13086
13086
13087
13087
13088
13088
13089
13089
13090
13090
13091
13091
13092
13092
13093
13093
13094
13094
13095
13095
13096
13096
13097
13097
13098
13098
13099
13099
13100
13100
13101
13101
13102
13102
13103
13103
13104
13104
13105
13105
13106
13106
13107
13107
13108
13108
13109
13109
13110
13110
13111
13111
13112
13112
13113
13113
13114
13114
13115
13115
13116
13116
13117
13117
13118
13118
13119
13119
13120
13120
13121
13121
13122
13122
13123
13123
13124
13124
13125
13125
13126
13126
13127
13127
13128
13128
13129
13129
13130
13130
13131
13131
13132
13132
13133
13133
13134
13134
13135
13135
13136
13136
13137
13137
13138
13138
13139
13139
13140
13140
13141
13141
13142
13142
13143
13143
13144
13144
13145
13145
13146
13146
13147
13147
13148
13148
13149
13149
13150
13150
13151
13151
13152
13152
13153
13153
13154
13154
13155
13155
13156
13156
13157
13157
13158
13158
13159
13159
13160
13160
13161
13161
13162
13162
13163
13163
13164
13164
13165
13165
13166
13166
13167
13167
13168
13168
13169
13169
13170
13170
13171
13171
13172
13172
13173
13173
13174
13174
13175
13175
13176
13176
13177
13177
13178
13178
13179
13179
13180
13180
13181
13181
13182
13182
13183
13183
13184
13184
13185
13185
13186
13186
13187
13187
13188
13188
13189
13189
13190
13190
13191
13191
13192
13192
13193
13193
13194
13194
13195
13195
13196
13196
13197
13197
13198
13198
13199
13200
13200
13200
13201
13201
13202
13202
13203
13203
13204
13204
13205
13205
13206
13206
13207
13207
13208
13208
13209
13209
13210
13210
13211
13211
13212
13212
13213
13213
13214
13214
13215
13215
13216
13216
13217
13217
13218
13218
13219
13219
13220
13220
13221
13221
13222
13222
13223
13223
13224
13224
13225
13225
13226
13226
13227
13227
13228
13228
13229
13229
13230
13230
13231
13231
13232
13232
13233
13233
13234
13234
13235
13235
13236
13236
13237
13237
13238
13238
13239
13239
13240
13240
13241
13241
13242
13242
13243
13243
13244
13244
13245
13245
13246
13246
13247
13247
13248
13248
13249
13249
13250
13250
13251
13251
13252
13252
13253
13253
13254
13254
13255
13255
13256
13256
13257
13257
13258
13258
13259
13259
13260
13260
13261
13261
13262
13262
13263
13263
13264
13264
13265
13265
13266
13266
13267
13267
13268
13268
13269
13269
13270
13270
13271
13271
13272
13272
13273
13273
13274
13274
13275
13275
13276
13276
13277
13277
13278
13278
13279
13279
13280
13280
13281
13281
13282
13282
13283
13283
13284
13284
13285
13285
13286
13286
13287
13287
13288
13288
13289
13289
13290
13290
13291
13291
13292
13292
13293
13293
13294
13294
13295
13295
13296
13296
13297
13297
13298
13298
13299
13299
13300
13300
13301
13301
13302
13302
13303
13303
13304
13304
13305
13305
13306
13306
13307
13307
13308
13308
13309
13309
13310
13310
13311
13311
13312
13312
13313
13313
13314
13314
13315
13315
13316
13316
13317
13317
13318
13318
13319
13319
13320
13320
13321
13321
13322
13322
13323
13323
13324
13324
13325
13325
13326
13326
13327
13327
13328
13328
13329
13329
13330
13330
13331
13331
13332
13332
13333
13333
13334
13334
13335
13335
13336
13336
13337
13337
13338
13338
13339
13339
13340
13340
13341
13341
13342
13342
13343
13343
13344
13344
13345
13345
13346
13346
13347
13347
13348
13348
13349
13349
13350
13350
13351
13351
13352
13352
13353
13353
13354
13354
13355
13355
13356
13356
13357
13357
13358
13358
13359
13359
13360
13360
13361
13361
13362
13362
13363
13363
13364
13364
13365
13365
13366
13366
13367
13367
13368
13368
13369
13369
13370
13370
13371
13371
13372
13372
13373
13373
13374
13374
13375
13375
13376
13376
13377
13377
13378
13378
13379
13379
13380
13380
13381
13381
13382
13382
13383
13383
13384
13384
13385
13385
13386
13386
13387
13387
13388
13388
13389
13389
13390
13390
13391
13391
13392
13392
13393
13393
13394
13394
13395
13395
13396
13396
13397
13397
13398
13398
13399
13399
13400
13400
13401
13401
13402
13402
13403
13403
13404
13404
13405
13405
13406
13406
13407
13407
13408
13408
13409
13409
13410
13410
13411
13411
13412
13412
13413
13413
13414
13414
13415
13415
13416
13416
13417
13417
13418
13418
13419
13420
13420
13420
13421
13421
13422
13422
13423
13423
13424
13424
13425
13425
13426
13426
13427
13427
13428
13428
13429
13429
13430
13430
13431
13431
13432
13432
13433
13433
13434
13434
13435
13435
13436
13436
13437
13437
13438
13438
13439
13439
13440
13440
13441
13441
13442
13442
13443
13443
13444
13444
13445
13445
13446
13446
13447
13447
13448
13448
13449
13449
13450
13450
13451
13451
13452
13452
13453
13453
13454
13454
13455
13455
13456
13456
13457
13457
13458
13458
13459
13459
13460
13460
13461
13461
13462
13462
13463
13463
13464
13464
13465
13465
13466
13466
13467
13467
13468
13468
13469
13469
13470
13470
13471
13471
13472
13472
13473
13473
13474
13474
13475
13475
13476
13476
13477
13477
13478
13478
13479
13479
13480
13480
13481
13481
13482
13482
13483
13483
13484
13484
13485
13485
13486
13486
13487
13487
13488
13488
13489
13489
13490
13490
13491
13491
13492
13492
13493
13493
13494
13494
13495
13495
13496
13496
13497
13497
13498
13498
13499
13499
13500
13500
13501
13501
13502
13502
13503
13503
13504
13504
13505
13505
13506
13506
13507
13507
13508
13508
13509
13509
13510
13510
13511
13511
13512
13512
13513
13513
13514
13514
13515
13515
13516
13516
13517
13517
13518
13518
13519
13519
13520
13520
13521
13521
13522
13522
13523
13523
13524
13524
13525
13525
13526
13526
13527
13527
13528
13528
13529
13529
13530
13530
13531
13531
13532
13532
13533
13533
13534
13534
13535
13535
13536
13536
13537
13537
13538
13538
13539
13539
13540
13540
13541
13541
13542
13542
13543
13543
13544
13544
13545
13545
13546
13546
13547
13547
13548
13548
13549
13549
13550
13550
13551
13551
13552
13552
13553
13553
13554
13554
13555
13555
13556
13556
13557
13557
13558
13558
13559
13559
13560
13560
13561
13561
13562
13562
13563
13563
13564
13564
13565
13565
13566
13566
13567
13567
13568
13568
13569
13569
13570
13570
13571
13571
13572
13572
13573
13573
13574
13574
13575
13575
13576
13576
13577
13577
13578
13578
13579
13579
13580
13580
13581
13581
13582
13582
13583
13583
13584
13584
13585
13585
13586
13586
13587
13587
13588
13588
13589
13589
13590
13590
13591
13591
13592
13592
13593
13593
13594
13594
13595
13595
13596
13596
13597
13597
13598
13598
13599
13599
13600
13600
13601
13601
13602
13602
13603
13603
13604
13604
13605
13605
13606
13606
13607
13607
13608
13608
13609
13609
13610
13610
13611
13611
13612
13612
13613
13613
13614
13614
13615
13615
13616
13616
13617
13617
13618
13618
13619
13619
13620
13620
13621
13621
13622
13622
13623
13623
13624
13624
13625
13625
13626
13626
13627
13627
13628
13628
13629
13629
13630
13630
13631
13631
13632
13632
13633
13633
13634
13634
13635
13635
13636
13636
13637
13637
13638
13638
13639
13640
13640
13640
13641
13641
13642
13642
13643
13643
13644
13644
13645
13645
13646
13646
13647
13647
13648
13648
13649
13649
13650
13650
13651
13651
13652
13652
13653
13653
13654
13654
13655
13655
13656
13656
13657
13657
13658
13658
13659
13659
13660
13660
13661
13661
13662
13662
13663
13663
13664
13664
13665
13665
13666
13666
13667
13667
13668
13668
13669
13669
13670
13670
13671
13671
13672
13672
13673
13673
13674
13674
13675
13675
13676
13676
13677
13677
13678
13678
13679
13679
13680
13680
13681
13681
13682
13682
13683
13683
13684
13684
13685
13685
13686
13686
13687
13687
13688
13688
13689
13689
13690
13690
13691
13691
13692
13692
13693
13693
13694
13694
13695
13695
13696
13696
13697
13697
13698
13698
13699
13699
13700
13700
13701
13701
13702
13702
13703
13703
13704
13704
13705
13705
13706
13706
13707
13707
13708
13708
13709
13709
13710
13710
13711
13711
13712
13712
13713
13713
13714
13714
13715
13715
13716
13716
13717
13717
13718
13718
13719
13719
13720
13720
13721
13721
13722
13722
13723
13723
13724
13724
13725
13725
13726
13726
13727
13727
13728
13728
13729
13729
13730
13730
13731
13731
13732
13732
13733
13733
13734
13734
13735
13735
13736
13736
13737
13737
13738
13738
13739
13739
13740
13740
13741
13741
13742
13742
13743
13743
13744
13744
13745
13745
13746
13746
13747
13747
13748
13748
13749
13749
13750
13750
13751
13751
13752
13752
13753
13753
13754
13754
13755
13755
13756
13756
13757
13757
13758
13758
13759
13759
13760
13760
13761
13761
13762
13762
13763
13763
13764
13764
13765
13765
13766
13766
13767
13767
13768
13768
13769
13769
13770
13770
13771
13771
13772
13772
13773
13773
13774
13774
13775
13775
13776
13776
13777
13777
13778
13778
13779
13779
13780
13780
13781
13781
13782
13782
13783
13783
13784
13784
13785
13785
13786
13786
13787
13787
13788
13788
13789
13789
13790
13790
13791
13791
13792
13792
13793
13793
13794
13794
13795
13795
13796
13796
13797
13797
13798
13798
13799
13799
13800
13800
13801
13801
13802
13802
13803
13803
13804
13804
13805
13805
13806
13806
13807
13807
13808
13808
13809
13809
13810
13810
13811
13811
13812
13812
13813
13813
13814
13814
13815
13815
13816
13816
13817
13817
13818
13818
13819
13819
13820
13820
13821
13821
13822
13822
13823
13823
13824
13824
13825
13825
13826
13826
13827
13827
13828
13828
13829
13829
13830
13830
13831
13831
13832
13832
13833
13833
13834
13834
13835
13835
13836
13836
13837
13837
13838
13838
13839
13839
13840
13840
13841
13841
13842
13842
13843
13843
13844
13844
13845
13845
13846
13846
13847
13847
13848
13848
13849
13849
13850
13850
13851
13851
13852
13852
13853
13853
13854
13854
13855
13855
13856
13856
13857
13857
13858
13858
13859
13860
13860
13860
13861
13861
13862
13862
13863
13863
13864
13864
13865
13865
13866
13866
13867
13867
13868
13868
13869
13869
13870
13870
13871
13871
13872
13872
13873
13873
13874
13874
13875
13875
13876
13876
13877
13877
13878
13878
13879
13879
13880
13880
13881
13881
13882
13882
13883
13883
13884
13884
13885
13885
13886
13886
13887
13887
13888
13888
13889
13889
13890
13890
13891
13891
13892
13892
13893
13893
13894
13894
13895
13895
13896
13896
13897
13897
13898
13898
13899
13899
13900
13900
13901
13901
13902
13902
13903
13903
13904
13904
13905
13905
13906
13906
13907
13907
13908
13908
13909
13909
13910
13910
13911
13911
13912
13912
13913
13913
13914
13914
13915
13915
13916
13916
13917
13917
13918
13918
13919
13919
13920
13920
13921
13921
13922
13922
13923
13923
13924
13924
13925
13925
13926
13926
13927
13927
13928
13928
13929
13929
13930
13930
13931
13931
13932
13932
13933
13933
13934
13934
13935
13935
13936
13936
13937
13937
13938
13938
13939
13939
13940
13940
13941
13941
13942
13942
13943
13943
13944
13944
13945
13945
13946
13946
13947
13947
13948
13948
13949
13949
13950
13950
13951
13951
13952
13952
13953
13953
13954
13954
13955
13955
13956
13956
13957
13957
13958
13958
13959
13959
13960
13960
13961
13961
13962
13962
13963
13963
13964
13964
13965
13965
13966
13966
13967
13967
13968
13968
13969
13969
13970
13970
13971
13971
13972
13972
13973
13973
13974
13974
13975
13975
13976
13976
13977
13977
13978
13978
13979
13979
13980
13980
13981
13981
13982
13982
13983
13983
13984
13984
13985
13985
13986
13986
13987
13987
13988
13988
13989
13989
13990
13990
13991
13991
13992
13992
13993
13993
13994
13994
13995
13995
13996
13996
13997
13997
13998
13998
13999
13999
14000
14000
14001
14001
14002
14002
14003
14003
14004
14004
14005
14005
14006
14006
14007
14007
14008
14008
14009
14009
14010
14010
14011
14011
14012
14012
14013
14013
14014
14014
14015
14015
14016
14016
14017
14017
14018
14018
14019
14019
14020
14020
14021
14021
14022
14022
14023
14023
14024
14024
14025
14025
14026
14026
14027
14027
14028
14028
14029
14029
14030
14030
14031
14031
14032
14032
14033
14033
14034
14034
14035
14035
14036
14036
14037
14037
14038
14038
14039
14039
14040
14040
14041
14041
14042
14042
14043
14043
14044
14044
14045
14045
14046
14046
14047
14047
14048
14048
14049
14049
14050
14050
14051
14051
14052
14052
14053
14053
14054
14054
14055
14055
14056
14056
14057
14057
14058
14058
14059
14059
14060
14060
14061
14061
14062
14062
14063
14063
14064
14064
14065
14065
14066
14066
14067
14067
14068
14068
14069
14069
14070
14070
14071
14071
14072
14072
14073
14073
14074
14074
14075
14075
14076
14076
14077
14077
14078
14078
14079
14080
14080
14081
14082
14083
14084
14085
14086
14087
14088
14089
14090
14091
14092
14093
14094
14095
14096
14097
14098
14099
14100
14101
14102
14103
14104
14105
14106
14107
14108
14109
14110
14111
14112
14113
14114
14115
14116
14117
14118
14119
14120
14121
14122
14123
14124
14125
14126
14127
14128
14129
14130
14131
14132
14133
14134
14135
14136
14137
14138
14139
14140
14141
14142
14143
14144
14145
14146
14147
14148
14149
14150
14151
14152
14153
14154
14155
14156
14157
14158
14159
14160
14161
14162
14163
14164
14165
14166
14167
14168
14169
14170
14171
14172
14173
14174
14175
14176
14177
14178
14179
14180
14181
14182
14183
14184
14185
14186
14187
14188
14189
14190
14191
14192
14193
14194
14195
14196
14197
14198
14199
14200
14201
14202
14203
14204
14205
14206
14207
14208
14209
14210
14211
14212
14213
14214
14215
14216
14217
14218
14219
14220
14221
14222
14223
14224
14225
14226
14227
14228
14229
14230
14231
14232
14233
14234
14235
14236
14237
14238
14239
14240
14241
14242
14243
14244
14245
14246
14247
14248
14249
14250
14251
14252
14253
14254
14255
14256
14257
14258
14259
14260
14261
14262
14263
14264
14265
14266
14267
14268
14269
14270
14271
14272
14273
14274
14275
14276
14277
14278
14279
14280
14281
14282
14283
14284
14285
14286
14287
14288
14289
14290
14291
14292
14293
14294
14295
14296
14297
14298
14300
14300
14300
14300
14301
14301
14301
14302
14302
14302
14303
14303
14303
14304
14304
14304
14305
14305
14305
14306
14306
14306
14307
14307
14307
14308
14308
14308
14309
14309
14310
14310
14310
14311
14311
14312
14312
14313
14313
14314
14314
14315
14315
14316
14316
14317
14317
14318
14318
14319
14320
14320
14320
14321
14321
14322
14322
14323
14323
14324
14324
14325
14325
14326
14326
14327
14327
14328
14328
14329
14330
14330
14330
14331
14331
14332
14332
14333
14333
14334
14334
14335
14335
14336
14336
14337
14337
14338
14338
14339
14340
14340
14340
14341
14341
14342
14342
14343
14343
14344
14344
14345
14345
14346
14346
14347
14347
14348
14348
14349
14350
14350
14350
14351
14351
14352
14352
14353
14353
14354
14354
14355
14355
14356
14356
14357
14357
14358
14358
14359
14360
14360
14360
14361
14361
14362
14362
14363
14363
14364
14364
14365
14365
14366
14366
14367
14367
14368
14368
14369
14370
14370
14370
14371
14371
14372
14372
14373
14373
14374
14374
14375
14375
14376
14376
14377
14377
14378
14378
14379
14380
14380
14380
14381
14381
14382
14382
14383
14383
14384
14384
14385
14385
14386
14386
14387
14387
14388
14388
14389
14390
14390
14390
14391
14391
14392
14392
14393
14393
14394
14394
14395
14395
14396
14396
14397
14397
14398
14398
14399
14400
14400
14400
14401
14401
14402
14402
14403
14403
14404
14404
14405
14405
14406
14406
14407
14407
14408
14408
14409
14410
14410
14410
14411
14411
14412
14412
14413
14413
14414
14414
14415
14415
14416
14416
14417
14417
14418
14418
14419
14420
14420
14420
14421
14421
14422
14422
14423
14423
14424
14424
14425
14425
14426
14426
14427
14427
14428
14428
14429
14430
14430
14430
14431
14431
14432
14432
14433
14433
14434
14434
14435
14435
14436
14436
14437
14437
14438
14438
14439
14440
14440
14440
14441
14441
14442
14442
14443
14443
14444
14444
14445
14445
14446
14446
14447
14447
14448
14448
14449
14450
14450
14450
14451
14451
14452
14452
14453
14453
14454
14454
14455
14455
14456
14456
14457
14457
14458
14458
14459
14460
14460
14460
14461
14461
14462
14462
14463
14463
14464
14464
14465
14465
14466
14466
14467
14467
14468
14468
14469
14470
14470
14470
14471
14471
14472
14472
14473
14473
14474
14474
14475
14475
14476
14476
14477
14477
14478
14478
14479
14480
14480
14480
14481
14481
14482
14482
14483
14483
14484
14484
14485
14485
14486
14486
14487
14487
14488
14488
14489
14490
14490
14490
14491
14491
14492
14492
14493
14493
14494
14494
14495
14495
14496
14496
14497
14497
14498
14498
14499
14500
14500
14500
14501
14501
14502
14502
14503
14503
14504
14504
14505
14505
14506
14506
14507
14507
14508
14508
14509
14510
14510
14510
14511
14511
14512
14512
14513
14513
14514
14514
14515
14515
14516
14516
14517
14517
14518
14518
14519
14520
14520
14520
14521
14521
14522
14522
14523
14523
14524
14524
14525
14525
14526
14526
14527
14527
14528
14528
14529
14530
14530
14530
14531
14531
14532
14532
14533
14533
14534
14534
14535
14535
14536
14536
14537
14537
14538
14538
14539
14540
14540
14540
14541
14541
14542
14542
14543
14543
14544
14544
14545
14545
14546
14546
14547
14547
14548
14548
14549
14550
14550
14550
14551
14551
14552
14552
14553
14553
14554
14554
14555
14555
14556
14556
14557
14557
14558
14558
14559
14560
14560
14560
14561
14561
14562
14562
14563
14563
14564
14564
14565
14565
14566
14566
14567
14567
14568
14568
14569
14570
14570
14570
14571
14571
14572
14572
14573
14573
14574
14574
14575
14575
14576
14576
14577
14577
14578
14578
14579
14580
14580
14580
14581
14581
14582
14582
14583
14583
14584
14584
14585
14585
14586
14586
14587
14587
14588
14588
14589
14590
14590
14590
14591
14591
14592
14592
14593
14593
14594
14594
14595
14595
14596
14596
14597
14597
14598
14598
14599
14600
14600
14600
14601
14601
14602
14602
14603
14603
14604
14604
14605
14605
14606
14606
14607
14607
14608
14608
14609
14610
14610
14610
14611
14611
14612
14612
14613
14613
14614
14614
14615
14615
14616
14616
14617
14617
14618
14618
14619
14620
14620
14620
14621
14621
14622
14622
14623
14623
14624
14624
14625
14625
14626
14626
14627
14627
14628
14628
14629
14630
14630
14630
14631
14631
14632
14632
14633
14633
14634
14634
14635
14635
14636
14636
14637
14637
14638
14638
14639
14640
14640
14640
14641
14641
14642
14642
14643
14643
14644
14644
14645
14645
14646
14646
14647
14647
14648
14648
14649
14650
14650
14650
14651
14651
14652
14652
14653
14653
14654
14654
14655
14655
14656
14656
14657
14657
14658
14658
14659
14660
14660
14660
14661
14661
14662
14662
14663
14663
14664
14664
14665
14665
14666
14666
14667
14667
14668
14668
14669
14670
14670
14670
14671
14671
14672
14672
14673
14673
14674
14674
14675
14675
14676
14676
14677
14677
14678
14678
14679
14680
14680
14680
14681
14681
14682
14682
14683
14683
14684
14684
14685
14685
14686
14686
14687
14687
14688
14688
14689
14690
14690
14690
14691
14691
14692
14692
14693
14693
14694
14694
14695
14695
14696
14696
14697
14697
14698
14698
14699
14700
14700
14700
14701
14701
14702
14702
14703
14703
14704
14704
14705
14705
14706
14706
14707
14707
14708
14708
14709
14710
14710
14710
14711
14711
14712
14712
14713
14713
14714
14714
14715
14715
14716
14716
14717
14717
14718
14718
14719
14720
14720
14720
14721
14721
14722
14722
14723
14723
14724
14724
14725
14725
14726
14726
14727
14727
14728
14728
14729
14730
14730
14730
14731
14731
14732
14732
14733
14733
14734
14734
14735
14735
14736
14736
14737
14737
14738
14738
14739
14740
14740
14740
14741
14741
14742
14742
14743
14743
14744
14744
14745
14745
14746
14746
14747
14747
14748
14748
14749
14750
14750
14750
14751
14751
14752
14752
14753
14753
14754
14754
14755
14755
14756
14756
14757
14757
14758
14758
14759
14760
14760
14760
14761
14761
14762
14762
14763
14763
14764
14764
14765
14765
14766
14766
14767
14767
14768
14768
14769
14770
14770
14770
14771
14771
14772
14772
14773
14773
14774
14774
14775
14775
14776
14776
14777
14777
14778
14778
14779
14780
14780
14780
14781
14781
14782
14782
14783
14783
14784
14784
14785
14785
14786
14786
14787
14787
14788
14788
14789
14790
14790
14790
14791
14791
14792
14792
14793
14793
14794
14794
14795
14795
14796
14796
14797
14797
14798
14798
14799
14800
14800
14800
14801
14801
14802
14802
14803
14803
14804
14804
14805
14805
14806
14806
14807
14807
14808
14808
14809
14810
14810
14810
14811
14811
14812
14812
14813
14813
14814
14814
14815
14815
14816
14816
14817
14817
14818
14818
14819
14820
14820
14820
14821
14821
14822
14822
14823
14823
14824
14824
14825
14825
14826
14826
14827
14827
14828
14828
14829
14830
14830
14830
14831
14831
14832
14832
14833
14833
14834
14834
14835
14835
14836
14836
14837
14837
14838
14838
14839
14840
14840
14840
14841
14841
14842
14842
14843
14843
14844
14844
14845
14845
14846
14846
14847
14847
14848
14848
14849
14850
14850
14850
14851
14851
14852
14852
14853
14853
14854
14854
14855
14855
14856
14856
14857
14857
14858
14858
14859
14860
14860
14860
14861
14861
14862
14862
14863
14863
14864
14864
14865
14865
14866
14866
14867
14867
14868
14868
14869
14870
14870
14870
14871
14871
14872
14872
14873
14873
14874
14874
14875
14875
14876
14876
14877
14877
14878
14878
14879
14880
14880
14880
14881
14881
14882
14882
14883
14883
14884
14884
14885
14885
14886
14886
14887
14887
14888
14888
14889
14890
14890
14890
14891
14891
14892
14892
14893
14893
14894
14894
14895
14895
14896
14896
14897
14897
14898
14898
14899
14900
14900
14900
14901
14901
14902
14902
14903
14903
14904
14904
14905
14905
14906
14906
14907
14907
14908
14908
14909
14910
14910
14910
14911
14911
14912
14912
14913
14913
14914
14914
14915
14915
14916
14916
14917
14917
14918
14918
14919
14920
14920
14920
14921
14921
14922
14922
14923
14923
14924
14924
14925
14925
14926
14926
14927
14927
14928
14928
14929
14930
14930
14930
14931
14931
14932
14932
14933
14933
14934
14934
14935
14935
14936
14936
14937
14937
14938
14938
14939
14940
14940
14941
14942
14943
14944
14945
14946
14947
14948
14950
14950
14951
14951
14952
14952
14953
14953
14954
14954
14955
14955
14956
14956
14957
14957
14958
14958
14959
14959
14960
14960
14961
14961
14962
14962
14963
14963
14964
14964
14965
14965
14966
14966
14967
14967
14968
14968
14969
14969
14970
14970
14971
14971
14972
14972
14973
14973
14974
14974
14975
14975
14976
14976
14977
14977
14978
14978
14979
14979
14980
14980
14981
14981
14982
14982
14983
14983
14984
14984
14985
14985
14986
14986
14987
14987
14988
14988
14989
14989
14990
14990
14991
14991
14992
14992
14993
14993
14994
14995
14995
14996
14996
14997
14997
14998
14998
14999
14999
15000
15000
15001
15001
15002
15002
15003
15003
15004
15004
15005
15005
15006
15006
15007
15007
15008
15008
15009
15009
15010
15010
15011
15011
15012
15012
15013
15013
15014
15014
15015
15015
15016
15016
15017
15017
15018
15018
15019
15019
15020
15020
15021
15021
15022
15022
15023
15023
15024
15024
15025
15025
15026
15026
15027
15027
15028
15028
15029
15029
15030
15030
15031
15031
15032
15032
15033
15033
15034
15034
15035
15035
15036
15036
15037
15037
15038
15038
15039
15040
15040
15041
15041
15042
15042
15043
15043
15044
15044
15045
15045
15046
15046
15047
15047
15048
15048
15049
15049
15050
15050
15051
15051
15052
15052
15053
15053
15054
15054
15055
15055
15056
15056
15057
15057
15058
15058
15059
15059
15060
15060
15061
15061
15062
15062
15063
15063
15064
15064
15065
15065
15066
15066
15067
15067
15068
15068
15069
15069
15070
15070
15071
15071
15072
15072
15073
15073
15074
15074
15075
15075
15076
15076
15077
15077
15078
15078
15079
15079
15080
15080
15081
15081
15082
15082
15083
15083
15084
15085
15085
15086
15086
15087
15087
15088
15088
15089
15089
15090
15090
15091
15091
15092
15092
15093
15093
15094
15094
15095
15095
15096
15096
15097
15097
15098
15098
15099
15099
15100
15100
15101
15101
15102
15102
15103
15103
15104
15104
15105
15105
15106
15106
15107
15107
15108
15108
15109
15109
15110
15110
15111
15111
15112
15112
15113
15113
15114
15114
15115
15115
15116
15116
15117
15117
15118
15118
15119
15119
15120
15120
15121
15121
15122
15122
15123
15123
15124
15124
15125
15125
15126
15126
15127
15127
15128
15128
15129
15130
15130
15131
15131
15132
15132
15133
15133
15134
15134
15135
15135
15136
15136
15137
15137
15138
15138
15139
15139
15140
15140
15141
15141
15142
15142
15143
15143
15144
15144
15145
15145
15146
15146
15147
15147
15148
15148
15149
15149
15150
15150
15151
15151
15152
15152
15153
15153
15154
15154
15155
15155
15156
15156
15157
15157
15158
15158
15159
15159
15160
15160
15161
15161
15162
15162
15163
15163
15164
15164
15165
15165
15166
15166
15167
15167
15168
15168
15169
15169
15170
15170
15171
15171
15172
15172
15173
15173
15174
15175
15175
15176
15176
15177
15177
15178
15178
15179
15179
15180
15180
15181
15181
15182
15182
15183
15183
15184
15184
15185
15185
15186
15186
15187
15187
15188
15188
15189
15189
15190
15190
15191
15191
15192
15192
15193
15193
15194
15194
15195
15195
15196
15196
15197
15197
15198
15198
15199
15199
15200
15200
15201
15201
15202
15202
15203
15203
15204
15204
15205
15205
15206
15206
15207
15207
15208
15208
15209
15209
15210
15210
15211
15211
15212
15212
15213
15213
15214
15214
15215
15215
15216
15216
15217
15217
15218
15218
15219
15220
15220
15221
15221
15222
15222
15223
15223
15224
15224
15225
15225
15226
15226
15227
15227
15228
15228
15229
15229
15230
15230
15231
15231
15232
15232
15233
15233
15234
15234
15235
15235
15236
15236
15237
15237
15238
15238
15239
15239
15240
15240
15241
15241
15242
15242
15243
15243
15244
15244
15245
15245
15246
15246
15247
15247
15248
15248
15249
15249
15250
15250
15251
15251
15252
15252
15253
15253
15254
15254
15255
15255
15256
15256
15257
15257
15258
15258
15259
15259
15260
15260
15261
15261
15262
15262
15263
15263
15264
15265
15265
15266
15266
15267
15267
15268
15268
15269
15269
15270
15270
15271
15271
15272
15272
15273
15273
15274
15274
15275
15275
15276
15276
15277
15277
15278
15278
15279
15279
15280
15280
15281
15281
15282
15282
15283
15283
15284
15284
15285
15285
15286
15286
15287
15287
15288
15288
15289
15289
15290
15290
15291
15291
15292
15292
15293
15293
15294
15294
15295
15295
15296
15296
15297
15297
15298
15298
15299
15299
15300
15300
15301
15301
15302
15302
15303
15303
15304
15304
15305
15305
15306
15306
15307
15307
15308
15308
15309
15310
15310
15311
15311
15312
15312
15313
15313
15314
15314
15315
15315
15316
15316
15317
15317
15318
15318
15319
15319
15320
15320
15321
15321
15322
15322
15323
15323
15324
15324
15325
15325
15326
15326
15327
15327
15328
15328
15329
15329
15330
15330
15331
15331
15332
15332
15333
15333
15334
15334
15335
15335
15336
15336
15337
15337
15338
15338
15339
15339
15340
15340
15341
15341
15342
15342
15343
15343
15344
15344
15345
15345
15346
15346
15347
15347
15348
15348
15349
15349
15350
15350
15351
15351
15352
15352
15353
15353
15354
15355
15355
15356
15356
15357
15357
15358
15358
15359
15359
15360
15360
15361
15361
15362
15362
15363
15363
15364
15364
15365
15365
15366
15366
15367
15367
15368
15368
15369
15369
15370
15370
15371
15371
15372
15372
15373
15373
15374
15374
15375
15375
15376
15376
15377
15377
15378
15378
15379
15379
15380
15380
15381
15381
15382
15382
15383
15383
15384
15384
15385
15385
15386
15386
15387
15387
15388
15388
15389
15389
15390
15390
15391
15391
15392
15392
15393
15393
15394
15394
15395
15395
15396
15396
15397
15397
15398
15398
15399
15400
15400
15401
15401
15402
15402
15403
15403
15404
15404
15405
15405
15406
15406
15407
15407
15408
15408
15409
15409
15410
15410
15411
15411
15412
15412
15413
15413
15414
15414
15415
15415
15416
15416
15417
15417
15418
15418
15419
15419
15420
15420
15421
15421
15422
15422
15423
15423
15424
15424
15425
15425
15426
15426
15427
15427
15428
15428
15429
15429
15430
15430
15431
15431
15432
15432
15433
15433
15434
15434
15435
15435
15436
15436
15437
15437
15438
15438
15439
15439
15440
15440
15441
15441
15442
15442
15443
15443
15444
15445
15445
15446
15446
15447
15447
15448
15448
15449
15449
15450
15450
15451
15451
15452
15452
15453
15453
15454
15454
15455
15455
15456
15456
15457
15457
15458
15458
15459
15459
15460
15460
15461
15461
15462
15462
15463
15463
15464
15464
15465
15465
15466
15466
15467
15467
15468
15468
15469
15469
15470
15470
15471
15471
15472
15472
15473
15473
15474
15474
15475
15475
15476
15476
15477
15477
15478
15478
15479
15479
15480
15480
15481
15481
15482
15482
15483
15483
15484
15484
15485
15485
15486
15486
15487
15487
15488
15488
15489
15490
15490
15491
15491
15492
15492
15493
15493
15494
15494
15495
15495
15496
15496
15497
15497
15498
15498
15499
15499
15500
15500
15501
15501
15502
15502
15503
15503
15504
15504
15505
15505
15506
15506
15507
15507
15508
15508
15509
15509
15510
15510
15511
15511
15512
15512
15513
15513
15514
15514
15515
15515
15516
15516
15517
15517
15518
15518
15519
15519
15520
15520
15521
15521
15522
15522
15523
15523
15524
15524
15525
15525
15526
15526
15527
15527
15528
15528
15529
15529
15530
15530
15531
15531
15532
15532
15533
15533
15534
15535
15535
15536
15536
15537
15537
15538
15538
15539
15539
15540
15540
15541
15541
15542
15542
15543
15543
15544
15544
15545
15545
15546
15546
15547
15547
15548
15548
15549
15549
15550
15550
15551
15551
15552
15552
15553
15553
15554
15554
15555
15555
15556
15556
15557
15557
15558
15558
15559
15559
15560
15560
15561
15561
15562
15562
15563
15563
15564
15564
15565
15565
15566
15566
15567
15567
15568
15568
15569
15569
15570
15570
15571
15571
15572
15572
15573
15573
15574
15574
15575
15575
15576
15576
15577
15577
15578
15578
15579
15580
15580
15581
15581
15582
15582
15583
15583
15584
15584
15585
15585
15586
15586
15587
15587
15588
15588
15589
15589
15590
15590
15591
15591
15592
15592
15593
15593
15594
15594
15595
15595
15596
15596
15597
15597
15598
15598
15599
15599
15600
15600
15601
15601
15602
15602
15603
15603
15604
15604
15605
15605
15606
15606
15607
15607
15608
15608
15609
15609
15610
15610
15611
15611
15612
15612
15613
15613
15614
15614
15615
15615
15616
15616
15617
15617
15618
15618
15619
15619
15620
15620
15621
15621
15622
15622
15623
15623
15624
15625
15625
15626
15626
15627
15627
15628
15628
15629
15629
15630
15630
15631
15631
15632
15632
15633
15633
15634
15634
15635
15635
15636
15636
15637
15637
15638
15638
15639
15639
15640
15640
15641
15641
15642
15642
15643
15643
15644
15644
15645
15645
15646
15646
15647
15647
15648
15648
15649
15649
15650
15650
15651
15651
15652
15652
15653
15653
15654
15654
15655
15655
15656
15656
15657
15657
15658
15658
15659
15659
15660
15660
15661
15661
15662
15662
15663
15663
15664
15664
15665
15665
15666
15666
15667
15667
15668
15668
15669
15670
15670
15671
15671
15672
15672
15673
15673
15674
15674
15675
15675
15676
15676
15677
15677
15678
15678
15679
15679
15680
15680
15681
15681
15682
15682
15683
15683
15684
15684
15685
15685
15686
15686
15687
15687
15688
15688
15689
15689
15690
15690
15691
15691
15692
15692
15693
15693
15694
15694
15695
15695
15696
15696
15697
15697
15698
15698
15699
15699
15700
15700
15701
15701
15702
15702
15703
15703
15704
15704
15705
15705
15706
15706
15707
15707
15708
15708
15709
15709
15710
15710
15711
15711
15712
15712
15713
15713
15714
15715
15715
15716
15716
15717
15717
15718
15718
15719
15719
15720
15720
15721
15721
15722
15722
15723
15723
15724
15724
15725
15725
15726
15726
15727
15727
15728
15728
15729
15729
15730
15730
15731
15731
15732
15732
15733
15733
15734
15734
15735
15735
15736
15736
15737
15737
15738
15738
15739
15739
15740
15740
15741
15741
15742
15742
15743
15743
15744
15744
15745
15745
15746
15746
15747
15747
15748
15748
15749
15749
15750
15750
15751
15751
15752
15752
15753
15753
15754
15754
15755
15755
15756
15756
15757
15757
15758
15758
15759
15760
15760
15761
15761
15762
15762
15763
15763
15764
15764
15765
15765
15766
15766
15767
15767
15768
15768
15769
15769
15770
15770
15771
15771
15772
15772
15773
15773
15774
15774
15775
15775
15776
15776
15777
15777
15778
15778
15779
15779
15780
15780
15781
15781
15782
15782
15783
15783
15784
15784
15785
15785
15786
15786
15787
15787
15788
15788
15789
15789
15790
15790
15791
15791
15792
15792
15793
15793
15794
15794
15795
15795
15796
15796
15797
15797
15798
15798
15799
15799
15800
15800
15801
15801
15802
15802
15803
15803
15804
15805
15805
15806
15806
15807
15807
15808
15808
15809
15809
15810
15810
15811
15811
15812
15812
15813
15813
15814
15814
15815
15815
15816
15816
15817
15817
15818
15818
15819
15819
15820
15820
15821
15821
15822
15822
15823
15823
15824
15824
15825
15825
15826
15826
15827
15827
15828
15828
15829
15829
15830
15830
15831
15831
15832
15832
15833
15833
15834
15834
15835
15835
15836
15836
15837
15837
15838
15838
15839
15839
15840
15840
15841
15841
15842
15842
15843
15843
15844
15844
15845
15845
15846
15846
15847
15847
15848
15848
15849
15850
15850
15851
15851
15852
15852
15853
15853
15854
15854
15855
15855
15856
15856
15857
15857
15858
15858
15859
15859
15860
15860
15861
15861
15862
15862
15863
15863
15864
15864
15865
15865
15866
15866
15867
15867
15868
15868
15869
15869
15870
15870
15871
15871
15872
15872
15873
15873
15874
15874
15875
15875
15876
15876
15877
15877
15878
15878
15879
15879
15880
15880
15881
15881
15882
15882
15883
15883
15884
15884
15885
15885
15886
15886
15887
15887
15888
15888
15889
15889
15890
15890
15891
15891
15892
15892
15893
15893
15894
15895
15895
15896
15896
15897
15897
15898
15898
15899
15899
15900
15900
15901
15901
15902
15902
15903
15903
15904
15904
15905
15905
15906
15906
15907
15907
15908
15908
15909
15909
15910
15910
15911
15911
15912
15912
15913
15913
15914
15914
15915
15915
15916
15916
15917
15917
15918
15918
15919
15919
15920
15920
15921
15921
15922
15922
15923
15923
15924
15924
15925
15925
15926
15926
15927
15927
15928
15928
15929
15929
15930
15930
15931
15931
15932
15932
15933
15933
15934
15934
15935
15935
15936
15936
15937
15937
15938
15938
15939
15940
15940
15941
15941
15942
15942
15943
15943
15944
15944
15945
15945
15946
15946
15947
15947
15948
15948
15949
15949
15950
15950
15951
15951
15952
15952
15953
15953
15954
15954
15955
15955
15956
15956
15957
15957
15958
15958
15959
15959
15960
15960
15961
15961
15962
15962
15963
15963
15964
15964
15965
15965
15966
15966
15967
15967
15968
15968
15969
15969
15970
15970
15971
15971
15972
15972
15973
15973
15974
15974
15975
15975
15976
15976
15977
15977
15978
15978
15979
15979
15980
15980
15981
15981
15982
15982
15983
15983
15984
15985
15985
15986
15986
15987
15987
15988
15988
15989
15989
15990
15990
15991
15991
15992
15992
15993
15993
15994
15994
15995
15995
15996
15996
15997
15997
15998
15998
15999
15999
16000
16000
16001
16001
16002
16002
16003
16003
16004
16004
16005
16005
16006
16006
16007
16007
16008
16008
16009
16009
16010
16010
16011
16011
16012
16012
16013
16013
16014
16014
16015
16015
16016
16016
16017
16017
16018
16018
16019
16019
16020
16020
16021
16021
16022
16022
16023
16023
16024
16024
16025
16025
16026
16026
16027
16027
16028
16028
16029
16030
16030
16031
16031
16032
16032
16033
16033
16034
16034
16035
16035
16036
16036
16037
16037
16038
16038
16039
16039
16040
16040
16041
16041
16042
16042
16043
16043
16044
16044
16045
16045
16046
16046
16047
16047
16048
16048
16049
16049
16050
16050
16051
16051
16052
16052
16053
16053
16054
16054
16055
16055
16056
16056
16057
16057
16058
16058
16059
16059
16060
16060
16061
16061
16062
16062
16063
16063
16064
16064
16065
16065
16066
16066
16067
16067
16068
16068
16069
16069
16070
16070
16071
16071
16072
16072
16073
16073
16074
16075
16075
16076
16076
16077
16077
16078
16078
16079
16079
16080
16080
16081
16081
16082
16082
16083
16083
16084
16084
16085
16085
16086
16086
16087
16087
16088
16088
16089
16089
16090
16090
16091
16091
16092
16092
16093
16093
16094
16094
16095
16095
16096
16096
16097
16097
16098
16098
16099
16099
16100
16100
16101
16101
16102
16102
16103
16103
16104
16104
16105
16105
16106
16106
16107
16107
16108
16108
16109
16109
16110
16110
16111
16111
16112
16112
16113
16113
16114
16114
16115
16115
16116
16116
16117
16117
16118
16118
16119
16120
16120
16121
16121
16122
16122
16123
16123
16124
16124
16125
16125
16126
16126
16127
16127
16128
16128
16129
16129
16130
16130
16131
16131
16132
16132
16133
16133
16134
16134
16135
16135
16136
16136
16137
16137
16138
16138
16139
16139
16140
16140
16141
16141
16142
16142
16143
16143
16144
16144
16145
16145
16146
16146
16147
16147
16148
16148
16149
16149
16150
16150
16151
16151
16152
16152
16153
16153
16154
16154
16155
16155
16156
16156
16157
16157
16158
16158
16159
16159
16160
16160
16161
16161
16162
16162
16163
16163
16164
16165
16165
16166
16166
16167
16167
16168
16168
16169
16169
16170
16170
16171
16171
16172
16172
16173
16173
16174
16174
16175
16175
16176
16176
16177
16177
16178
16178
16179
16179
16180
16180
16181
16181
16182
16182
16183
16183
16184
16184
16185
16185
16186
16186
16187
16187
16188
16188
16189
16189
16190
16190
16191
16191
16192
16192
16193
16193
16194
16194
16195
16195
16196
16196
16197
16197
16198
16198
16199
16199
16200
16200
16201
16201
16202
16202
16203
16203
16204
16204
16205
16205
16206
16206
16207
16207
16208
16208
16209
16210
16210
16211
16211
16212
16212
16213
16213
16214
16214
16215
16215
16216
16216
16217
16217
16218
16218
16219
16219
16220
16220
16221
16221
16222
16222
16223
16223
16224
16224
16225
16225
16226
16226
16227
16227
16228
16228
16229
16229
16230
16230
16231
16231
16232
16232
16233
16233
16234
16234
16235
16235
16236
16236
16237
16237
16238
16238
16239
16239
16240
16240
16241
16241
16242
16242
16243
16243
16244
16244
16245
16245
16246
16246
16247
16247
16248
16248
16249
16249
16250
16250
16251
16251
16252
16252
16253
16253
16254
16255
16255
16256
16256
16257
16257
16258
16258
16259
16259
16260
16260
16261
16261
16262
16262
16263
16263
16264
16264
16265
16265
16266
16266
16267
16267
16268
16268
16269
16269
16270
16270
16271
16271
16272
16272
16273
16273
16274
16274
16275
16275
16276
16276
16277
16277
16278
16278
16279
16279
16280
16280
16281
16281
16282
16282
16283
16283
16284
16284
16285
16285
16286
16286
16287
16287
16288
16288
16289
16289
16290
16290
16291
16291
16292
16292
16293
16293
16294
16294
16295
16295
16296
16296
16297
16297
16298
16298
16299
16300
16300
16301
16301
16302
16302
16303
16303
16304
16304
16305
16305
16306
16306
16307
16307
16308
16308
16309
16309
16310
16310
16311
16311
16312
16312
16313
16313
16314
16314
16315
16315
16316
16316
16317
16317
16318
16318
16319
16319
16320
16320
16321
16321
16322
16322
16323
16323
16324
16324
16325
16325
16326
16326
16327
16327
16328
16328
16329
16329
16330
16330
16331
16331
16332
16332
16333
16333
16334
16334
16335
16335
16336
16336
16337
16337
16338
16338
16339
16339
16340
16340
16341
16341
16342
16342
16343
16343
16344
16345
16345
16346
16346
16347
16347
16348
16348
16349
16349
16350
16350
16351
16351
16352
16352
16353
16353
16354
16354
16355
16355
16356
16356
16357
16357
16358
16358
16359
16359
16360
16360
16361
16361
16362
16362
16363
16363
16364
16364
16365
16365
16366
16366
16367
16367
16368
16368
16369
16369
16370
16370
16371
16371
16372
16372
16373
16373
16374
16374
16375
16375
16376
16376
16377
16377
16378
16378
16379
16379
16380
16380
16381
16381
16382
16382
16383
16383
16384
16384
16385
16385
16386
16386
16387
16387
16388
16388
16389
16390
16390
16391
16391
16392
16392
16393
16393
16394
16394
16395
16395
16396
16396
16397
16397
16398
16398
16399
16399
16400
16400
16401
16401
16402
16402
16403
16403
16404
16404
16405
16405
16406
16406
16407
16407
16408
16408
16409
16409
16410
16410
16411
16411
16412
16412
16413
16413
16414
16414
16415
16415
16416
16416
16417
16417
16418
16418
16419
16419
16420
16420
16421
16421
16422
16422
16423
16423
16424
16424
16425
16425
16426
16426
16427
16427
16428
16428
16429
16429
16430
16430
16431
16431
16432
16432
16433
16433
16434
16435
16435
16436
16436
16437
16437
16438
16438
16439
16439
16440
16440
16441
16441
16442
16442
16443
16443
16444
16444
16445
16445
16446
16446
16447
16447
16448
16448
16449
16449
16450
16450
16451
16451
16452
16452
16453
16453
16454
16454
16455
16455
16456
16456
16457
16457
16458
16458
16459
16459
16460
16460
16461
16461
16462
16462
16463
16463
16464
16464
16465
16465
16466
16466
16467
16467
16468
16468
16469
16469
16470
16470
16471
16471
16472
16472
16473
16473
16474
16474
16475
16475
16476
16476
16477
16477
16478
16478
16479
16480
16480
16481
16481
16482
16482
16483
16483
16484
16484
16485
16485
16486
16486
16487
16487
16488
16488
16489
16489
16490
16490
16491
16491
16492
16492
16493
16493
16494
16494
16495
16495
16496
16496
16497
16497
16498
16498
16499
16499
16500
16500
16501
16501
16502
16502
16503
16503
16504
16504
16505
16505
16506
16506
16507
16507
16508
16508
16509
16509
16510
16510
16511
16511
16512
16512
16513
16513
16514
16514
16515
16515
16516
16516
16517
16517
16518
16518
16519
16519
16520
16520
16521
16521
16522
16522
16523
16523
16524
16525
16525
16526
16526
16527
16527
16528
16528
16529
16529
16530
16530
16531
16531
16532
16532
16533
16533
16534
16534
16535
16535
16536
16536
16537
16537
16538
16538
16539
16539
16540
16540
16541
16541
16542
16542
16543
16543
16544
16544
16545
16545
16546
16546
16547
16547
16548
16548
16549
16549
16550
16550
16551
16551
16552
16552
16553
16553
16554
16554
16555
16555
16556
16556
16557
16557
16558
16558
16559
16559
16560
16560
16561
16561
16562
16562
16563
16563
16564
16564
16565
16565
16566
16566
16567
16567
16568
16568
16569
16570
16570
16571
16571
16572
16572
16573
16573
16574
16574
16575
16575
16576
16576
16577
16577
16578
16578
16579
16579
16580
16580
16581
16581
16582
16582
16583
16583
16584
16584
16585
16585
16586
16586
16587
16587
16588
16588
16589
16589
16590
16590
16591
16591
16592
16592
16593
16593
16594
16594
16595
16595
16596
16596
16597
16597
16598
16598
16599
16599
16600
16600
16601
16601
16602
16602
16603
16603
16604
16604
16605
16605
16606
16606
16607
16607
16608
16608
16609
16609
16610
16610
16611
16611
16612
16612
16613
16613
16614
16615
16615
16616
16616
16617
16617
16618
16618
16619
16619
16620
16620
16621
16621
16622
16622
16623
16623
16624
16624
16625
16625
16626
16626
16627
16627
16628
16628
16629
16629
16630
16630
16631
16631
16632
16632
16633
16633
16634
16634
16635
16635
16636
16636
16637
16637
16638
16638
16639
16639
16640
16640
16641
16641
16642
16642
16643
16643
16644
16644
16645
16645
16646
16646
16647
16647
16648
16648
16649
16649
16650
16650
16651
16651
16652
16652
16653
16653
16654
16654
16655
16655
16656
16656
16657
16657
16658
16658
16659
16660
16660
16661
16661
16662
16662
16663
16663
16664
16664
16665
16665
16666
16666
16667
16667
16668
16668
16669
16669
16670
16670
16671
16671
16672
16672
16673
16673
16674
16674
16675
16675
16676
16676
16677
16677
16678
16678
16679
16679
16680
16680
16681
16681
16682
16682
16683
16683
16684
16684
16685
16685
16686
16686
16687
16687
16688
16688
16689
16689
16690
16690
16691
16691
16692
16692
16693
16693
16694
16694
16695
16695
16696
16696
16697
16697
16698
16698
16699
16699
16700
16700
16701
16701
16702
16702
16703
16703
16704
16705
16705
16706
16706
16707
16707
16708
16708
16709
16709
16710
16710
16711
16711
16712
16712
16713
16713
16714
16714
16715
16715
16716
16716
16717
16717
16718
16718
16719
16719
16720
16720
16721
16721
16722
16722
16723
16723
16724
16724
16725
16725
16726
16726
16727
16727
16728
16728
16729
16729
16730
16730
16731
16731
16732
16732
16733
16733
16734
16734
16735
16735
16736
16736
16737
16737
16738
16738
16739
16739
16740
16740
16741
16741
16742
16742
16743
16743
16744
16744
16745
16745
16746
16746
16747
16747
16748
16748
16749
16750
16750
16751
16751
16752
16752
16753
16753
16754
16754
16755
16755
16756
16756
16757
16757
16758
16758
16759
16759
16760
16760
16761
16761
16762
16762
16763
16763
16764
16764
16765
16765
16766
16766
16767
16767
16768
16768
16769
16769
16770
16770
16771
16771
16772
16772
16773
16773
16774
16774
16775
16775
16776
16776
16777
16777
16778
16778
16779
16779
16780
16780
16781
16781
16782
16782
16783
16783
16784
16784
16785
16785
16786
16786
16787
16787
16788
16788
16789
16789
16790
16790
16791
16791
16792
16792
16793
16793
16794
16795
16795
16796
16796
16797
16797
16798
16798
16799
16799
16800
16800
16801
16801
16802
16802
16803
16803
16804
16804
16805
16805
16806
16806
16807
16807
16808
16808
16809
16809
16810
16810
16811
16811
16812
16812
16813
16813
16814
16814
16815
16815
16816
16816
16817
16817
16818
16818
16819
16819
16820
16820
16821
16821
16822
16822
16823
16823
16824
16824
16825
16825
16826
16826
16827
16827
16828
16828
16829
16829
16830
16830
16831
16831
16832
16832
16833
16833
16834
16834
16835
16835
16836
16836
16837
16837
16838
16838
16839
16840
16840
16841
16841
16842
16842
16843
16843
16844
16844
16845
16845
16846
16846
16847
16847
16848
16848
16849
16849
16850
16850
16851
16851
16852
16852
16853
16853
16854
16854
16855
16855
16856
16856
16857
16857
16858
16858
16859
16859
16860
16860
16861
16861
16862
16862
16863
16863
16864
16864
16865
16865
16866
16866
16867
16867
16868
16868
16869
16869
16870
16870
16871
16871
16872
16872
16873
16873
16874
16874
16875
16875
16876
16876
16877
16877
16878
16878
16879
16879
16880
16880
16881
16881
16882
16882
16883
16883
16884
16885
16885
16886
16886
16887
16887
16888
16888
16889
16889
16890
16890
16891
16891
16892
16892
16893
16893
16894
16894
16895
16895
16896
16896
16897
16897
16898
16898
16899
16899
16900
16900
16901
16901
16902
16902
16903
16903
16904
16904
16905
16905
16906
16906
16907
16907
16908
16908
16909
16909
16910
16910
16911
16911
16912
16912
16913
16913
16914
16914
16915
16915
16916
16916
16917
16917
16918
16918
16919
16919
16920
16920
16921
16921
16922
16922
16923
16923
16924
16924
16925
16925
16926
16926
16927
16927
16928
16928
16929
16930
16930
16931
16931
16932
16932
16933
16933
16934
16934
16935
16935
16936
16936
16937
16937
16938
16938
16939
16939
16940
16940
16941
16941
16942
16942
16943
16943
16944
16944
16945
16945
16946
16946
16947
16947
16948
16948
16949
16949
16950
16950
16951
16951
16952
16952
16953
16953
16954
16954
16955
16955
16956
16956
16957
16957
16958
16958
16959
16959
16960
16960
16961
16961
16962
16962
16963
16963
16964
16964
16965
16965
16966
16966
16967
16967
16968
16968
16969
16969
16970
16970
16971
16971
16972
16972
16973
16973
16974
16975
16975
16976
16976
16977
16977
16978
16978
16979
16979
16980
16980
16981
16981
16982
16982
16983
16983
16984
16984
16985
16985
16986
16986
16987
16987
16988
16988
16989
16989
16990
16990
16991
16991
16992
16992
16993
16993
16994
16994
16995
16995
16996
16996
16997
16997
16998
16998
16999
16999
17000
17000
17001
17001
17002
17002
17003
17003
17004
17004
17005
17005
17006
17006
17007
17007
17008
17008
17009
17009
17010
17010
17011
17011
17012
17012
17013
17013
17014
17014
17015
17015
17016
17016
17017
17017
17018
17018
17019
17020
17020
17021
17021
17022
17022
17023
17023
17024
17024
17025
17025
17026
17026
17027
17027
17028
17028
17029
17029
17030
17030
17031
17031
17032
17032
17033
17033
17034
17034
17035
17035
17036
17036
17037
17037
17038
17038
17039
17039
17040
17040
17041
17041
17042
17042
17043
17043
17044
17044
17045
17045
17046
17046
17047
17047
17048
17048
17049
17049
17050
17050
17051
17051
17052
17052
17053
17053
17054
17054
17055
17055
17056
17056
17057
17057
17058
17058
17059
17059
17060
17060
17061
17061
17062
17062
17063
17063
17064
17065
17065
17066
17066
17067
17067
17068
17068
17069
17069
17070
17070
17071
17071
17072
17072
17073
17073
17074
17074
17075
17075
17076
17076
17077
17077
17078
17078
17079
17079
17080
17080
17081
17081
17082
17082
17083
17083
17084
17084
17085
17085
17086
17086
17087
17087
17088
17088
17089
17089
17090
17090
17091
17091
17092
17092
17093
17093
17094
17094
17095
17095
17096
17096
17097
17097
17098
17098
17099
17099
17100
17100
17101
17101
17102
17102
17103
17103
17104
17104
17105
17105
17106
17106
17107
17107
17108
17108
17109
17110
17110
17111
17111
17112
17112
17113
17113
17114
17114
17115
17115
17116
17116
17117
17117
17118
17118
17119
17119
17120
17120
17121
17121
17122
17122
17123
17123
17124
17124
17125
17125
17126
17126
17127
17127
17128
17128
17129
17129
17130
17130
17131
17131
17132
17132
17133
17133
17134
17134
17135
17135
17136
17136
17137
17137
17138
17138
17139
17139
17140
17140
17141
17141
17142
17142
17143
17143
17144
17144
17145
17145
17146
17146
17147
17147
17148
17148
17149
17149
17150
17150
17151
17151
17152
17152
17153
17153
17154
17155
17155
17156
17156
17157
17157
17158
17158
17159
17159
17160
17160
17161
17161
17162
17162
17163
17163
17164
17164
17165
17165
17166
17166
17167
17167
17168
17168
17169
17169
17170
17170
17171
17171
17172
17172
17173
17173
17174
17174
17175
17175
17176
17176
17177
17177
17178
17178
17179
17179
17180
17180
17181
17181
17182
17182
17183
17183
17184
17184
17185
17185
17186
17186
17187
17187
17188
17188
17189
17189
17190
17190
17191
17191
17192
17192
17193
17193
17194
17194
17195
17195
17196
17196
17197
17197
17198
17198
17199
17200
17200
17201
17201
17202
17202
17203
17203
17204
17204
17205
17205
17206
17206
17207
17207
17208
17208
17209
17209
17210
17210
17211
17211
17212
17212
17213
17213
17214
17214
17215
17215
17216
17216
17217
17217
17218
17218
17219
17219
17220
17220
17221
17221
17222
17222
17223
17223
17224
17224
17225
17225
17226
17226
17227
17227
17228
17228
17229
17229
17230
17230
17231
17231
17232
17232
17233
17233
17234
17234
17235
17235
17236
17236
17237
17237
17238
17238
17239
17239
17240
17240
17241
17241
17242
17242
17243
17243
17244
17245
17245
17246
17246
17247
17247
17248
17248
17249
17249
17250
17250
17251
17251
17252
17252
17253
17253
17254
17254
17255
17255
17256
17256
17257
17257
17258
17258
17259
17259
17260
17260
17261
17261
17262
17262
17263
17263
17264
17264
17265
17265
17266
17266
17267
17267
17268
17268
17269
17269
17270
17270
17271
17271
17272
17272
17273
17273
17274
17274
17275
17275
17276
17276
17277
17277
17278
17278
17279
17279
17280
17280
17281
17281
17282
17282
17283
17283
17284
17284
17285
17285
17286
17286
17287
17287
17288
17288
17289
17290
17290
17291
17291
17292
17292
17293
17293
17294
17294
17295
17295
17296
17296
17297
17297
17298
17298
17299
17299
17300
17300
17301
17301
17302
17302
17303
17303
17304
17304
17305
17305
17306
17306
17307
17307
17308
17308
17309
17309
17310
17310
17311
17311
17312
17312
17313
17313
17314
17314
17315
17315
17316
17316
17317
17317
17318
17318
17319
17319
17320
17320
17321
17321
17322
17322
17323
17323
17324
17324
17325
17325
17326
17326
17327
17327
17328
17328
17329
17329
17330
17330
17331
17331
17332
17332
17333
17333
17334
17335
17335
17336
17336
17337
17337
17338
17338
17339
17339
17340
17340
17341
17341
17342
17342
17343
17343
17344
17344
17345
17345
17346
17346
17347
17347
17348
17348
17349
17349
17350
17350
17351
17351
17352
17352
17353
17353
17354
17354
17355
17355
17356
17356
17357
17357
17358
17358
17359
17359
17360
17360
17361
17361
17362
17362
17363
17363
17364
17364
17365
17365
17366
17366
17367
17367
17368
17368
17369
17369
17370
17370
17371
17371
17372
17372
17373
17373
17374
17374
17375
17375
17376
17376
17377
17377
17378
17378
17379
17380
17380
17381
17381
17382
17382
17383
17383
17384
17384
17385
17385
17386
17386
17387
17387
17388
17388
17389
17389
17390
17390
17391
17391
17392
17392
17393
17393
17394
17394
17395
17395
17396
17396
17397
17397
17398
17398
17399
17399
17400
17400
17401
17401
17402
17402
17403
17403
17404
17404
17405
17405
17406
17406
17407
17407
17408
17408
17409
17409
17410
17410
17411
17411
17412
17412
17413
17413
17414
17414
17415
17415
17416
17416
17417
17417
17418
17418
17419
17419
17420
17420
17421
17421
17422
17422
17423
17423
17424
17425
17425
17426
17426
17427
17427
17428
17428
17429
17429
17430
17430
17431
17431
17432
17432
17433
17433
17434
17434
17435
17435
17436
17436
17437
17437
17438
17438
17439
17439
17440
17440
17441
17441
17442
17442
17443
17443
17444
17444
17445
17445
17446
17446
17447
17447
17448
17448
17449
17449
17450
17450
17451
17451
17452
17452
17453
17453
17454
17454
17455
17455
17456
17456
17457
17457
17458
17458
17459
17459
17460
17460
17461
17461
17462
17462
17463
17463
17464
17464
17465
17465
17466
17466
17467
17467
17468
17468
17469
17470
17470
17471
17471
17472
17472
17473
17473
17474
17474
17475
17475
17476
17476
17477
17477
17478
17478
17479
17479
17480
17480
17481
17481
17482
17482
17483
17483
17484
17484
17485
17485
17486
17486
17487
17487
17488
17488
17489
17489
17490
17490
17491
17491
17492
17492
17493
17493
17494
17494
17495
17495
17496
17496
17497
17497
17498
17498
17499
17499
17500
17500
17501
17501
17502
17502
17503
17503
17504
17504
17505
17505
17506
17506
17507
17507
17508
17508
17509
17509
17510
17510
17511
17511
17512
17512
17513
17513
17514
17515
17515
17516
17516
17517
17517
17518
17518
17519
17519
17520
17520
17521
17521
17522
17522
17523
17523
17524
17524
17525
17525
17526
17526
17527
17527
17528
17528
17529
17529
17530
17530
17531
17531
17532
17532
17533
17533
17534
17534
17535
17535
17536
17536
17537
17537
17538
17538
17539
17539
17540
17540
17541
17541
17542
17542
17543
17543
17544
17544
17545
17545
17546
17546
17547
17547
17548
17548
17549
17549
17550
17550
17551
17551
17552
17552
17553
17553
17554
17554
17555
17555
17556
17556
17557
17557
17558
17558
17559
17560
17560
17561
17561
17562
17562
17563
17563
17564
17564
17565
17565
17566
17566
17567
17567
17568
17568
17569
17569
17570
17570
17571
17571
17572
17572
17573
17573
17574
17574
17575
17575
17576
17576
17577
17577
17578
17578
17579
17579
17580
17580
17581
17581
17582
17582
17583
17583
17584
17584
17585
17585
17586
17586
17587
17587
17588
17588
17589
17589
17590
17590
17591
17591
17592
17592
17593
17593
17594
17594
17595
17595
17596
17596
17597
17597
17598
17598
17599
17599
17600
17600
17601
17601
17602
17602
17603
17603
17604
17605
17605
17606
17606
17607
17607
17608
17608
17609
17609
17610
17610
17611
17611
17612
17612
17613
17613
17614
17614
17615
17615
17616
17616
17617
17617
17618
17618
17619
17619
17620
17620
17621
17621
17622
17622
17623
17623
17624
17624
17625
17625
17626
17626
17627
17627
17628
17628
17629
17629
17630
17630
17631
17631
17632
17632
17633
17633
17634
17634
17635
17635
17636
17636
17637
17637
17638
17638
17639
17639
17640
17640
17641
17641
17642
17642
17643
17643
17644
17644
17645
17645
17646
17646
17647
17647
17648
17648
17649
17650
17650
17651
17651
17652
17652
17653
17653
17654
17654
17655
17655
17656
17656
17657
17657
17658
17658
17659
17659
17660
17660
17661
17661
17662
17662
17663
17663
17664
17664
17665
17665
17666
17666
17667
17667
17668
17668
17669
17669
17670
17670
17671
17671
17672
17672
17673
17673
17674
17674
17675
17675
17676
17676
17677
17677
17678
17678
17679
17679
17680
17680
17681
17681
17682
17682
17683
17683
17684
17684
17685
17685
17686
17686
17687
17687
17688
17688
17689
17689
17690
17690
17691
17691
17692
17692
17693
17693
17694
17695
17695
17696
17696
17697
17697
17698
17698
17699
17699
17700
17700
17701
17701
17702
17702
17703
17703
17704
17704
17705
17705
17706
17706
17707
17707
17708
17708
17709
17709
17710
17710
17711
17711
17712
17712
17713
17713
17714
17714
17715
17715
17716
17716
17717
17717
17718
17718
17719
17719
17720
17720
17721
17721
17722
17722
17723
17723
17724
17724
17725
17725
17726
17726
17727
17727
17728
17728
17729
17729
17730
17730
17731
17731
17732
17732
17733
17733
17734
17734
17735
17735
17736
17736
17737
17737
17738
17738
17739
17740
17740
17741
17741
17742
17742
17743
17743
17744
17744
17745
17745
17746
17746
17747
17747
17748
17748
17749
17749
17750
17750
17751
17751
17752
17752
17753
17753
17754
17754
17755
17755
17756
17756
17757
17757
17758
17758
17759
17759
17760
17760
17761
17761
17762
17762
17763
17763
17764
17764
17765
17765
17766
17766
17767
17767
17768
17768
17769
17769
17770
17770
17771
17771
17772
17772
17773
17773
17774
17774
17775
17775
17776
17776
17777
17777
17778
17778
17779
17779
17780
17780
17781
17781
17782
17782
17783
17783
17784
17785
17785
17786
17786
17787
17787
17788
17788
17789
17789
17790
17790
17791
17791
17792
17792
17793
17793
17794
17794
17795
17795
17796
17796
17797
17797
17798
17798
17799
17799
17800
17800
17801
17801
17802
17802
17803
17803
17804
17804
17805
17805
17806
17806
17807
17807
17808
17808
17809
17809
17810
17810
17811
17811
17812
17812
17813
17813
17814
17814
17815
17815
17816
17816
17817
17817
17818
17818
17819
17819
17820
17820
17821
17821
17822
17822
17823
17823
17824
17824
17825
17825
17826
17826
17827
17827
17828
17828
17829
17830
17831
17832
17833
17834
17835
17836
17837
17838
17839
17840
17841
17842
17843
17844
17845
17846
17847
17848
17849
17850
17851
17852
17853
17854
17855
17856
17857
17858
17859
17860
17861
17862
17863
17864
17865
17866
17867
17868
17869
17870
17871
17872
17873
17875
17875
17876
17876
17877
17877
17878
17878
17879
17879
17880
17880
17881
17881
17882
17882
17883
17883
17884
17885
17885
17886
17886
17887
17887
17888
17888
17889
17889
17890
17890
17891
17891
17892
17892
17893
17893
17894
17895
17895
17896
17896
17897
17897
17898
17898
17899
17899
17900
17900
17901
17901
17902
17902
17903
17903
17904
17905
17905
17906
17906
17907
17907
17908
17908
17909
17909
17910
17910
17911
17911
17912
17912
17913
17913
17914
17915
17915
17916
17916
17917
17917
17918
17918
17919
17919
17920
17920
17921
17921
17922
17922
17923
17923
17924
17925
17925
17926
17926
17927
17927
17928
17928
17929
17929
17930
17930
17931
17931
17932
17932
17933
17933
17934
17935
17935
17936
17936
17937
17937
17938
17938
17939
17939
17940
17940
17941
17941
17942
17942
17943
17943
17944
17945
17945
17946
17946
17947
17947
17948
17948
17949
17949
17950
17950
17951
17951
17952
17952
17953
17953
17954
17955
17955
17956
17956
17957
17957
17958
17958
17959
17959
17960
17960
17961
17961
17962
17962
17963
17963
17964
17965
17965
17966
17966
17967
17967
17968
17968
17969
17969
17970
17970
17971
17971
17972
17972
17973
17973
17974
17975
17975
17976
17976
17977
17977
17978
17978
17979
17979
17980
17980
17981
17981
17982
17982
17983
17983
17984
17985
17985
17986
17986
17987
17987
17988
17988
17989
17989
17990
17990
17991
17991
17992
17992
17993
17993
17994
17995
17995
17996
17996
17997
17997
17998
17998
17999
17999
18000
18000
18001
18001
18002
18002
18003
18003
18004
18005
18005
18006
18006
18007
18007
18008
18008
18009
18009
18010
18010
18011
18011
18012
18012
18013
18013
18014
18015
18015
18016
18016
18017
18017
18018
18018
18019
18019
18020
18020
18021
18021
18022
18022
18023
18023
18024
18025
18025
18026
18026
18027
18027
18028
18028
18029
18029
18030
18030
18031
18031
18032
18032
18033
18033
18034
18035
18035
18036
18036
18037
18037
18038
18038
18039
18039
18040
18040
18041
18041
18042
18042
18043
18043
18044
18045
18046
18047
18048
18049
18050
18051
18052
18053
14950
14995
15040
15085
15130
15175
15220
15265
15310
15355
15400
15445
15490
15535
15580
15625
15670
15715
15760
15805
15850
15895
15940
15985
16030
16075
16120
16165
16210
16255
16300
16345
16390
16435
16480
16525
16570
16615
16660
16705
16750
16795
16840
16885
16930
16975
17020
17065
17110
17155
17200
17245
17290
17335
17380
17425
17470
17515
17560
17605
17650
17695
17740
17785
17830
17875
17876
17877
17878
17879
17880
17881
17882
17883
17884
219
439
659
879
1099
1319
1539
1759
1979
2199
2419
2639
2859
3079
3299
3519
3739
3959
4179
4399
4619
4839
5059
5279
5499
5719
5939
6159
6379
6599
6819
7039
7259
7479
7699
7919
8139
8359
8579
8799
9019
9239
9459
9679
9899
10119
10339
10559
10779
10999
11219
11439
11659
11879
12099
12319
12539
12759
12979
13199
13419
13639
13859
14079
14299
17830
17831
17832
17833
17834
17835
17836
17837
17838
17839
17840
17841
17842
17843
17844
17845
17846
17847
17848
17849
17850
17851
17852
17853
17854
17855
17856
17857
17858
17859
17860
17861
17862
17863
17864
17865
17866
17867
17868
17869
17870
17871
17872
17873
17874
14940
14941
14942
14943
14944
14945
14946
14947
14948
14949
14080
14081
14082
14083
14084
14085
14086
14087
14088
14089
14090
14091
14092
14093
14094
14095
14096
14097
14098
14099
14100
14101
14102
14103
14104
14105
14106
14107
14108
14109
14110
14111
14112
14113
14114
14115
14116
14117
14118
14119
14120
14121
14122
14123
14124
14125
14126
14127
14128
14129
14130
14131
14132
14133
14134
14135
14136
14137
14138
14139
14140
14141
14142
14143
14144
14145
14146
14147
14148
14149
14150
14151
14152
14153
14154
14155
14156
14157
14158
14159
14160
14161
14162
14163
14164
14165
14166
14167
14168
14169
14170
14171
14172
14173
14174
14175
14176
14177
14178
14179
14180
14181
14182
14183
14184
14185
14186
14187
14188
14189
14190
14191
14192
14193
14194
14195
14196
14197
14198
14199
14200
14201
14202
14203
14204
14205
14206
14207
14208
14209
14210
14211
14212
14213
14214
14215
14216
14217
14218
14219
14220
14221
14222
14223
14224
14225
14226
14227
14228
14229
14230
14231
14232
14233
14234
14235
14236
14237
14238
14239
14240
14241
14242
14243
14244
14245
14246
14247
14248
14249
14250
14251
14252
14253
14254
14255
14256
14257
14258
14259
14260
14261
14262
14263
14264
14265
14266
14267
14268
14269
14270
14271
14272
14273
14274
14275
14276
14277
14278
14279
14280
14281
14282
14283
14284
14285
14286
14287
14288
14289
14290
14291
14292
14293
14294
14295
14296
14297
14298
14299
14950
14951
14952
14953
14954
14955
14956
14957
14958
14959
14960
14961
14962
14963
14964
14965
14966
14967
14968
14969
14970
14971
14972
14973
14974
14975
14976
14977
14978
14979
14980
14981
14982
14983
14984
14985
14986
14987
14988
14989
14990
14991
14992
14993
14994
0
1
2
3
4
5
6
7
8
9
10
11
12
13
14
15
16
17
18
19
20
21
22
23
24
25
26
27
28
29
30
31
32
33
34
35
36
37
38
39
40
41
42
43
44
45
46
47
48
49
50
51
52
53
54
55
56
57
58
59
60
61
62
63
64
65
66
67
68
69
70
71
72
73
74
75
76
77
78
79
80
81
82
83
84
85
86
87
88
89
90
91
92
93
94
95
96
97
98
99
100
101
102
103
104
105
106
107
108
109
110
111
112
113
114
115
116
117
118
119
120
121
122
123
124
125
126
127
128
129
130
131
132
133
134
135
136
137
138
139
140
141
142
143
144
145
146
147
148
149
150
151
152
153
154
155
156
157
158
159
160
161
162
163
164
165
166
167
168
169
170
171
172
173
174
175
176
177
178
179
180
181
182
183
184
185
186
187
188
189
190
191
192
193
194
195
196
197
198
199
200
201
202
203
204
205
206
207
208
209
210
211
212
213
214
215
216
217
218
219
17875
17885
17895
17905
17915
17925
17935
17945
17955
17965
17975
17985
17995
18005
18015
18025
18035
18045
17884
17894
17904
17914
17924
17934
17944
17954
17964
17974
17984
17994
18004
18014
18024
18034
18044
18054
14950
14995
15040
15085
15130
15175
15220
15265
15310
15355
15400
15445
15490
15535
15580
15625
15670
15715
15760
15805
15850
15895
15940
15985
16030
16075
16120
16165
16210
16255
16300
16345
16390
16435
16480
16525
16570
16615
16660
16705
16750
16795
16840
16885
16930
16975
17020
17065
17110
17155
17200
17245
17290
17335
17380
17425
17470
17515
17560
17605
17650
17695
17740
17785
17830
14951
14996
15041
15086
15131
15176
15221
15266
15311
15356
15401
15446
15491
15536
15581
15626
15671
15716
15761
15806
15851
15896
15941
15986
16031
16076
16121
16166
16211
16256
16301
16346
16391
16436
16481
16526
16571
16616
16661
16706
16751
16796
16841
16886
16931
16976
17021
17066
17111
17156
17201
17246
17291
17336
17381
17426
17471
17516
17561
17606
17651
17696
17741
17786
17831
14952
14997
15042
15087
15132
15177
15222
15267
15312
15357
15402
15447
15492
15537
15582
15627
15672
15717
15762
15807
15852
15897
15942
15987
16032
16077
16122
16167
16212
16257
16302
16347
16392
16437
16482
16527
16572
16617
16662
16707
16752
16797
16842
16887
16932
16977
17022
17067
17112
17157
17202
17247
17292
17337
17382
17427
17472
17517
17562
17607
17652
17697
17742
17787
17832
14953
14998
15043
15088
15133
15178
15223
15268
15313
15358
15403
15448
15493
15538
15583
15628
15673
15718
15763
15808
15853
15898
15943
15988
16033
16078
16123
16168
16213
16258
16303
16348
16393
16438
16483
16528
16573
16618
16663
16708
16753
16798
16843
16888
16933
16978
17023
17068
17113
17158
17203
17248
17293
17338
17383
17428
17473
17518
17563
17608
17653
17698
17743
17788
17833
14954
14999
15044
15089
15134
15179
15224
15269
15314
15359
15404
15449
15494
15539
15584
15629
15674
15719
15764
15809
15854
15899
15944
15989
16034
16079
16124
16169
16214
16259
16304
16349
16394
16439
16484
16529
16574
16619
16664
16709
16754
16799
16844
16889
16934
16979
17024
17069
17114
17159
17204
17249
17294
17339
17384
17429
17474
17519
17564
17609
17654
17699
17744
17789
17834
14955
15000
15045
15090
15135
15180
15225
15270
15315
15360
15405
15450
15495
15540
15585
15630
15675
15720
15765
15810
15855
15900
15945
15990
16035
16080
16125
16170
16215
16260
16305
16350
16395
16440
16485
16530
16575
16620
16665
16710
16755
16800
16845
16890
16935
16980
17025
17070
17115
17160
17205
17250
17295
17340
17385
17430
17475
17520
17565
17610
17655
17700
17745
17790
17835
14956
15001
15046
15091
15136
15181
15226
15271
15316
15361
15406
15451
15496
15541
15586
15631
15676
15721
15766
15811
15856
15901
15946
15991
16036
16081
16126
16171
16216
16261
16306
16351
16396
16441
16486
16531
16576
16621
16666
16711
16756
16801
16846
16891
16936
16981
17026
17071
17116
17161
17206
17251
17296
17341
17386
17431
17476
17521
17566
17611
17656
17701
17746
17791
17836
14957
15002
15047
15092
15137
15182
15227
15272
15317
15362
15407
15452
15497
15542
15587
15632
15677
15722
15767
15812
15857
15902
15947
15992
16037
16082
16127
16172
16217
16262
16307
16352
16397
16442
16487
16532
16577
16622
16667
16712
16757
16802
16847
16892
16937
16982
17027
17072
17117
17162
17207
17252
17297
17342
17387
17432
17477
17522
17567
17612
17657
17702
17747
17792
17837
14958
15003
15048
15093
15138
15183
15228
15273
15318
15363
15408
15453
15498
15543
15588
15633
15678
15723
15768
15813
15858
15903
15948
15993
16038
16083
16128
16173
16218
16263
16308
16353
16398
16443
16488
16533
16578
16623
16668
16713
16758
16803
16848
16893
16938
16983
17028
17073
17118
17163
17208
17253
17298
17343
17388
17433
17478
17523
17568
17613
17658
17703
17748
17793
17838
14959
15004
15049
15094
15139
15184
15229
15274
15319
15364
15409
15454
15499
15544
15589
15634
15679
15724
15769
15814
15859
15904
15949
15994
16039
16084
16129
16174
16219
16264
16309
16354
16399
16444
16489
16534
16579
16624
16669
16714
16759
16804
16849
16894
16939
16984
17029
17074
17119
17164
17209
17254
17299
17344
17389
17434
17479
17524
17569
17614
17659
17704
17749
17794
17839
14960
15005
15050
15095
15140
15185
15230
15275
15320
15365
15410
15455
15500
15545
15590
15635
15680
15725
15770
15815
15860
15905
15950
15995
16040
16085
16130
16175
16220
16265
16310
16355
16400
16445
16490
16535
16580
16625
16670
16715
16760
16805
16850
16895
16940
16985
17030
17075
17120
17165
17210
17255
17300
17345
17390
17435
17480
17525
17570
17615
17660
17705
17750
17795
17840
14961
15006
15051
15096
15141
15186
15231
15276
15321
15366
15411
15456
15501
15546
15591
15636
15681
15726
15771
15816
15861
15906
15951
15996
16041
16086
16131
16176
16221
16266
16311
16356
16401
16446
16491
16536
16581
16626
16671
16716
16761
16806
16851
16896
16941
16986
17031
17076
17121
17166
17211
17256
17301
17346
17391
17436
17481
17526
17571
17616
17661
17706
17751
17796
17841
14962
15007
15052
15097
15142
15187
15232
15277
15322
15367
15412
15457
15502
15547
15592
15637
15682
15727
15772
15817
15862
15907
15952
15997
16042
16087
16132
16177
16222
16267
16312
16357
16402
16447
16492
16537
16582
16627
16672
16717
16762
16807
16852
16897
16942
16987
17032
17077
17122
17167
17212
17257
17302
17347
17392
17437
17482
17527
17572
17617
17662
17707
17752
17797
17842
14963
15008
15053
15098
15143
15188
15233
15278
15323
15368
15413
15458
15503
15548
15593
15638
15683
15728
15773
15818
15863
15908
15953
15998
16043
16088
16133
16178
16223
16268
16313
16358
16403
16448
16493
16538
16583
16628
16673
16718
16763
16808
16853
16898
16943
16988
17033
17078
17123
17168
17213
17258
17303
17348
17393
17438
17483
17528
17573
17618
17663
17708
17753
17798
17843
14964
15009
15054
15099
15144
15189
15234
15279
15324
15369
15414
15459
15504
15549
15594
15639
15684
15729
15774
15819
15864
15909
15954
15999
16044
16089
16134
16179
16224
16269
16314
16359
16404
16449
16494
16539
16584
16629
16674
16719
16764
16809
16854
16899
16944
16989
17034
17079
17124
17169
17214
17259
17304
17349
17394
17439
17484
17529
17574
17619
17664
17709
17754
17799
17844
14965
15010
15055
15100
15145
15190
15235
15280
15325
15370
15415
15460
15505
15550
15595
15640
15685
15730
15775
15820
15865
15910
15955
16000
16045
16090
16135
16180
16225
16270
16315
16360
16405
16450
16495
16540
16585
16630
16675
16720
16765
16810
16855
16900
16945
16990
17035
17080
17125
17170
17215
17260
17305
17350
17395
17440
17485
17530
17575
17620
17665
17710
17755
17800
17845
14966
15011
15056
15101
15146
15191
15236
15281
15326
15371
15416
15461
15506
15551
15596
15641
15686
15731
15776
15821
15866
15911
15956
16001
16046
16091
16136
16181
16226
16271
16316
16361
16406
16451
16496
16541
16586
16631
16676
16721
16766
16811
16856
16901
16946
16991
17036
17081
17126
17171
17216
17261
17306
17351
17396
17441
17486
17531
17576
17621
17666
17711
17756
17801
17846
14967
15012
15057
15102
15147
15192
15237
15282
15327
15372
15417
15462
15507
15552
15597
15642
15687
15732
15777
15822
15867
15912
15957
16002
16047
16092
16137
16182
16227
16272
16317
16362
16407
16452
16497
16542
16587
16632
16677
16722
16767
16812
16857
16902
16947
16992
17037
17082
17127
17172
17217
17262
17307
17352
17397
17442
17487
17532
17577
17622
17667
17712
17757
17802
17847
14968
15013
15058
15103
15148
15193
15238
15283
15328
15373
15418
15463
15508
15553
15598
15643
15688
15733
15778
15823
15868
15913
15958
16003
16048
16093
16138
16183
16228
16273
16318
16363
16408
16453
16498
16543
16588
16633
16678
16723
16768
16813
16858
16903
16948
16993
17038
17083
17128
17173
17218
17263
17308
17353
17398
17443
17488
17533
17578
17623
17668
17713
17758
17803
17848
14969
15014
15059
15104
15149
15194
15239
15284
15329
15374
15419
15464
15509
15554
15599
15644
15689
15734
15779
15824
15869
15914
15959
16004
16049
16094
16139
16184
16229
16274
16319
16364
16409
16454
16499
16544
16589
16634
16679
16724
16769
16814
16859
16904
16949
16994
17039
17084
17129
17174
17219
17264
17309
17354
17399
17444
17489
17534
17579
17624
17669
17714
17759
17804
17849
14970
15015
15060
15105
15150
15195
15240
15285
15330
15375
15420
15465
15510
15555
15600
15645
15690
15735
15780
15825
15870
15915
15960
16005
16050
16095
16140
16185
16230
16275
16320
16365
16410
16455
16500
16545
16590
16635
16680
16725
16770
16815
16860
16905
16950
16995
17040
17085
17130
17175
17220
17265
17310
17355
17400
17445
17490
17535
17580
17625
17670
17715
17760
17805
17850
14971
15016
15061
15106
15151
15196
15241
15286
15331
15376
15421
15466
15511
15556
15601
15646
15691
15736
15781
15826
15871
15916
15961
16006
16051
16096
16141
16186
16231
16276
16321
16366
16411
16456
16501
16546
16591
16636
16681
16726
16771
16816
16861
16906
16951
16996
17041
17086
17131
17176
17221
17266
17311
17356
17401
17446
17491
17536
17581
17626
17671
17716
17761
17806
17851
14972
15017
15062
15107
15152
15197
15242
15287
15332
15377
15422
15467
15512
15557
15602
15647
15692
15737
15782
15827
15872
15917
15962
16007
16052
16097
16142
16187
16232
16277
16322
16367
16412
16457
16502
16547
16592
16637
16682
16727
16772
16817
16862
16907
16952
16997
17042
17087
17132
17177
17222
17267
17312
17357
17402
17447
17492
17537
17582
17627
17672
17717
17762
17807
17852
14973
15018
15063
15108
15153
15198
15243
15288
15333
15378
15423
15468
15513
15558
15603
15648
15693
15738
15783
15828
15873
15918
15963
16008
16053
16098
16143
16188
16233
16278
16323
16368
16413
16458
16503
16548
16593
16638
16683
16728
16773
16818
16863
16908
16953
16998
17043
17088
17133
17178
17223
17268
17313
17358
17403
17448
17493
17538
17583
17628
17673
17718
17763
17808
17853
14974
15019
15064
15109
15154
15199
15244
15289
15334
15379
15424
15469
15514
15559
15604
15649
15694
15739
15784
15829
15874
15919
15964
16009
16054
16099
16144
16189
16234
16279
16324
16369
16414
16459
16504
16549
16594
16639
16684
16729
16774
16819
16864
16909
16954
16999
17044
17089
17134
17179
17224
17269
17314
17359
17404
17449
17494
17539
17584
17629
17674
17719
17764
17809
17854
14975
15020
15065
15110
15155
15200
15245
15290
15335
15380
15425
15470
15515
15560
15605
15650
15695
15740
15785
15830
15875
15920
15965
16010
16055
16100
16145
16190
16235
16280
16325
16370
16415
16460
16505
16550
16595
16640
16685
16730
16775
16820
16865
16910
16955
17000
17045
17090
17135
17180
17225
17270
17315
17360
17405
17450
17495
17540
17585
17630
17675
17720
17765
17810
17855
14976
15021
15066
15111
15156
15201
15246
15291
15336
15381
15426
15471
15516
15561
15606
15651
15696
15741
15786
15831
15876
15921
15966
16011
16056
16101
16146
16191
16236
16281
16326
16371
16416
16461
16506
16551
16596
16641
16686
16731
16776
16821
16866
16911
16956
17001
17046
17091
17136
17181
17226
17271
17316
17361
17406
17451
17496
17541
17586
17631
17676
17721
17766
17811
17856
14977
15022
15067
15112
15157
15202
15247
15292
15337
15382
15427
15472
15517
15562
15607
15652
15697
15742
15787
15832
15877
15922
15967
16012
16057
16102
16147
16192
16237
16282
16327
16372
16417
16462
16507
16552
16597
16642
16687
16732
16777
16822
16867
16912
16957
17002
17047
17092
17137
17182
17227
17272
17317
17362
17407
17452
17497
17542
17587
17632
17677
17722
17767
17812
17857
14978
15023
15068
15113
15158
15203
15248
15293
15338
15383
15428
15473
15518
15563
15608
15653
15698
15743
15788
15833
15878
15923
15968
16013
16058
16103
16148
16193
16238
16283
16328
16373
16418
16463
16508
16553
16598
16643
16688
16733
16778
16823
16868
16913
16958
17003
17048
17093
17138
17183
17228
17273
17318
17363
17408
17453
17498
17543
17588
17633
17678
17723
17768
17813
17858
14979
15024
15069
15114
15159
15204
15249
15294
15339
15384
15429
15474
15519
15564
15609
15654
15699
15744
15789
15834
15879
15924
15969
16014
16059
16104
16149
16194
16239
16284
16329
16374
16419
16464
16509
16554
16599
16644
16689
16734
16779
16824
16869
16914
16959
17004
17049
17094
17139
17184
17229
17274
17319
17364
17409
17454
17499
17544
17589
17634
17679
17724
17769
17814
17859
14980
15025
15070
15115
15160
15205
15250
15295
15340
15385
15430
15475
15520
15565
15610
15655
15700
15745
15790
15835
15880
15925
15970
16015
16060
16105
16150
16195
16240
16285
16330
16375
16420
16465
16510
16555
16600
16645
16690
16735
16780
16825
16870
16915
16960
17005
17050
17095
17140
17185
17230
17275
17320
17365
17410
17455
17500
17545
17590
17635
17680
17725
17770
17815
17860
14981
15026
15071
15116
15161
15206
15251
15296
15341
15386
15431
15476
15521
15566
15611
15656
15701
15746
15791
15836
15881
15926
15971
16016
16061
16106
16151
16196
16241
16286
16331
16376
16421
16466
16511
16556
16601
16646
16691
16736
16781
16826
16871
16916
16961
17006
17051
17096
17141
17186
17231
17276
17321
17366
17411
17456
17501
17546
17591
17636
17681
17726
17771
17816
17861
14982
15027
15072
15117
15162
15207
15252
15297
15342
15387
15432
15477
15522
15567
15612
15657
15702
15747
15792
15837
15882
15927
15972
16017
16062
16107
16152
16197
16242
16287
16332
16377
16422
16467
16512
16557
16602
16647
16692
16737
16782
16827
16872
16917
16962
17007
17052
17097
17142
17187
17232
17277
17322
17367
17412
17457
17502
17547
17592
17637
17682
17727
17772
17817
17862
14983
15028
15073
15118
15163
15208
15253
15298
15343
15388
15433
15478
15523
15568
15613
15658
15703
15748
15793
15838
15883
15928
15973
16018
16063
16108
16153
16198
16243
16288
16333
16378
16423
16468
16513
16558
16603
16648
16693
16738
16783
16828
16873
16918
16963
17008
17053
17098
17143
17188
17233
17278
17323
17368
17413
17458
17503
17548
17593
17638
17683
17728
17773
17818
17863
14984
15029
15074
15119
15164
15209
15254
15299
15344
15389
15434
15479
15524
15569
15614
15659
15704
15749
15794
15839
15884
15929
15974
16019
16064
16109
16154
16199
16244
16289
16334
16379
16424
16469
16514
16559
16604
16649
16694
16739
16784
16829
16874
16919
16964
17009
17054
17099
17144
17189
17234
17279
17324
17369
17414
17459
17504
17549
17594
17639
17684
17729
17774
17819
17864
14985
15030
15075
15120
15165
15210
15255
15300
15345
15390
15435
15480
15525
15570
15615
15660
15705
15750
15795
15840
15885
15930
15975
16020
16065
16110
16155
16200
16245
16290
16335
16380
16425
16470
16515
16560
16605
16650
16695
16740
16785
16830
16875
16920
16965
17010
17055
17100
17145
17190
17235
17280
17325
17370
17415
17460
17505
17550
17595
17640
17685
17730
17775
17820
17865
14986
15031
15076
15121
15166
15211
15256
15301
15346
15391
15436
15481
15526
15571
15616
15661
15706
15751
15796
15841
15886
15931
15976
16021
16066
16111
16156
16201
16246
16291
16336
16381
16426
16471
16516
16561
16606
16651
16696
16741
16786
16831
16876
16921
16966
17011
17056
17101
17146
17191
17236
17281
17326
17371
17416
17461
17506
17551
17596
17641
17686
17731
17776
17821
17866
14987
15032
15077
15122
15167
15212
15257
15302
15347
15392
15437
15482
15527
15572
15617
15662
15707
15752
15797
15842
15887
15932
15977
16022
16067
16112
16157
16202
16247
16292
16337
16382
16427
16472
16517
16562
16607
16652
16697
16742
16787
16832
16877
16922
16967
17012
17057
17102
17147
17192
17237
17282
17327
17372
17417
17462
17507
17552
17597
17642
17687
17732
17777
17822
17867
14988
15033
15078
15123
15168
15213
15258
15303
15348
15393
15438
15483
15528
15573
15618
15663
15708
15753
15798
15843
15888
15933
15978
16023
16068
16113
16158
16203
16248
16293
16338
16383
16428
16473
16518
16563
16608
16653
16698
16743
16788
16833
16878
16923
16968
17013
17058
17103
17148
17193
17238
17283
17328
17373
17418
17463
17508
17553
17598
17643
17688
17733
17778
17823
17868
14989
15034
15079
15124
15169
15214
15259
15304
15349
15394
15439
15484
15529
15574
15619
15664
15709
15754
15799
15844
15889
15934
15979
16024
16069
16114
16159
16204
16249
16294
16339
16384
16429
16474
16519
16564
16609
16654
16699
16744
16789
16834
16879
16924
16969
17014
17059
17104
17149
17194
17239
17284
17329
17374
17419
17464
17509
17554
17599
17644
17689
17734
17779
17824
17869
14990
15035
15080
15125
15170
15215
15260
15305
15350
15395
15440
15485
15530
15575
15620
15665
15710
15755
15800
15845
15890
15935
15980
16025
16070
16115
16160
16205
16250
16295
16340
16385
16430
16475
16520
16565
16610
16655
16700
16745
16790
16835
16880
16925
16970
17015
17060
17105
17150
17195
17240
17285
17330
17375
17420
17465
17510
17555
17600
17645
17690
17735
17780
17825
17870
14991
15036
15081
15126
15171
15216
15261
15306
15351
15396
15441
15486
15531
15576
15621
15666
15711
15756
15801
15846
15891
15936
15981
16026
16071
16116
16161
16206
16251
16296
16341
16386
16431
16476
16521
16566
16611
16656
16701
16746
16791
16836
16881
16926
16971
17016
17061
17106
17151
17196
17241
17286
17331
17376
17421
17466
17511
17556
17601
17646
17691
17736
17781
17826
17871
14992
15037
15082
15127
15172
15217
15262
15307
15352
15397
15442
15487
15532
15577
15622
15667
15712
15757
15802
15847
15892
15937
15982
16027
16072
16117
16162
16207
16252
16297
16342
16387
16432
16477
16522
16567
16612
16657
16702
16747
16792
16837
16882
16927
16972
17017
17062
17107
17152
17197
17242
17287
17332
17377
17422
17467
17512
17557
17602
17647
17692
17737
17782
17827
17872
14993
15038
15083
15128
15173
15218
15263
15308
15353
15398
15443
15488
15533
15578
15623
15668
15713
15758
15803
15848
15893
15938
15983
16028
16073
16118
16163
16208
16253
16298
16343
16388
16433
16478
16523
16568
16613
16658
16703
16748
16793
16838
16883
16928
16973
17018
17063
17108
17153
17198
17243
17288
17333
17378
17423
17468
17513
17558
17603
17648
17693
17738
17783
17828
17873
14994
15039
15084
15129
15174
15219
15264
15309
15354
15399
15444
15489
15534
15579
15624
15669
15714
15759
15804
15849
15894
15939
15984
16029
16074
16119
16164
16209
16254
16299
16344
16389
16434
16479
16524
16569
16614
16659
16704
16749
16794
16839
16884
16929
16974
17019
17064
17109
17154
17199
17244
17289
17334
17379
17424
17469
17514
17559
17604
17649
17694
17739
17784
17829
17874
14300
14310
14320
14330
14340
14350
14360
14370
14380
14390
14400
14410
14420
14430
14440
14450
14460
14470
14480
14490
14500
14510
14520
14530
14540
14550
14560
14570
14580
14590
14600
14610
14620
14630
14640
14650
14660
14670
14680
14690
14700
14710
14720
14730
14740
14750
14760
14770
14780
14790
14800
14810
14820
14830
14840
14850
14860
14870
14880
14890
14900
14910
14920
14930
14940
14301
14311
14321
14331
14341
14351
14361
14371
14381
14391
14401
14411
14421
14431
14441
14451
14461
14471
14481
14491
14501
14511
14521
14531
14541
14551
14561
14571
14581
14591
14601
14611
14621
14631
14641
14651
14661
14671
14681
14691
14701
14711
14721
14731
14741
14751
14761
14771
14781
14791
14801
14811
14821
14831
14841
14851
14861
14871
14881
14891
14901
14911
14921
14931
14941
14302
14312
14322
14332
14342
14352
14362
14372
14382
14392
14402
14412
14422
14432
14442
14452
14462
14472
14482
14492
14502
14512
14522
14532
14542
14552
14562
14572
14582
14592
14602
14612
14622
14632
14642
14652
14662
14672
14682
14692
14702
14712
14722
14732
14742
14752
14762
14772
14782
14792
14802
14812
14822
14832
14842
14852
14862
14872
14882
14892
14902
14912
14922
14932
14942
14303
14313
14323
14333
14343
14353
14363
14373
14383
14393
14403
14413
14423
14433
14443
14453
14463
14473
14483
14493
14503
14513
14523
14533
14543
14553
14563
14573
14583
14593
14603
14613
14623
14633
14643
14653
14663
14673
14683
14693
14703
14713
14723
14733
14743
14753
14763
14773
14783
14793
14803
14813
14823
14833
14843
14853
14863
14873
14883
14893
14903
14913
14923
14933
14943
14304
14314
14324
14334
14344
14354
14364
14374
14384
14394
14404
14414
14424
14434
14444
14454
14464
14474
14484
14494
14504
14514
14524
14534
14544
14554
14564
14574
14584
14594
14604
14614
14624
14634
14644
14654
14664
14674
14684
14694
14704
14714
14724
14734
14744
14754
14764
14774
14784
14794
14804
14814
14824
14834
14844
14854
14864
14874
14884
14894
14904
14914
14924
14934
14944
14305
14315
14325
14335
14345
14355
14365
14375
14385
14395
14405
14415
14425
14435
14445
14455
14465
14475
14485
14495
14505
14515
14525
14535
14545
14555
14565
14575
14585
14595
14605
14615
14625
14635
14645
14655
14665
14675
14685
14695
14705
14715
14725
14735
14745
14755
14765
14775
14785
14795
14805
14815
14825
14835
14845
14855
14865
14875
14885
14895
14905
14915
14925
14935
14945
14306
14316
14326
14336
14346
14356
14366
14376
14386
14396
14406
14416
14426
14436
14446
14456
14466
14476
14486
14496
14506
14516
14526
14536
14546
14556
14566
14576
14586
14596
14606
14616
14626
14636
14646
14656
14666
14676
14686
14696
14706
14716
14726
14736
14746
14756
14766
14776
14786
14796
14806
14816
14826
14836
14846
14856
14866
14876
14886
14896
14906
14916
14926
14936
14946
14307
14317
14327
14337
14347
14357
14367
14377
14387
14397
14407
14417
14427
14437
14447
14457
14467
14477
14487
14497
14507
14517
14527
14537
14547
14557
14567
14577
14587
14597
14607
14617
14627
14637
14647
14657
14667
14677
14687
14697
14707
14717
14727
14737
14747
14757
14767
14777
14787
14797
14807
14817
14827
14837
14847
14857
14867
14877
14887
14897
14907
14917
14927
14937
14947
14308
14318
14328
14338
14348
14358
14368
14378
14388
14398
14408
14418
14428
14438
14448
14458
14468
14478
14488
14498
14508
14518
14528
14538
14548
14558
14568
14578
14588
14598
14608
14618
14628
14638
14648
14658
14668
14678
14688
14698
14708
14718
14728
14738
14748
14758
14768
14778
14788
14798
14808
14818
14828
14838
14848
14858
14868
14878
14888
14898
14908
14918
14928
14938
14948
14309
14319
14329
14339
14349
14359
14369
14379
14389
14399
14409
14419
14429
14439
14449
14459
14469
14479
14489
14499
14509
14519
14529
14539
14549
14559
14569
14579
14589
14599
14609
14619
14629
14639
14649
14659
14669
14679
14689
14699
14709
14719
14729
14739
14749
14759
14769
14779
14789
14799
14809
14819
14829
14839
14849
14859
14869
14879
14889
14899
14909
14919
14929
14939
14949
17875
17885
17895
17905
17915
17925
17935
17945
17955
17965
17975
17985
17995
18005
18015
18025
18035
18045
17876
17886
17896
17906
17916
17926
17936
17946
17956
17966
17976
17986
17996
18006
18016
18026
18036
18046
17877
17887
17897
17907
17917
17927
17937
17947
17957
17967
17977
17987
17997
18007
18017
18027
18037
18047
17878
17888
17898
17908
17918
17928
17938
17948
17958
17968
17978
17988
17998
18008
18018
18028
18038
18048
17879
17889
17899
17909
17919
17929
17939
17949
17959
17969
17979
17989
17999
18009
18019
18029
18039
18049
17880
17890
17900
17910
17920
17930
17940
17950
17960
17970
17980
17990
18000
18010
18020
18030
18040
18050
17881
17891
17901
17911
17921
17931
17941
17951
17961
17971
17981
17991
18001
18011
18021
18031
18041
18051
17882
17892
17902
17912
17922
17932
17942
17952
17962
17972
17982
17992
18002
18012
18022
18032
18042
18052
17883
17893
17903
17913
17923
17933
17943
17953
17963
17973
17983
17993
18003
18013
18023
18033
18043
18053
17884
17894
17904
17914
17924
17934
17944
17954
17964
17974
17984
17994
18004
18014
18024
18034
18044
18054
14950
14995
15040
15085
15130
15175
15220
15265
15310
15355
15400
15445
15490
15535
15580
15625
15670
15715
15760
15805
15850
15895
15940
15985
16030
16075
16120
16165
16210
16255
16300
16345
16390
16435
16480
16525
16570
16615
16660
16705
16750
16795
16840
16885
16930
16975
17020
17065
17110
17155
17200
17245
17290
17335
17380
17425
17470
17515
17560
17605
17650
17695
17740
17785
17830
14951
14996
15041
15086
15131
15176
15221
15266
15311
15356
15401
15446
15491
15536
15581
15626
15671
15716
15761
15806
15851
15896
15941
15986
16031
16076
16121
16166
16211
16256
16301
16346
16391
16436
16481
16526
16571
16616
16661
16706
16751
16796
16841
16886
16931
16976
17021
17066
17111
17156
17201
17246
17291
17336
17381
17426
17471
17516
17561
17606
17651
17696
17741
17786
17831
14952
14997
15042
15087
15132
15177
15222
15267
15312
15357
15402
15447
15492
15537
15582
15627
15672
15717
15762
15807
15852
15897
15942
15987
16032
16077
16122
16167
16212
16257
16302
16347
16392
16437
16482
16527
16572
16617
16662
16707
16752
16797
16842
16887
16932
16977
17022
17067
17112
17157
17202
17247
17292
17337
17382
17427
17472
17517
17562
17607
17652
17697
17742
17787
17832
14953
14998
15043
15088
15133
15178
15223
15268
15313
15358
15403
15448
15493
15538
15583
15628
15673
15718
15763
15808
15853
15898
15943
15988
16033
16078
16123
16168
16213
16258
16303
16348
16393
16438
16483
16528
16573
16618
16663
16708
16753
16798
16843
16888
16933
16978
17023
17068
17113
17158
17203
17248
17293
17338
17383
17428
17473
17518
17563
17608
17653
17698
17743
17788
17833
14954
14999
15044
15089
15134
15179
15224
15269
15314
15359
15404
15449
15494
15539
15584
15629
15674
15719
15764
15809
15854
15899
15944
15989
16034
16079
16124
16169
16214
16259
16304
16349
16394
16439
16484
16529
16574
16619
16664
16709
16754
16799
16844
16889
16934
16979
17024
17069
17114
17159
17204
17249
17294
17339
17384
17429
17474
17519
17564
17609
17654
17699
17744
17789
17834
14955
15000
15045
15090
15135
15180
15225
15270
15315
15360
15405
15450
15495
15540
15585
15630
15675
15720
15765
15810
15855
15900
15945
15990
16035
16080
16125
16170
16215
16260
16305
16350
16395
16440
16485
16530
16575
16620
16665
16710
16755
16800
16845
16890
16935
16980
17025
17070
17115
17160
17205
17250
17295
17340
17385
17430
17475
17520
17565
17610
17655
17700
17745
17790
17835
14956
15001
15046
15091
15136
15181
15226
15271
15316
15361
15406
15451
15496
15541
15586
15631
15676
15721
15766
15811
15856
15901
15946
15991
16036
16081
16126
16171
16216
16261
16306
16351
16396
16441
16486
16531
16576
16621
16666
16711
16756
16801
16846
16891
16936
16981
17026
17071
17116
17161
17206
17251
17296
17341
17386
17431
17476
17521
17566
17611
17656
17701
17746
17791
17836
14957
15002
15047
15092
15137
15182
15227
15272
15317
15362
15407
15452
15497
15542
15587
15632
15677
15722
15767
15812
15857
15902
15947
15992
16037
16082
16127
16172
16217
16262
16307
16352
16397
16442
16487
16532
16577
16622
16667
16712
16757
16802
16847
16892
16937
16982
17027
17072
17117
17162
17207
17252
17297
17342
17387
17432
17477
17522
17567
17612
17657
17702
17747
17792
17837
14958
15003
15048
15093
15138
15183
15228
15273
15318
15363
15408
15453
15498
15543
15588
15633
15678
15723
15768
15813
15858
15903
15948
15993
16038
16083
16128
16173
16218
16263
16308
16353
16398
16443
16488
16533
16578
16623
16668
16713
16758
16803
16848
16893
16938
16983
17028
17073
17118
17163
17208
17253
17298
17343
17388
17433
17478
17523
17568
17613
17658
17703
17748
17793
17838
14959
15004
15049
15094
15139
15184
15229
15274
15319
15364
15409
15454
15499
15544
15589
15634
15679
15724
15769
15814
15859
15904
15949
15994
16039
16084
16129
16174
16219
16264
16309
16354
16399
16444
16489
16534
16579
16624
16669
16714
16759
16804
16849
16894
16939
16984
17029
17074
17119
17164
17209
17254
17299
17344
17389
17434
17479
17524
17569
17614
17659
17704
17749
17794
17839
14960
15005
15050
15095
15140
15185
15230
15275
15320
15365
15410
15455
15500
15545
15590
15635
15680
15725
15770
15815
15860
15905
15950
15995
16040
16085
16130
16175
16220
16265
16310
16355
16400
16445
16490
16535
16580
16625
16670
16715
16760
16805
16850
16895
16940
16985
17030
17075
17120
17165
17210
17255
17300
17345
17390
17435
17480
17525
17570
17615
17660
17705
17750
17795
17840
14961
15006
15051
15096
15141
15186
15231
15276
15321
15366
15411
15456
15501
15546
15591
15636
15681
15726
15771
15816
15861
15906
15951
15996
16041
16086
16131
16176
16221
16266
16311
16356
16401
16446
16491
16536
16581
16626
16671
16716
16761
16806
16851
16896
16941
16986
17031
17076
17121
17166
17211
17256
17301
17346
17391
17436
17481
17526
17571
17616
17661
17706
17751
17796
17841
14962
15007
15052
15097
15142
15187
15232
15277
15322
15367
15412
15457
15502
15547
15592
15637
15682
15727
15772
15817
15862
15907
15952
15997
16042
16087
16132
16177
16222
16267
16312
16357
16402
16447
16492
16537
16582
16627
16672
16717
16762
16807
16852
16897
16942
16987
17032
17077
17122
17167
17212
17257
17302
17347
17392
17437
17482
17527
17572
17617
17662
17707
17752
17797
17842
14963
15008
15053
15098
15143
15188
15233
15278
15323
15368
15413
15458
15503
15548
15593
15638
15683
15728
15773
15818
15863
15908
15953
15998
16043
16088
16133
16178
16223
16268
16313
16358
16403
16448
16493
16538
16583
16628
16673
16718
16763
16808
16853
16898
16943
16988
17033
17078
17123
17168
17213
17258
17303
17348
17393
17438
17483
17528
17573
17618
17663
17708
17753
17798
17843
14964
15009
15054
15099
15144
15189
15234
15279
15324
15369
15414
15459
15504
15549
15594
15639
15684
15729
15774
15819
15864
15909
15954
15999
16044
16089
16134
16179
16224
16269
16314
16359
16404
16449
16494
16539
16584
16629
16674
16719
16764
16809
16854
16899
16944
16989
17034
17079
17124
17169
17214
17259
17304
17349
17394
17439
17484
17529
17574
17619
17664
17709
17754
17799
17844
14965
15010
15055
15100
15145
15190
15235
15280
15325
15370
15415
15460
15505
15550
15595
15640
15685
15730
15775
15820
15865
15910
15955
16000
16045
16090
16135
16180
16225
16270
16315
16360
16405
16450
16495
16540
16585
16630
16675
16720
16765
16810
16855
16900
16945
16990
17035
17080
17125
17170
17215
17260
17305
17350
17395
17440
17485
17530
17575
17620
17665
17710
17755
17800
17845
14966
15011
15056
15101
15146
15191
15236
15281
15326
15371
15416
15461
15506
15551
15596
15641
15686
15731
15776
15821
15866
15911
15956
16001
16046
16091
16136
16181
16226
16271
16316
16361
16406
16451
16496
16541
16586
16631
16676
16721
16766
16811
16856
16901
16946
16991
17036
17081
17126
17171
17216
17261
17306
17351
17396
17441
17486
17531
17576
17621
17666
17711
17756
17801
17846
14967
15012
15057
15102
15147
15192
15237
15282
15327
15372
15417
15462
15507
15552
15597
15642
15687
15732
15777
15822
15867
15912
15957
16002
16047
16092
16137
16182
16227
16272
16317
16362
16407
16452
16497
16542
16587
16632
16677
16722
16767
16812
16857
16902
16947
16992
17037
17082
17127
17172
17217
17262
17307
17352
17397
17442
17487
17532
17577
17622
17667
17712
17757
17802
17847
14968
15013
15058
15103
15148
15193
15238
15283
15328
15373
15418
15463
15508
15553
15598
15643
15688
15733
15778
15823
15868
15913
15958
16003
16048
16093
16138
16183
16228
16273
16318
16363
16408
16453
16498
16543
16588
16633
16678
16723
16768
16813
16858
16903
16948
16993
17038
17083
17128
17173
17218
17263
17308
17353
17398
17443
17488
17533
17578
17623
17668
17713
17758
17803
17848
14969
15014
15059
15104
15149
15194
15239
15284
15329
15374
15419
15464
15509
15554
15599
15644
15689
15734
15779
15824
15869
15914
15959
16004
16049
16094
16139
16184
16229
16274
16319
16364
16409
16454
16499
16544
16589
16634
16679
16724
16769
16814
16859
16904
16949
16994
17039
17084
17129
17174
17219
17264
17309
17354
17399
17444
17489
17534
17579
17624
17669
17714
17759
17804
17849
14970
15015
15060
15105
15150
15195
15240
15285
15330
15375
15420
15465
15510
15555
15600
15645
15690
15735
15780
15825
15870
15915
15960
16005
16050
16095
16140
16185
16230
16275
16320
16365
16410
16455
16500
16545
16590
16635
16680
16725
16770
16815
16860
16905
16950
16995
17040
17085
17130
17175
17220
17265
17310
17355
17400
17445
17490
17535
17580
17625
17670
17715
17760
17805
17850
14971
15016
15061
15106
15151
15196
15241
15286
15331
15376
15421
15466
15511
15556
15601
15646
15691
15736
15781
15826
15871
15916
15961
16006
16051
16096
16141
16186
16231
16276
16321
16366
16411
16456
16501
16546
16591
16636
16681
16726
16771
16816
16861
16906
16951
16996
17041
17086
17131
17176
17221
17266
17311
17356
17401
17446
17491
17536
17581
17626
17671
17716
17761
17806
17851
14972
15017
15062
15107
15152
15197
15242
15287
15332
15377
15422
15467
15512
15557
15602
15647
15692
15737
15782
15827
15872
15917
15962
16007
16052
16097
16142
16187
16232
16277
16322
16367
16412
16457
16502
16547
16592
16637
16682
16727
16772
16817
16862
16907
16952
16997
17042
17087
17132
17177
17222
17267
17312
17357
17402
17447
17492
17537
17582
17627
17672
17717
17762
17807
17852
14973
15018
15063
15108
15153
15198
15243
15288
15333
15378
15423
15468
15513
15558
15603
15648
15693
15738
15783
15828
15873
15918
15963
16008
16053
16098
16143
16188
16233
16278
16323
16368
16413
16458
16503
16548
16593
16638
16683
16728
16773
16818
16863
16908
16953
16998
17043
17088
17133
17178
17223
17268
17313
17358
17403
17448
17493
17538
17583
17628
17673
17718
17763
17808
17853
14974
15019
15064
15109
15154
15199
15244
15289
15334
15379
15424
15469
15514
15559
15604
15649
15694
15739
15784
15829
15874
15919
15964
16009
16054
16099
16144
16189
16234
16279
16324
16369
16414
16459
16504
16549
16594
16639
16684
16729
16774
16819
16864
16909
16954
16999
17044
17089
17134
17179
17224
17269
17314
17359
17404
17449
17494
17539
17584
17629
17674
17719
17764
17809
17854
14975
15020
15065
15110
15155
15200
15245
15290
15335
15380
15425
15470
15515
15560
15605
15650
15695
15740
15785
15830
15875
15920
15965
16010
16055
16100
16145
16190
16235
16280
16325
16370
16415
16460
16505
16550
16595
16640
16685
16730
16775
16820
16865
16910
16955
17000
17045
17090
17135
17180
17225
17270
17315
17360
17405
17450
17495
17540
17585
17630
17675
17720
17765
17810
17855
14976
15021
15066
15111
15156
15201
15246
15291
15336
15381
15426
15471
15516
15561
15606
15651
15696
15741
15786
15831
15876
15921
15966
16011
16056
16101
16146
16191
16236
16281
16326
16371
16416
16461
16506
16551
16596
16641
16686
16731
16776
16821
16866
16911
16956
17001
17046
17091
17136
17181
17226
17271
17316
17361
17406
17451
17496
17541
17586
17631
17676
17721
17766
17811
17856
14977
15022
15067
15112
15157
15202
15247
15292
15337
15382
15427
15472
15517
15562
15607
15652
15697
15742
15787
15832
15877
15922
15967
16012
16057
16102
16147
16192
16237
16282
16327
16372
16417
16462
16507
16552
16597
16642
16687
16732
16777
16822
16867
16912
16957
17002
17047
17092
17137
17182
17227
17272
17317
17362
17407
17452
17497
17542
17587
17632
17677
17722
17767
17812
17857
14978
15023
15068
15113
15158
15203
15248
15293
15338
15383
15428
15473
15518
15563
15608
15653
15698
15743
15788
15833
15878
15923
15968
16013
16058
16103
16148
16193
16238
16283
16328
16373
16418
16463
16508
16553
16598
16643
16688
16733
16778
16823
16868
16913
16958
17003
17048
17093
17138
17183
17228
17273
17318
17363
17408
17453
17498
17543
17588
17633
17678
17723
17768
17813
17858
14979
15024
15069
15114
15159
15204
15249
15294
15339
15384
15429
15474
15519
15564
15609
15654
15699
15744
15789
15834
15879
15924
15969
16014
16059
16104
16149
16194
16239
16284
16329
16374
16419
16464
16509
16554
16599
16644
16689
16734
16779
16824
16869
16914
16959
17004
17049
17094
17139
17184
17229
17274
17319
17364
17409
17454
17499
17544
17589
17634
17679
17724
17769
17814
17859
14980
15025
15070
15115
15160
15205
15250
15295
15340
15385
15430
15475
15520
15565
15610
15655
15700
15745
15790
15835
15880
15925
15970
16015
16060
16105
16150
16195
16240
16285
16330
16375
16420
16465
16510
16555
16600
16645
16690
16735
16780
16825
16870
16915
16960
17005
17050
17095
17140
17185
17230
17275
17320
17365
17410
17455
17500
17545
17590
17635
17680
17725
17770
17815
17860
14981
15026
15071
15116
15161
15206
15251
15296
15341
15386
15431
15476
15521
15566
15611
15656
15701
15746
15791
15836
15881
15926
15971
16016
16061
16106
16151
16196
16241
16286
16331
16376
16421
16466
16511
16556
16601
16646
16691
16736
16781
16826
16871
16916
16961
17006
17051
17096
17141
17186
17231
17276
17321
17366
17411
17456
17501
17546
17591
17636
17681
17726
17771
17816
17861
14982
15027
15072
15117
15162
15207
15252
15297
15342
15387
15432
15477
15522
15567
15612
15657
15702
15747
15792
15837
15882
15927
15972
16017
16062
16107
16152
16197
16242
16287
16332
16377
16422
16467
16512
16557
16602
16647
16692
16737
16782
16827
16872
16917
16962
17007
17052
17097
17142
17187
17232
17277
17322
17367
17412
17457
17502
17547
17592
17637
17682
17727
17772
17817
17862
14983
15028
15073
15118
15163
15208
15253
15298
15343
15388
15433
15478
15523
15568
15613
15658
15703
15748
15793
15838
15883
15928
15973
16018
16063
16108
16153
16198
16243
16288
16333
16378
16423
16468
16513
16558
16603
16648
16693
16738
16783
16828
16873
16918
16963
17008
17053
17098
17143
17188
17233
17278
17323
17368
17413
17458
17503
17548
17593
17638
17683
17728
17773
17818
17863
14984
15029
15074
15119
15164
15209
15254
15299
15344
15389
15434
15479
15524
15569
15614
15659
15704
15749
15794
15839
15884
15929
15974
16019
16064
16109
16154
16199
16244
16289
16334
16379
16424
16469
16514
16559
16604
16649
16694
16739
16784
16829
16874
16919
16964
17009
17054
17099
17144
17189
17234
17279
17324
17369
17414
17459
17504
17549
17594
17639
17684
17729
17774
17819
17864
14985
15030
15075
15120
15165
15210
15255
15300
15345
15390
15435
15480
15525
15570
15615
15660
15705
15750
15795
15840
15885
15930
15975
16020
16065
16110
16155
16200
16245
16290
16335
16380
16425
16470
16515
16560
16605
16650
16695
16740
16785
16830
16875
16920
16965
17010
17055
17100
17145
17190
17235
17280
17325
17370
17415
17460
17505
17550
17595
17640
17685
17730
17775
17820
17865
14986
15031
15076
15121
15166
15211
15256
15301
15346
15391
15436
15481
15526
15571
15616
15661
15706
15751
15796
15841
15886
15931
15976
16021
16066
16111
16156
16201
16246
16291
16336
16381
16426
16471
16516
16561
16606
16651
16696
16741
16786
16831
16876
16921
16966
17011
17056
17101
17146
17191
17236
17281
17326
17371
17416
17461
17506
17551
17596
17641
17686
17731
17776
17821
17866
14987
15032
15077
15122
15167
15212
15257
15302
15347
15392
15437
15482
15527
15572
15617
15662
15707
15752
15797
15842
15887
15932
15977
16022
16067
16112
16157
16202
16247
16292
16337
16382
16427
16472
16517
16562
16607
16652
16697
16742
16787
16832
16877
16922
16967
17012
17057
17102
17147
17192
17237
17282
17327
17372
17417
17462
17507
17552
17597
17642
17687
17732
17777
17822
17867
14988
15033
15078
15123
15168
15213
15258
15303
15348
15393
15438
15483
15528
15573
15618
15663
15708
15753
15798
15843
15888
15933
15978
16023
16068
16113
16158
16203
16248
16293
16338
16383
16428
16473
16518
16563
16608
16653
16698
16743
16788
16833
16878
16923
16968
17013
17058
17103
17148
17193
17238
17283
17328
17373
17418
17463
17508
17553
17598
17643
17688
17733
17778
17823
17868
14989
15034
15079
15124
15169
15214
15259
15304
15349
15394
15439
15484
15529
15574
15619
15664
15709
15754
15799
15844
15889
15934
15979
16024
16069
16114
16159
16204
16249
16294
16339
16384
16429
16474
16519
16564
16609
16654
16699
16744
16789
16834
16879
16924
16969
17014
17059
17104
17149
17194
17239
17284
17329
17374
17419
17464
17509
17554
17599
17644
17689
17734
17779
17824
17869
14990
15035
15080
15125
15170
15215
15260
15305
15350
15395
15440
15485
15530
15575
15620
15665
15710
15755
15800
15845
15890
15935
15980
16025
16070
16115
16160
16205
16250
16295
16340
16385
16430
16475
16520
16565
16610
16655
16700
16745
16790
16835
16880
16925
16970
17015
17060
17105
17150
17195
17240
17285
17330
17375
17420
17465
17510
17555
17600
17645
17690
17735
17780
17825
17870
14991
15036
15081
15126
15171
15216
15261
15306
15351
15396
15441
15486
15531
15576
15621
15666
15711
15756
15801
15846
15891
15936
15981
16026
16071
16116
16161
16206
16251
16296
16341
16386
16431
16476
16521
16566
16611
16656
16701
16746
16791
16836
16881
16926
16971
17016
17061
17106
17151
17196
17241
17286
17331
17376
17421
17466
17511
17556
17601
17646
17691
17736
17781
17826
17871
14992
15037
15082
15127
15172
15217
15262
15307
15352
15397
15442
15487
15532
15577
15622
15667
15712
15757
15802
15847
15892
15937
15982
16027
16072
16117
16162
16207
16252
16297
16342
16387
16432
16477
16522
16567
16612
16657
16702
16747
16792
16837
16882
16927
16972
17017
17062
17107
17152
17197
17242
17287
17332
17377
17422
17467
17512
17557
17602
17647
17692
17737
17782
17827
17872
14993
15038
15083
15128
15173
15218
15263
15308
15353
15398
15443
15488
15533
15578
15623
15668
15713
15758
15803
15848
15893
15938
15983
16028
16073
16118
16163
16208
16253
16298
16343
16388
16433
16478
16523
16568
16613
16658
16703
16748
16793
16838
16883
16928
16973
17018
17063
17108
17153
17198
17243
17288
17333
17378
17423
17468
17513
17558
17603
17648
17693
17738
17783
17828
17873
14994
15039
15084
15129
15174
15219
15264
15309
15354
15399
15444
15489
15534
15579
15624
15669
15714
15759
15804
15849
15894
15939
15984
16029
16074
16119
16164
16209
16254
16299
16344
16389
16434
16479
16524
16569
16614
16659
16704
16749
16794
16839
16884
16929
16974
17019
17064
17109
17154
17199
17244
17289
17334
17379
17424
17469
17514
17559
17604
17649
17694
17739
17784
17829
17874
14300
14310
14320
14330
14340
14350
14360
14370
14380
14390
14400
14410
14420
14430
14440
14450
14460
14470
14480
14490
14500
14510
14520
14530
14540
14550
14560
14570
14580
14590
14600
14610
14620
14630
14640
14650
14660
14670
14680
14690
14700
14710
14720
14730
14740
14750
14760
14770
14780
14790
14800
14810
14820
14830
14840
14850
14860
14870
14880
14890
14900
14910
14920
14930
14940
14301
14311
14321
14331
14341
14351
14361
14371
14381
14391
14401
14411
14421
14431
14441
14451
14461
14471
14481
14491
14501
14511
14521
14531
14541
14551
14561
14571
14581
14591
14601
14611
14621
14631
14641
14651
14661
14671
14681
14691
14701
14711
14721
14731
14741
14751
14761
14771
14781
14791
14801
14811
14821
14831
14841
14851
14861
14871
14881
14891
14901
14911
14921
14931
14941
14302
14312
14322
14332
14342
14352
14362
14372
14382
14392
14402
14412
14422
14432
14442
14452
14462
14472
14482
14492
14502
14512
14522
14532
14542
14552
14562
14572
14582
14592
14602
14612
14622
14632
14642
14652
14662
14672
14682
14692
14702
14712
14722
14732
14742
14752
14762
14772
14782
14792
14802
14812
14822
14832
14842
14852
14862
14872
14882
14892
14902
14912
14922
14932
14942
14303
14313
14323
14333
14343
14353
14363
14373
14383
14393
14403
14413
14423
14433
14443
14453
14463
14473
14483
14493
14503
14513
14523
14533
14543
14553
14563
14573
14583
14593
14603
14613
14623
14633
14643
14653
14663
14673
14683
14693
14703
14713
14723
14733
14743
14753
14763
14773
14783
14793
14803
14813
14823
14833
14843
14853
14863
14873
14883
14893
14903
14913
14923
14933
14943
14304
14314
14324
14334
14344
14354
14364
14374
14384
14394
14404
14414
14424
14434
14444
14454
14464
14474
14484
14494
14504
14514
14524
14534
14544
14554
14564
14574
14584
14594
14604
14614
14624
14634
14644
14654
14664
14674
14684
14694
14704
14714
14724
14734
14744
14754
14764
14774
14784
14794
14804
14814
14824
14834
14844
14854
14864
14874
14884
14894
14904
14914
14924
14934
14944
14305
14315
14325
14335
14345
14355
14365
14375
14385
14395
14405
14415
14425
14435
14445
14455
14465
14475
14485
14495
14505
14515
14525
14535
14545
14555
14565
14575
14585
14595
14605
14615
14625
14635
14645
14655
14665
14675
14685
14695
14705
14715
14725
14735
14745
14755
14765
14775
14785
14795
14805
14815
14825
14835
14845
14855
14865
14875
14885
14895
14905
14915
14925
14935
14945
14306
14316
14326
14336
14346
14356
14366
14376
14386
14396
14406
14416
14426
14436
14446
14456
14466
14476
14486
14496
14506
14516
14526
14536
14546
14556
14566
14576
14586
14596
14606
14616
14626
14636
14646
14656
14666
14676
14686
14696
14706
14716
14726
14736
14746
14756
14766
14776
14786
14796
14806
14816
14826
14836
14846
14856
14866
14876
14886
14896
14906
14916
14926
14936
14946
14307
14317
14327
14337
14347
14357
14367
14377
14387
14397
14407
14417
14427
14437
14447
14457
14467
14477
14487
14497
14507
14517
14527
14537
14547
14557
14567
14577
14587
14597
14607
14617
14627
14637
14647
14657
14667
14677
14687
14697
14707
14717
14727
14737
14747
14757
14767
14777
14787
14797
14807
14817
14827
14837
14847
14857
14867
14877
14887
14897
14907
14917
14927
14937
14947
14308
14318
14328
14338
14348
14358
14368
14378
14388
14398
14408
14418
14428
14438
14448
14458
14468
14478
14488
14498
14508
14518
14528
14538
14548
14558
14568
14578
14588
14598
14608
14618
14628
14638
14648
14658
14668
14678
14688
14698
14708
14718
14728
14738
14748
14758
14768
14778
14788
14798
14808
14818
14828
14838
14848
14858
14868
14878
14888
14898
14908
14918
14928
14938
14948
14309
14319
14329
14339
14349
14359
14369
14379
14389
14399
14409
14419
14429
14439
14449
14459
14469
14479
14489
14499
14509
14519
14529
14539
14549
14559
14569
14579
14589
14599
14609
14619
14629
14639
14649
14659
14669
14679
14689
14699
14709
14719
14729
14739
14749
14759
14769
14779
14789
14799
14809
14819
14829
14839
14849
14859
14869
14879
14889
14899
14909
14919
14929
14939
14949
17875
17885
17895
17905
17915
17925
17935
17945
17955
17965
17975
17985
17995
18005
18015
18025
18035
18045
17876
17886
17896
17906
17916
17926
17936
17946
17956
17966
17976
17986
17996
18006
18016
18026
18036
18046
17877
17887
17897
17907
17917
17927
17937
17947
17957
17967
17977
17987
17997
18007
18017
18027
18037
18047
17878
17888
17898
17908
17918
17928
17938
17948
17958
17968
17978
17988
17998
18008
18018
18028
18038
18048
17879
17889
17899
17909
17919
17929
17939
17949
17959
17969
17979
17989
17999
18009
18019
18029
18039
18049
17880
17890
17900
17910
17920
17930
17940
17950
17960
17970
17980
17990
18000
18010
18020
18030
18040
18050
17881
17891
17901
17911
17921
17931
17941
17951
17961
17971
17981
17991
18001
18011
18021
18031
18041
18051
17882
17892
17902
17912
17922
17932
17942
17952
17962
17972
17982
17992
18002
18012
18022
18032
18042
18052
17883
17893
17903
17913
17923
17933
17943
17953
17963
17973
17983
17993
18003
18013
18023
18033
18043
18053
17884
17894
17904
17914
17924
17934
17944
17954
17964
17974
17984
17994
18004
18014
18024
18034
18044
18054
0
220
440
660
880
1100
1320
1540
1760
1980
2200
2420
2640
2860
3080
3300
3520
3740
3960
4180
4400
4620
4840
5060
5280
5500
5720
5940
6160
6380
6600
6820
7040
7260
7480
7700
7920
8140
8360
8580
8800
9020
9240
9460
9680
9900
10120
10340
10560
10780
11000
11220
11440
11660
11880
12100
12320
12540
12760
12980
13200
13420
13640
13860
14080
1
221
441
661
881
1101
1321
1541
1761
1981
2201
2421
2641
2861
3081
3301
3521
3741
3961
4181
4401
4621
4841
5061
5281
5501
5721
5941
6161
6381
6601
6821
7041
7261
7481
7701
7921
8141
8361
8581
8801
9021
9241
9461
9681
9901
10121
10341
10561
10781
11001
11221
11441
11661
11881
12101
12321
12541
12761
12981
13201
13421
13641
13861
14081
2
222
442
662
882
1102
1322
1542
1762
1982
2202
2422
2642
2862
3082
3302
3522
3742
3962
4182
4402
4622
4842
5062
5282
5502
5722
5942
6162
6382
6602
6822
7042
7262
7482
7702
7922
8142
8362
8582
8802
9022
9242
9462
9682
9902
10122
10342
10562
10782
11002
11222
11442
11662
11882
12102
12322
12542
12762
12982
13202
13422
13642
13862
14082
3
223
443
663
883
1103
1323
1543
1763
1983
2203
2423
2643
2863
3083
3303
3523
3743
3963
4183
4403
4623
4843
5063
5283
5503
5723
5943
6163
6383
6603
6823
7043
7263
7483
7703
7923
8143
8363
8583
8803
9023
9243
9463
9683
9903
10123
10343
10563
10783
11003
11223
11443
11663
11883
12103
12323
12543
12763
12983
13203
13423
13643
13863
14083
4
224
444
664
884
1104
1324
1544
1764
1984
2204
2424
2644
2864
3084
3304
3524
3744
3964
4184
4404
4624
4844
5064
5284
5504
5724
5944
6164
6384
6604
6824
7044
7264
7484
7704
7924
8144
8364
8584
8804
9024
9244
9464
9684
9904
10124
10344
10564
10784
11004
11224
11444
11664
11884
12104
12324
12544
12764
12984
13204
13424
13644
13864
14084
5
225
445
665
885
1105
1325
1545
1765
1985
2205
2425
2645
2865
3085
3305
3525
3745
3965
4185
4405
4625
4845
5065
5285
5505
5725
5945
6165
6385
6605
6825
7045
7265
7485
7705
7925
8145
8365
8585
8805
9025
9245
9465
9685
9905
10125
10345
10565
10785
11005
11225
11445
11665
11885
12105
12325
12545
12765
12985
13205
13425
13645
13865
14085
6
226
446
666
886
1106
1326
1546
1766
1986
2206
2426
2646
2866
3086
3306
3526
3746
3966
4186
4406
4626
4846
5066
5286
5506
5726
5946
6166
6386
6606
6826
7046
7266
7486
7706
7926
8146
8366
8586
8806
9026
9246
9466
9686
9906
10126
10346
10566
10786
11006
11226
11446
11666
11886
12106
12326
12546
12766
12986
13206
13426
13646
13866
14086
7
227
447
667
887
1107
1327
1547
1767
1987
2207
2427
2647
2867
3087
3307
3527
3747
3967
4187
4407
4627
4847
5067
5287
5507
5727
5947
6167
6387
6607
6827
7047
7267
7487
7707
7927
8147
8367
8587
8807
9027
9247
9467
9687
9907
10127
10347
10567
10787
11007
11227
11447
11667
11887
12107
12327
12547
12767
12987
13207
13427
13647
13867
14087
8
228
448
668
888
1108
1328
1548
1768
1988
2208
2428
2648
2868
3088
3308
3528
3748
3968
4188
4408
4628
4848
5068
5288
5508
5728
5948
6168
6388
6608
6828
7048
7268
7488
7708
7928
8148
8368
8588
8808
9028
9248
9468
9688
9908
10128
10348
10568
10788
11008
11228
11448
11668
11888
12108
12328
12548
12768
12988
13208
13428
13648
13868
14088
9
229
449
669
889
1109
1329
1549
1769
1989
2209
2429
2649
2869
3089
3309
3529
3749
3969
4189
4409
4629
4849
5069
5289
5509
5729
5949
6169
6389
6609
6829
7049
7269
7489
7709
7929
8149
8369
8589
8809
9029
9249
9469
9689
9909
10129
10349
10569
10789
11009
11229
11449
11669
11889
12109
12329
12549
12769
12989
13209
13429
13649
13869
14089
10
230
450
670
890
1110
1330
1550
1770
1990
2210
2430
2650
2870
3090
3310
3530
3750
3970
4190
4410
4630
4850
5070
5290
5510
5730
5950
6170
6390
6610
6830
7050
7270
7490
7710
7930
8150
8370
8590
8810
9030
9250
9470
9690
9910
10130
10350
10570
10790
11010
11230
11450
11670
11890
12110
12330
12550
12770
12990
13210
13430
13650
13870
14090
11
231
451
671
891
1111
1331
1551
1771
1991
2211
2431
2651
2871
3091
3311
3531
3751
3971
4191
4411
4631
4851
5071
5291
5511
5731
5951
6171
6391
6611
6831
7051
7271
7491
7711
7931
8151
8371
8591
8811
9031
9251
9471
9691
9911
10131
10351
10571
10791
11011
11231
11451
11671
11891
12111
12331
12551
12771
12991
13211
13431
13651
13871
14091
12
232
452
672
892
1112
1332
1552
1772
1992
2212
2432
2652
2872
3092
3312
3532
3752
3972
4192
4412
4632
4852
5072
5292
5512
5732
5952
6172
6392
6612
6832
7052
7272
7492
7712
7932
8152
8372
8592
8812
9032
9252
9472
9692
9912
10132
10352
10572
10792
11012
11232
11452
11672
11892
12112
12332
12552
12772
12992
13212
13432
13652
13872
14092
13
233
453
673
893
1113
1333
1553
1773
1993
2213
2433
2653
2873
3093
3313
3533
3753
3973
4193
4413
4633
4853
5073
5293
5513
5733
5953
6173
6393
6613
6833
7053
7273
7493
7713
7933
8153
8373
8593
8813
9033
9253
9473
9693
9913
10133
10353
10573
10793
11013
11233
11453
11673
11893
12113
12333
12553
12773
12993
13213
13433
13653
13873
14093
14
234
454
674
894
1114
1334
1554
1774
1994
2214
2434
2654
2874
3094
3314
3534
3754
3974
4194
4414
4634
4854
5074
5294
5514
5734
5954
6174
6394
6614
6834
7054
7274
7494
7714
7934
8154
8374
8594
8814
9034
9254
9474
9694
9914
10134
10354
10574
10794
11014
11234
11454
11674
11894
12114
12334
12554
12774
12994
13214
13434
13654
13874
14094
15
235
455
675
895
1115
1335
1555
1775
1995
2215
2435
2655
2875
3095
3315
3535
3755
3975
4195
4415
4635
4855
5075
5295
5515
5735
5955
6175
6395
6615
6835
7055
7275
7495
7715
7935
8155
8375
8595
8815
9035
9255
9475
9695
9915
10135
10355
10575
10795
11015
11235
11455
11675
11895
12115
12335
12555
12775
12995
13215
13435
13655
13875
14095
16
236
456
676
896
1116
1336
1556
1776
1996
2216
2436
2656
2876
3096
3316
3536
3756
3976
4196
4416
4636
4856
5076
5296
5516
5736
5956
6176
6396
6616
6836
7056
7276
7496
7716
7936
8156
8376
8596
8816
9036
9256
9476
9696
9916
10136
10356
10576
10796
11016
11236
11456
11676
11896
12116
12336
12556
12776
12996
13216
13436
13656
13876
14096
17
237
457
677
897
1117
1337
1557
1777
1997
2217
2437
2657
2877
3097
3317
3537
3757
3977
4197
4417
4637
4857
5077
5297
5517
5737
5957
6177
6397
6617
6837
7057
7277
7497
7717
7937
8157
8377
8597
8817
9037
9257
9477
9697
9917
10137
10357
10577
10797
11017
11237
11457
11677
11897
12117
12337
12557
12777
12997
13217
13437
13657
13877
14097
18
238
458
678
898
1118
1338
1558
1778
1998
2218
2438
2658
2878
3098
3318
3538
3758
3978
4198
4418
4638
4858
5078
5298
5518
5738
5958
6178
6398
6618
6838
7058
7278
7498
7718
7938
8158
8378
8598
8818
9038
9258
9478
9698
9918
10138
10358
10578
10798
11018
11238
11458
11678
11898
12118
12338
12558
12778
12998
13218
13438
13658
13878
14098
19
239
459
679
899
1119
1339
1559
1779
1999
2219
2439
2659
2879
3099
3319
3539
3759
3979
4199
4419
4639
4859
5079
5299
5519
5739
5959
6179
6399
6619
6839
7059
7279
7499
7719
7939
8159
8379
8599
8819
9039
9259
9479
9699
9919
10139
10359
10579
10799
11019
11239
11459
11679
11899
12119
12339
12559
12779
12999
13219
13439
13659
13879
14099
20
240
460
680
900
1120
1340
1560
1780
2000
2220
2440
2660
2880
3100
3320
3540
3760
3980
4200
4420
4640
4860
5080
5300
5520
5740
5960
6180
6400
6620
6840
7060
7280
7500
7720
7940
8160
8380
8600
8820
9040
9260
9480
9700
9920
10140
10360
10580
10800
11020
11240
11460
11680
11900
12120
12340
12560
12780
13000
13220
13440
13660
13880
14100
21
241
461
681
901
1121
1341
1561
1781
2001
2221
2441
2661
2881
3101
3321
3541
3761
3981
4201
4421
4641
4861
5081
5301
5521
5741
5961
6181
6401
6621
6841
7061
7281
7501
7721
7941
8161
8381
8601
8821
9041
9261
9481
9701
9921
10141
10361
10581
10801
11021
11241
11461
11681
11901
12121
12341
12561
12781
13001
13221
13441
13661
13881
14101
22
242
462
682
902
1122
1342
1562
1782
2002
2222
2442
2662
2882
3102
3322
3542
3762
3982
4202
4422
4642
4862
5082
5302
5522
5742
5962
6182
6402
6622
6842
7062
7282
7502
7722
7942
8162
8382
8602
8822
9042
9262
9482
9702
9922
10142
10362
10582
10802
11022
11242
11462
11682
11902
12122
12342
12562
12782
13002
13222
13442
13662
13882
14102
23
243
463
683
903
1123
1343
1563
1783
2003
2223
2443
2663
2883
3103
3323
3543
3763
3983
4203
4423
4643
4863
5083
5303
5523
5743
5963
6183
6403
6623
6843
7063
7283
7503
7723
7943
8163
8383
8603
8823
9043
9263
9483
9703
9923
10143
10363
10583
10803
11023
11243
11463
11683
11903
12123
12343
12563
12783
13003
13223
13443
13663
13883
14103
24
244
464
684
904
1124
1344
1564
1784
2004
2224
2444
2664
2884
3104
3324
3544
3764
3984
4204
4424
4644
4864
5084
5304
5524
5744
5964
6184
6404
6624
6844
7064
7284
7504
7724
7944
8164
8384
8604
8824
9044
9264
9484
9704
9924
10144
10364
10584
10804
11024
11244
11464
11684
11904
12124
12344
12564
12784
13004
13224
13444
13664
13884
14104
25
245
465
685
905
1125
1345
1565
1785
2005
2225
2445
2665
2885
3105
3325
3545
3765
3985
4205
4425
4645
4865
5085
5305
5525
5745
5965
6185
6405
6625
6845
7065
7285
7505
7725
7945
8165
8385
8605
8825
9045
9265
9485
9705
9925
10145
10365
10585
10805
11025
11245
11465
11685
11905
12125
12345
12565
12785
13005
13225
13445
13665
13885
14105
26
246
466
686
906
1126
1346
1566
1786
2006
2226
2446
2666
2886
3106
3326
3546
3766
3986
4206
4426
4646
4866
5086
5306
5526
5746
5966
6186
6406
6626
6846
7066
7286
7506
7726
7946
8166
8386
8606
8826
9046
9266
9486
9706
9926
10146
10366
10586
10806
11026
11246
11466
11686
11906
12126
12346
12566
12786
13006
13226
13446
13666
13886
14106
27
247
467
687
907
1127
1347
1567
1787
2007
2227
2447
2667
2887
3107
3327
3547
3767
3987
4207
4427
4647
4867
5087
5307
5527
5747
5967
6187
6407
6627
6847
7067
7287
7507
7727
7947
8167
8387
8607
8827
9047
9267
9487
9707
9927
10147
10367
10587
10807
11027
11247
11467
11687
11907
12127
12347
12567
12787
13007
13227
13447
13667
13887
14107
28
248
468
688
908
1128
1348
1568
1788
2008
2228
2448
2668
2888
3108
3328
3548
3768
3988
4208
4428
4648
4868
5088
5308
5528
5748
5968
6188
6408
6628
6848
7068
7288
7508
7728
7948
8168
8388
8608
8828
9048
9268
9488
9708
9928
10148
10368
10588
10808
11028
11248
11468
11688
11908
12128
12348
12568
12788
13008
13228
13448
13668
13888
14108
29
249
469
689
909
1129
1349
1569
1789
2009
2229
2449
2669
2889
3109
3329
3549
3769
3989
4209
4429
4649
4869
5089
5309
5529
5749
5969
6189
6409
6629
6849
7069
7289
7509
7729
7949
8169
8389
8609
8829
9049
9269
9489
9709
9929
10149
10369
10589
10809
11029
11249
11469
11689
11909
12129
12349
12569
12789
13009
13229
13449
13669
13889
14109
30
250
470
690
910
1130
1350
1570
1790
2010
2230
2450
2670
2890
3110
3330
3550
3770
3990
4210
4430
4650
4870
5090
5310
5530
5750
5970
6190
6410
6630
6850
7070
7290
7510
7730
7950
8170
8390
8610
8830
9050
9270
9490
9710
9930
10150
10370
10590
10810
11030
11250
11470
11690
11910
12130
12350
12570
12790
13010
13230
13450
13670
13890
14110
31
251
471
691
911
1131
1351
1571
1791
2011
2231
2451
2671
2891
3111
3331
3551
3771
3991
4211
4431
4651
4871
5091
5311
5531
5751
5971
6191
6411
6631
6851
7071
7291
7511
7731
7951
8171
8391
8611
8831
9051
9271
9491
9711
9931
10151
10371
10591
10811
11031
11251
11471
11691
11911
12131
12351
12571
12791
13011
13231
13451
13671
13891
14111
32
252
472
692
912
1132
1352
1572
1792
2012
2232
2452
2672
2892
3112
3332
3552
3772
3992
4212
4432
4652
4872
5092
5312
5532
5752
5972
6192
6412
6632
6852
7072
7292
7512
7732
7952
8172
8392
8612
8832
9052
9272
9492
9712
9932
10152
10372
10592
10812
11032
11252
11472
11692
11912
12132
12352
12572
12792
13012
13232
13452
13672
13892
14112
33
253
473
693
913
1133
1353
1573
1793
2013
2233
2453
2673
2893
3113
3333
3553
3773
3993
4213
4433
4653
4873
5093
5313
5533
5753
5973
6193
6413
6633
6853
7073
7293
7513
7733
7953
8173
8393
8613
8833
9053
9273
9493
9713
9933
10153
10373
10593
10813
11033
11253
11473
11693
11913
12133
12353
12573
12793
13013
13233
13453
13673
13893
14113
34
254
474
694
914
1134
1354
1574
1794
2014
2234
2454
2674
2894
3114
3334
3554
3774
3994
4214
4434
4654
4874
5094
5314
5534
5754
5974
6194
6414
6634
6854
7074
7294
7514
7734
7954
8174
8394
8614
8834
9054
9274
9494
9714
9934
10154
10374
10594
10814
11034
11254
11474
11694
11914
12134
12354
12574
12794
13014
13234
13454
13674
13894
14114
35
255
475
695
915
1135
1355
1575
1795
2015
2235
2455
2675
2895
3115
3335
3555
3775
3995
4215
4435
4655
4875
5095
5315
5535
5755
5975
6195
6415
6635
6855
7075
7295
7515
7735
7955
8175
8395
8615
8835
9055
9275
9495
9715
9935
10155
10375
10595
10815
11035
11255
11475
11695
11915
12135
12355
12575
12795
13015
13235
13455
13675
13895
14115
36
256
476
696
916
1136
1356
1576
1796
2016
2236
2456
2676
2896
3116
3336
3556
3776
3996
4216
4436
4656
4876
5096
5316
5536
5756
5976
6196
6416
6636
6856
7076
7296
7516
7736
7956
8176
8396
8616
8836
9056
9276
9496
9716
9936
10156
10376
10596
10816
11036
11256
11476
11696
11916
12136
12356
12576
12796
13016
13236
13456
13676
13896
14116
37
257
477
697
917
1137
1357
1577
1797
2017
2237
2457
2677
2897
3117
3337
3557
3777
3997
4217
4437
4657
4877
5097
5317
5537
5757
5977
6197
6417
6637
6857
7077
7297
7517
7737
7957
8177
8397
8617
8837
9057
9277
9497
9717
9937
10157
10377
10597
10817
11037
11257
11477
11697
11917
12137
12357
12577
12797
13017
13237
13457
13677
13897
14117
38
258
478
698
918
1138
1358
1578
1798
2018
2238
2458
2678
2898
3118
3338
3558
3778
3998
4218
4438
4658
4878
5098
5318
5538
5758
5978
6198
6418
6638
6858
7078
7298
7518
7738
7958
8178
8398
8618
8838
9058
9278
9498
9718
9938
10158
10378
10598
10818
11038
11258
11478
11698
11918
12138
12358
12578
12798
13018
13238
13458
13678
13898
14118
39
259
479
699
919
1139
1359
1579
1799
2019
2239
2459
2679
2899
3119
3339
3559
3779
3999
4219
4439
4659
4879
5099
5319
5539
5759
5979
6199
6419
6639
6859
7079
7299
7519
7739
7959
8179
8399
8619
8839
9059
9279
9499
9719
9939
10159
10379
10599
10819
11039
11259
11479
11699
11919
12139
12359
12579
12799
13019
13239
13459
13679
13899
14119
40
260
480
700
920
1140
1360
1580
1800
2020
2240
2460
2680
2900
3120
3340
3560
3780
4000
4220
4440
4660
4880
5100
5320
5540
5760
5980
6200
6420
6640
6860
7080
7300
7520
7740
7960
8180
8400
8620
8840
9060
9280
9500
9720
9940
10160
10380
10600
10820
11040
11260
11480
11700
11920
12140
12360
12580
12800
13020
13240
13460
13680
13900
14120
41
261
481
701
921
1141
1361
1581
1801
2021
2241
2461
2681
2901
3121
3341
3561
3781
4001
4221
4441
4661
4881
5101
5321
5541
5761
5981
6201
6421
6641
6861
7081
7301
7521
7741
7961
8181
8401
8621
8841
9061
9281
9501
9721
9941
10161
10381
10601
10821
11041
11261
11481
11701
11921
12141
12361
12581
12801
13021
13241
13461
13681
13901
14121
42
262
482
702
922
1142
1362
1582
1802
2022
2242
2462
2682
2902
3122
3342
3562
3782
4002
4222
4442
4662
4882
5102
5322
5542
5762
5982
6202
6422
6642
6862
7082
7302
7522
7742
7962
8182
8402
8622
8842
9062
9282
9502
9722
9942
10162
10382
10602
10822
11042
11262
11482
11702
11922
12142
12362
12582
12802
13022
13242
13462
13682
13902
14122
43
263
483
703
923
1143
1363
1583
1803
2023
2243
2463
2683
2903
3123
3343
3563
3783
4003
4223
4443
4663
4883
5103
5323
5543
5763
5983
6203
6423
6643
6863
7083
7303
7523
7743
7963
8183
8403
8623
8843
9063
9283
9503
9723
9943
10163
10383
10603
10823
11043
11263
11483
11703
11923
12143
12363
12583
12803
13023
13243
13463
13683
13903
14123
44
264
484
704
924
1144
1364
1584
1804
2024
2244
2464
2684
2904
3124
3344
3564
3784
4004
4224
4444
4664
4884
5104
5324
5544
5764
5984
6204
6424
6644
6864
7084
7304
7524
7744
7964
8184
8404
8624
8844
9064
9284
9504
9724
9944
10164
10384
10604
10824
11044
11264
11484
11704
11924
12144
12364
12584
12804
13024
13244
13464
13684
13904
14124
45
265
485
705
925
1145
1365
1585
1805
2025
2245
2465
2685
2905
3125
3345
3565
3785
4005
4225
4445
4665
4885
5105
5325
5545
5765
5985
6205
6425
6645
6865
7085
7305
7525
7745
7965
8185
8405
8625
8845
9065
9285
9505
9725
9945
10165
10385
10605
10825
11045
11265
11485
11705
11925
12145
12365
12585
12805
13025
13245
13465
13685
13905
14125
46
266
486
706
926
1146
1366
1586
1806
2026
2246
2466
2686
2906
3126
3346
3566
3786
4006
4226
4446
4666
4886
5106
5326
5546
5766
5986
6206
6426
6646
6866
7086
7306
7526
7746
7966
8186
8406
8626
8846
9066
9286
9506
9726
9946
10166
10386
10606
10826
11046
11266
11486
11706
11926
12146
12366
12586
12806
13026
13246
13466
13686
13906
14126
47
267
487
707
927
1147
1367
1587
1807
2027
2247
2467
2687
2907
3127
3347
3567
3787
4007
4227
4447
4667
4887
5107
5327
5547
5767
5987
6207
6427
6647
6867
7087
7307
7527
7747
7967
8187
8407
8627
8847
9067
9287
9507
9727
9947
10167
10387
10607
10827
11047
11267
11487
11707
11927
12147
12367
12587
12807
13027
13247
13467
13687
13907
14127
48
268
488
708
928
1148
1368
1588
1808
2028
2248
2468
2688
2908
3128
3348
3568
3788
4008
4228
4448
4668
4888
5108
5328
5548
5768
5988
6208
6428
6648
6868
7088
7308
7528
7748
7968
8188
8408
8628
8848
9068
9288
9508
9728
9948
10168
10388
10608
10828
11048
11268
11488
11708
11928
12148
12368
12588
12808
13028
13248
13468
13688
13908
14128
49
269
489
709
929
1149
1369
1589
1809
2029
2249
2469
2689
2909
3129
3349
3569
3789
4009
4229
4449
4669
4889
5109
5329
5549
5769
5989
6209
6429
6649
6869
7089
7309
7529
7749
7969
8189
8409
8629
8849
9069
9289
9509
9729
9949
10169
10389
10609
10829
11049
11269
11489
11709
11929
12149
12369
12589
12809
13029
13249
13469
13689
13909
14129
50
270
490
710
930
1150
1370
1590
1810
2030
2250
2470
2690
2910
3130
3350
3570
3790
4010
4230
4450
4670
4890
5110
5330
5550
5770
5990
6210
6430
6650
6870
7090
7310
7530
7750
7970
8190
8410
8630
8850
9070
9290
9510
9730
9950
10170
10390
10610
10830
11050
11270
11490
11710
11930
12150
12370
12590
12810
13030
13250
13470
13690
13910
14130
51
271
491
711
931
1151
1371
1591
1811
2031
2251
2471
2691
2911
3131
3351
3571
3791
4011
4231
4451
4671
4891
5111
5331
5551
5771
5991
6211
6431
6651
6871
7091
7311
7531
7751
7971
8191
8411
8631
8851
9071
9291
9511
9731
9951
10171
10391
10611
10831
11051
11271
11491
11711
11931
12151
12371
12591
12811
13031
13251
13471
13691
13911
14131
52
272
492
712
932
1152
1372
1592
1812
2032
2252
2472
2692
2912
3132
3352
3572
3792
4012
4232
4452
4672
4892
5112
5332
5552
5772
5992
6212
6432
6652
6872
7092
7312
7532
7752
7972
8192
8412
8632
8852
9072
9292
9512
9732
9952
10172
10392
10612
10832
11052
11272
11492
11712
11932
12152
12372
12592
12812
13032
13252
13472
13692
13912
14132
53
273
493
713
933
1153
1373
1593
1813
2033
2253
2473
2693
2913
3133
3353
3573
3793
4013
4233
4453
4673
4893
5113
5333
5553
5773
5993
6213
6433
6653
6873
7093
7313
7533
7753
7973
8193
8413
8633
8853
9073
9293
9513
9733
9953
10173
10393
10613
10833
11053
11273
11493
11713
11933
12153
12373
12593
12813
13033
13253
13473
13693
13913
14133
54
274
494
714
934
1154
1374
1594
1814
2034
2254
2474
2694
2914
3134
3354
3574
3794
4014
4234
4454
4674
4894
5114
5334
5554
5774
5994
6214
6434
6654
6874
7094
7314
7534
7754
7974
8194
8414
8634
8854
9074
9294
9514
9734
9954
10174
10394
10614
10834
11054
11274
11494
11714
11934
12154
12374
12594
12814
13034
13254
13474
13694
13914
14134
55
275
495
715
935
1155
1375
1595
1815
2035
2255
2475
2695
2915
3135
3355
3575
3795
4015
4235
4455
4675
4895
5115
5335
5555
5775
5995
6215
6435
6655
6875
7095
7315
7535
7755
7975
8195
8415
8635
8855
9075
9295
9515
9735
9955
10175
10395
10615
10835
11055
11275
11495
11715
11935
12155
12375
12595
12815
13035
13255
13475
13695
13915
14135
56
276
496
716
936
1156
1376
1596
1816
2036
2256
2476
2696
2916
3136
3356
3576
3796
4016
4236
4456
4676
4896
5116
5336
5556
5776
5996
6216
6436
6656
6876
7096
7316
7536
7756
7976
8196
8416
8636
8856
9076
9296
9516
9736
9956
10176
10396
10616
10836
11056
11276
11496
11716
11936
12156
12376
12596
12816
13036
13256
13476
13696
13916
14136
57
277
497
717
937
1157
1377
1597
1817
2037
2257
2477
2697
2917
3137
3357
3577
3797
4017
4237
4457
4677
4897
5117
5337
5557
5777
5997
6217
6437
6657
6877
7097
7317
7537
7757
7977
8197
8417
8637
8857
9077
9297
9517
9737
9957
10177
10397
10617
10837
11057
11277
11497
11717
11937
12157
12377
12597
12817
13037
13257
13477
13697
13917
14137
58
278
498
718
938
1158
1378
1598
1818
2038
2258
2478
2698
2918
3138
3358
3578
3798
4018
4238
4458
4678
4898
5118
5338
5558
5778
5998
6218
6438
6658
6878
7098
7318
7538
7758
7978
8198
8418
8638
8858
9078
9298
9518
9738
9958
10178
10398
10618
10838
11058
11278
11498
11718
11938
12158
12378
12598
12818
13038
13258
13478
13698
13918
14138
59
279
499
719
939
1159
1379
1599
1819
2039
2259
2479
2699
2919
3139
3359
3579
3799
4019
4239
4459
4679
4899
5119
5339
5559
5779
5999
6219
6439
6659
6879
7099
7319
7539
7759
7979
8199
8419
8639
8859
9079
9299
9519
9739
9959
10179
10399
10619
10839
11059
11279
11499
11719
11939
12159
12379
12599
12819
13039
13259
13479
13699
13919
14139
60
280
500
720
940
1160
1380
1600
1820
2040
2260
2480
2700
2920
3140
3360
3580
3800
4020
4240
4460
4680
4900
5120
5340
5560
5780
6000
6220
6440
6660
6880
7100
7320
7540
7760
7980
8200
8420
8640
8860
9080
9300
9520
9740
9960
10180
10400
10620
10840
11060
11280
11500
11720
11940
12160
12380
12600
12820
13040
13260
13480
13700
13920
14140
61
281
501
721
941
1161
1381
1601
1821
2041
2261
2481
2701
2921
3141
3361
3581
3801
4021
4241
4461
4681
4901
5121
5341
5561
5781
6001
6221
6441
6661
6881
7101
7321
7541
7761
7981
8201
8421
8641
8861
9081
9301
9521
9741
9961
10181
10401
10621
10841
11061
11281
11501
11721
11941
12161
12381
12601
12821
13041
13261
13481
13701
13921
14141
62
282
502
722
942
1162
1382
1602
1822
2042
2262
2482
2702
2922
3142
3362
3582
3802
4022
4242
4462
4682
4902
5122
5342
5562
5782
6002
6222
6442
6662
6882
7102
7322
7542
7762
7982
8202
8422
8642
8862
9082
9302
9522
9742
9962
10182
10402
10622
10842
11062
11282
11502
11722
11942
12162
12382
12602
12822
13042
13262
13482
13702
13922
14142
63
283
503
723
943
1163
1383
1603
1823
2043
2263
2483
2703
2923
3143
3363
3583
3803
4023
4243
4463
4683
4903
5123
5343
5563
5783
6003
6223
6443
6663
6883
7103
7323
7543
7763
7983
8203
8423
8643
8863
9083
9303
9523
9743
9963
10183
10403
10623
10843
11063
11283
11503
11723
11943
12163
12383
12603
12823
13043
13263
13483
13703
13923
14143
64
284
504
724
944
1164
1384
1604
1824
2044
2264
2484
2704
2924
3144
3364
3584
3804
4024
4244
4464
4684
4904
5124
5344
5564
5784
6004
6224
6444
6664
6884
7104
7324
7544
7764
7984
8204
8424
8644
8864
9084
9304
9524
9744
9964
10184
10404
10624
10844
11064
11284
11504
11724
11944
12164
12384
12604
12824
13044
13264
13484
13704
13924
14144
65
285
505
725
945
1165
1385
1605
1825
2045
2265
2485
2705
2925
3145
3365
3585
3805
4025
4245
4465
4685
4905
5125
5345
5565
5785
6005
6225
6445
6665
6885
7105
7325
7545
7765
7985
8205
8425
8645
8865
9085
9305
9525
9745
9965
10185
10405
10625
10845
11065
11285
11505
11725
11945
12165
12385
12605
12825
13045
13265
13485
13705
13925
14145
66
286
506
726
946
1166
1386
1606
1826
2046
2266
2486
2706
2926
3146
3366
3586
3806
4026
4246
4466
4686
4906
5126
5346
5566
5786
6006
6226
6446
6666
6886
7106
7326
7546
7766
7986
8206
8426
8646
8866
9086
9306
9526
9746
9966
10186
10406
10626
10846
11066
11286
11506
11726
11946
12166
12386
12606
12826
13046
13266
13486
13706
13926
14146
67
287
507
727
947
1167
1387
1607
1827
2047
2267
2487
2707
2927
3147
3367
3587
3807
4027
4247
4467
4687
4907
5127
5347
5567
5787
6007
6227
6447
6667
6887
7107
7327
7547
7767
7987
8207
8427
8647
8867
9087
9307
9527
9747
9967
10187
10407
10627
10847
11067
11287
11507
11727
11947
12167
12387
12607
12827
13047
13267
13487
13707
13927
14147
68
288
508
728
948
1168
1388
1608
1828
2048
2268
2488
2708
2928
3148
3368
3588
3808
4028
4248
4468
4688
4908
5128
5348
5568
5788
6008
6228
6448
6668
6888
7108
7328
7548
7768
7988
8208
8428
8648
8868
9088
9308
9528
9748
9968
10188
10408
10628
10848
11068
11288
11508
11728
11948
12168
12388
12608
12828
13048
13268
13488
13708
13928
14148
69
289
509
729
949
1169
1389
1609
1829
2049
2269
2489
2709
2929
3149
3369
3589
3809
4029
4249
4469
4689
4909
5129
5349
5569
5789
6009
6229
6449
6669
6889
7109
7329
7549
7769
7989
8209
8429
8649
8869
9089
9309
9529
9749
9969
10189
10409
10629
10849
11069
11289
11509
11729
11949
12169
12389
12609
12829
13049
13269
13489
13709
13929
14149
70
290
510
730
950
1170
1390
1610
1830
2050
2270
2490
2710
2930
3150
3370
3590
3810
4030
4250
4470
4690
4910
5130
5350
5570
5790
6010
6230
6450
6670
6890
7110
7330
7550
7770
7990
8210
8430
8650
8870
9090
9310
9530
9750
9970
10190
10410
10630
10850
11070
11290
11510
11730
11950
12170
12390
12610
12830
13050
13270
13490
13710
13930
14150
71
291
511
731
951
1171
1391
1611
1831
2051
2271
2491
2711
2931
3151
3371
3591
3811
4031
4251
4471
4691
4911
5131
5351
5571
5791
6011
6231
6451
6671
6891
7111
7331
7551
7771
7991
8211
8431
8651
8871
9091
9311
9531
9751
9971
10191
10411
10631
10851
11071
11291
11511
11731
11951
12171
12391
12611
12831
13051
13271
13491
13711
13931
14151
72
292
512
732
952
1172
1392
1612
1832
2052
2272
2492
2712
2932
3152
3372
3592
3812
4032
4252
4472
4692
4912
5132
5352
5572
5792
6012
6232
6452
6672
6892
7112
7332
7552
7772
7992
8212
8432
8652
8872
9092
9312
9532
9752
9972
10192
10412
10632
10852
11072
11292
11512
11732
11952
12172
12392
12612
12832
13052
13272
13492
13712
13932
14152
73
293
513
733
953
1173
1393
1613
1833
2053
2273
2493
2713
2933
3153
3373
3593
3813
4033
4253
4473
4693
4913
5133
5353
5573
5793
6013
6233
6453
6673
6893
7113
7333
7553
7773
7993
8213
8433
8653
8873
9093
9313
9533
9753
9973
10193
10413
10633
10853
11073
11293
11513
11733
11953
12173
12393
12613
12833
13053
13273
13493
13713
13933
14153
74
294
514
734
954
1174
1394
1614
1834
2054
2274
2494
2714
2934
3154
3374
3594
3814
4034
4254
4474
4694
4914
5134
5354
5574
5794
6014
6234
6454
6674
6894
7114
7334
7554
7774
7994
8214
8434
8654
8874
9094
9314
9534
9754
9974
10194
10414
10634
10854
11074
11294
11514
11734
11954
12174
12394
12614
12834
13054
13274
13494
13714
13934
14154
75
295
515
735
955
1175
1395
1615
1835
2055
2275
2495
2715
2935
3155
3375
3595
3815
4035
4255
4475
4695
4915
5135
5355
5575
5795
6015
6235
6455
6675
6895
7115
7335
7555
7775
7995
8215
8435
8655
8875
9095
9315
9535
9755
9975
10195
10415
10635
10855
11075
11295
11515
11735
11955
12175
12395
12615
12835
13055
13275
13495
13715
13935
14155
76
296
516
736
956
1176
1396
1616
1836
2056
2276
2496
2716
2936
3156
3376
3596
3816
4036
4256
4476
4696
4916
5136
5356
5576
5796
6016
6236
6456
6676
6896
7116
7336
7556
7776
7996
8216
8436
8656
8876
9096
9316
9536
9756
9976
10196
10416
10636
10856
11076
11296
11516
11736
11956
12176
12396
12616
12836
13056
13276
13496
13716
13936
14156
77
297
517
737
957
1177
1397
1617
1837
2057
2277
2497
2717
2937
3157
3377
3597
3817
4037
4257
4477
4697
4917
5137
5357
5577
5797
6017
6237
6457
6677
6897
7117
7337
7557
7777
7997
8217
8437
8657
8877
9097
9317
9537
9757
9977
10197
10417
10637
10857
11077
11297
11517
11737
11957
12177
12397
12617
12837
13057
13277
13497
13717
13937
14157
78
298
518
738
958
1178
1398
1618
1838
2058
2278
2498
2718
2938
3158
3378
3598
3818
4038
4258
4478
4698
4918
5138
5358
5578
5798
6018
6238
6458
6678
6898
7118
7338
7558
7778
7998
8218
8438
8658
8878
9098
9318
9538
9758
9978
10198
10418
10638
10858
11078
11298
11518
11738
11958
12178
12398
12618
12838
13058
13278
13498
13718
13938
14158
79
299
519
739
959
1179
1399
1619
1839
2059
2279
2499
2719
2939
3159
3379
3599
3819
4039
4259
4479
4699
4919
5139
5359
5579
5799
6019
6239
6459
6679
6899
7119
7339
7559
7779
7999
8219
8439
8659
8879
9099
9319
9539
9759
9979
10199
10419
10639
10859
11079
11299
11519
11739
11959
12179
12399
12619
12839
13059
13279
13499
13719
13939
14159
80
300
520
740
960
1180
1400
1620
1840
2060
2280
2500
2720
2940
3160
3380
3600
3820
4040
4260
4480
4700
4920
5140
5360
5580
5800
6020
6240
6460
6680
6900
7120
7340
7560
7780
8000
8220
8440
8660
8880
9100
9320
9540
9760
9980
10200
10420
10640
10860
11080
11300
11520
11740
11960
12180
12400
12620
12840
13060
13280
13500
13720
13940
14160
81
301
521
741
961
1181
1401
1621
1841
2061
2281
2501
2721
2941
3161
3381
3601
3821
4041
4261
4481
4701
4921
5141
5361
5581
5801
6021
6241
6461
6681
6901
7121
7341
7561
7781
8001
8221
8441
8661
8881
9101
9321
9541
9761
9981
10201
10421
10641
10861
11081
11301
11521
11741
11961
12181
12401
12621
12841
13061
13281
13501
13721
13941
14161
82
302
522
742
962
1182
1402
1622
1842
2062
2282
2502
2722
2942
3162
3382
3602
3822
4042
4262
4482
4702
4922
5142
5362
5582
5802
6022
6242
6462
6682
6902
7122
7342
7562
7782
8002
8222
8442
8662
8882
9102
9322
9542
9762
9982
10202
10422
10642
10862
11082
11302
11522
11742
11962
12182
12402
12622
12842
13062
13282
13502
13722
13942
14162
83
303
523
743
963
1183
1403
1623
1843
2063
2283
2503
2723
2943
3163
3383
3603
3823
4043
4263
4483
4703
4923
5143
5363
5583
5803
6023
6243
6463
6683
6903
7123
7343
7563
7783
8003
8223
8443
8663
8883
9103
9323
9543
9763
9983
10203
10423
10643
10863
11083
11303
11523
11743
11963
12183
12403
12623
12843
13063
13283
13503
13723
13943
14163
84
304
524
744
964
1184
1404
1624
1844
2064
2284
2504
2724
2944
3164
3384
3604
3824
4044
4264
4484
4704
4924
5144
5364
5584
5804
6024
6244
6464
6684
6904
7124
7344
7564
7784
8004
8224
8444
8664
8884
9104
9324
9544
9764
9984
10204
10424
10644
10864
11084
11304
11524
11744
11964
12184
12404
12624
12844
13064
13284
13504
13724
13944
14164
85
305
525
745
965
1185
1405
1625
1845
2065
2285
2505
2725
2945
3165
3385
3605
3825
4045
4265
4485
4705
4925
5145
5365
5585
5805
6025
6245
6465
6685
6905
7125
7345
7565
7785
8005
8225
8445
8665
8885
9105
9325
9545
9765
9985
10205
10425
10645
10865
11085
11305
11525
11745
11965
12185
12405
12625
12845
13065
13285
13505
13725
13945
14165
86
306
526
746
966
1186
1406
1626
1846
2066
2286
2506
2726
2946
3166
3386
3606
3826
4046
4266
4486
4706
4926
5146
5366
5586
5806
6026
6246
6466
6686
6906
7126
7346
7566
7786
8006
8226
8446
8666
8886
9106
9326
9546
9766
9986
10206
10426
10646
10866
11086
11306
11526
11746
11966
12186
12406
12626
12846
13066
13286
13506
13726
13946
14166
87
307
527
747
967
1187
1407
1627
1847
2067
2287
2507
2727
2947
3167
3387
3607
3827
4047
4267
4487
4707
4927
5147
5367
5587
5807
6027
6247
6467
6687
6907
7127
7347
7567
7787
8007
8227
8447
8667
8887
9107
9327
9547
9767
9987
10207
10427
10647
10867
11087
11307
11527
11747
11967
12187
12407
12627
12847
13067
13287
13507
13727
13947
14167
88
308
528
748
968
1188
1408
1628
1848
2068
2288
2508
2728
2948
3168
3388
3608
3828
4048
4268
4488
4708
4928
5148
5368
5588
5808
6028
6248
6468
6688
6908
7128
7348
7568
7788
8008
8228
8448
8668
8888
9108
9328
9548
9768
9988
10208
10428
10648
10868
11088
11308
11528
11748
11968
12188
12408
12628
12848
13068
13288
13508
13728
13948
14168
89
309
529
749
969
1189
1409
1629
1849
2069
2289
2509
2729
2949
3169
3389
3609
3829
4049
4269
4489
4709
4929
5149
5369
5589
5809
6029
6249
6469
6689
6909
7129
7349
7569
7789
8009
8229
8449
8669
8889
9109
9329
9549
9769
9989
10209
10429
10649
10869
11089
11309
11529
11749
11969
12189
12409
12629
12849
13069
13289
13509
13729
13949
14169
90
310
530
750
970
1190
1410
1630
1850
2070
2290
2510
2730
2950
3170
3390
3610
3830
4050
4270
4490
4710
4930
5150
5370
5590
5810
6030
6250
6470
6690
6910
7130
7350
7570
7790
8010
8230
8450
8670
8890
9110
9330
9550
9770
9990
10210
10430
10650
10870
11090
11310
11530
11750
11970
12190
12410
12630
12850
13070
13290
13510
13730
13950
14170
91
311
531
751
971
1191
1411
1631
1851
2071
2291
2511
2731
2951
3171
3391
3611
3831
4051
4271
4491
4711
4931
5151
5371
5591
5811
6031
6251
6471
6691
6911
7131
7351
7571
7791
8011
8231
8451
8671
8891
9111
9331
9551
9771
9991
10211
10431
10651
10871
11091
11311
11531
11751
11971
12191
12411
12631
12851
13071
13291
13511
13731
13951
14171
92
312
532
752
972
1192
1412
1632
1852
2072
2292
2512
2732
2952
3172
3392
3612
3832
4052
4272
4492
4712
4932
5152
5372
5592
5812
6032
6252
6472
6692
6912
7132
7352
7572
7792
8012
8232
8452
8672
8892
9112
9332
9552
9772
9992
10212
10432
10652
10872
11092
11312
11532
11752
11972
12192
12412
12632
12852
13072
13292
13512
13732
13952
14172
93
313
533
753
973
1193
1413
1633
1853
2073
2293
2513
2733
2953
3173
3393
3613
3833
4053
4273
4493
4713
4933
5153
5373
5593
5813
6033
6253
6473
6693
6913
7133
7353
7573
7793
8013
8233
8453
8673
8893
9113
9333
9553
9773
9993
10213
10433
10653
10873
11093
11313
11533
11753
11973
12193
12413
12633
12853
13073
13293
13513
13733
13953
14173
94
314
534
754
974
1194
1414
1634
1854
2074
2294
2514
2734
2954
3174
3394
3614
3834
4054
4274
4494
4714
4934
5154
5374
5594
5814
6034
6254
6474
6694
6914
7134
7354
7574
7794
8014
8234
8454
8674
8894
9114
9334
9554
9774
9994
10214
10434
10654
10874
11094
11314
11534
11754
11974
12194
12414
12634
12854
13074
13294
13514
13734
13954
14174
95
315
535
755
975
1195
1415
1635
1855
2075
2295
2515
2735
2955
3175
3395
3615
3835
4055
4275
4495
4715
4935
5155
5375
5595
5815
6035
6255
6475
6695
6915
7135
7355
7575
7795
8015
8235
8455
8675
8895
9115
9335
9555
9775
9995
10215
10435
10655
10875
11095
11315
11535
11755
11975
12195
12415
12635
12855
13075
13295
13515
13735
13955
14175
96
316
536
756
976
1196
1416
1636
1856
2076
2296
2516
2736
2956
3176
3396
3616
3836
4056
4276
4496
4716
4936
5156
5376
5596
5816
6036
6256
6476
6696
6916
7136
7356
7576
7796
8016
8236
8456
8676
8896
9116
9336
9556
9776
9996
10216
10436
10656
10876
11096
11316
11536
11756
11976
12196
12416
12636
12856
13076
13296
13516
13736
13956
14176
97
317
537
757
977
1197
1417
1637
1857
2077
2297
2517
2737
2957
3177
3397
3617
3837
4057
4277
4497
4717
4937
5157
5377
5597
5817
6037
6257
6477
6697
6917
7137
7357
7577
7797
8017
8237
8457
8677
8897
9117
9337
9557
9777
9997
10217
10437
10657
10877
11097
11317
11537
11757
11977
12197
12417
12637
12857
13077
13297
13517
13737
13957
14177
98
318
538
758
978
1198
1418
1638
1858
2078
2298
2518
2738
2958
3178
3398
3618
3838
4058
4278
4498
4718
4938
5158
5378
5598
5818
6038
6258
6478
6698
6918
7138
7358
7578
7798
8018
8238
8458
8678
8898
9118
9338
9558
9778
9998
10218
10438
10658
10878
11098
11318
11538
11758
11978
12198
12418
12638
12858
13078
13298
13518
13738
13958
14178
99
319
539
759
979
1199
1419
1639
1859
2079
2299
2519
2739
2959
3179
3399
3619
3839
4059
4279
4499
4719
4939
5159
5379
5599
5819
6039
6259
6479
6699
6919
7139
7359
7579
7799
8019
8239
8459
8679
8899
9119
9339
9559
9779
9999
10219
10439
10659
10879
11099
11319
11539
11759
11979
12199
12419
12639
12859
13079
13299
13519
13739
13959
14179
100
320
540
760
980
1200
1420
1640
1860
2080
2300
2520
2740
2960
3180
3400
3620
3840
4060
4280
4500
4720
4940
5160
5380
5600
5820
6040
6260
6480
6700
6920
7140
7360
7580
7800
8020
8240
8460
8680
8900
9120
9340
9560
9780
10000
10220
10440
10660
10880
11100
11320
11540
11760
11980
12200
12420
12640
12860
13080
13300
13520
13740
13960
14180
101
321
541
761
981
1201
1421
1641
1861
2081
2301
2521
2741
2961
3181
3401
3621
3841
4061
4281
4501
4721
4941
5161
5381
5601
5821
6041
6261
6481
6701
6921
7141
7361
7581
7801
8021
8241
8461
8681
8901
9121
9341
9561
9781
10001
10221
10441
10661
10881
11101
11321
11541
11761
11981
12201
12421
12641
12861
13081
13301
13521
13741
13961
14181
102
322
542
762
982
1202
1422
1642
1862
2082
2302
2522
2742
2962
3182
3402
3622
3842
4062
4282
4502
4722
4942
5162
5382
5602
5822
6042
6262
6482
6702
6922
7142
7362
7582
7802
8022
8242
8462
8682
8902
9122
9342
9562
9782
10002
10222
10442
10662
10882
11102
11322
11542
11762
11982
12202
12422
12642
12862
13082
13302
13522
13742
13962
14182
103
323
543
763
983
1203
1423
1643
1863
2083
2303
2523
2743
2963
3183
3403
3623
3843
4063
4283
4503
4723
4943
5163
5383
5603
5823
6043
6263
6483
6703
6923
7143
7363
7583
7803
8023
8243
8463
8683
8903
9123
9343
9563
9783
10003
10223
10443
10663
10883
11103
11323
11543
11763
11983
12203
12423
12643
12863
13083
13303
13523
13743
13963
14183
104
324
544
764
984
1204
1424
1644
1864
2084
2304
2524
2744
2964
3184
3404
3624
3844
4064
4284
4504
4724
4944
5164
5384
5604
5824
6044
6264
6484
6704
6924
7144
7364
7584
7804
8024
8244
8464
8684
8904
9124
9344
9564
9784
10004
10224
10444
10664
10884
11104
11324
11544
11764
11984
12204
12424
12644
12864
13084
13304
13524
13744
13964
14184
105
325
545
765
985
1205
1425
1645
1865
2085
2305
2525
2745
2965
3185
3405
3625
3845
4065
4285
4505
4725
4945
5165
5385
5605
5825
6045
6265
6485
6705
6925
7145
7365
7585
7805
8025
8245
8465
8685
8905
9125
9345
9565
9785
10005
10225
10445
10665
10885
11105
11325
11545
11765
11985
12205
12425
12645
12865
13085
13305
13525
13745
13965
14185
106
326
546
766
986
1206
1426
1646
1866
2086
2306
2526
2746
2966
3186
3406
3626
3846
4066
4286
4506
4726
4946
5166
5386
5606
5826
6046
6266
6486
6706
6926
7146
7366
7586
7806
8026
8246
8466
8686
8906
9126
9346
9566
9786
10006
10226
10446
10666
10886
11106
11326
11546
11766
11986
12206
12426
12646
12866
13086
13306
13526
13746
13966
14186
107
327
547
767
987
1207
1427
1647
1867
2087
2307
2527
2747
2967
3187
3407
3627
3847
4067
4287
4507
4727
4947
5167
5387
5607
5827
6047
6267
6487
6707
6927
7147
7367
7587
7807
8027
8247
8467
8687
8907
9127
9347
9567
9787
10007
10227
10447
10667
10887
11107
11327
11547
11767
11987
12207
12427
12647
12867
13087
13307
13527
13747
13967
14187
108
328
548
768
988
1208
1428
1648
1868
2088
2308
2528
2748
2968
3188
3408
3628
3848
4068
4288
4508
4728
4948
5168
5388
5608
5828
6048
6268
6488
6708
6928
7148
7368
7588
7808
8028
8248
8468
8688
8908
9128
9348
9568
9788
10008
10228
10448
10668
10888
11108
11328
11548
11768
11988
12208
12428
12648
12868
13088
13308
13528
13748
13968
14188
109
329
549
769
989
1209
1429
1649
1869
2089
2309
2529
2749
2969
3189
3409
3629
3849
4069
4289
4509
4729
4949
5169
5389
5609
5829
6049
6269
6489
6709
6929
7149
7369
7589
7809
8029
8249
8469
8689
8909
9129
9349
9569
9789
10009
10229
10449
10669
10889
11109
11329
11549
11769
11989
12209
12429
12649
12869
13089
13309
13529
13749
13969
14189
110
330
550
770
990
1210
1430
1650
1870
2090
2310
2530
2750
2970
3190
3410
3630
3850
4070
4290
4510
4730
4950
5170
5390
5610
5830
6050
6270
6490
6710
6930
7150
7370
7590
7810
8030
8250
8470
8690
8910
9130
9350
9570
9790
10010
10230
10450
10670
10890
11110
11330
11550
11770
11990
12210
12430
12650
12870
13090
13310
13530
13750
13970
14190
111
331
551
771
991
1211
1431
1651
1871
2091
2311
2531
2751
2971
3191
3411
3631
3851
4071
4291
4511
4731
4951
5171
5391
5611
5831
6051
6271
6491
6711
6931
7151
7371
7591
7811
8031
8251
8471
8691
8911
9131
9351
9571
9791
10011
10231
10451
10671
10891
11111
11331
11551
11771
11991
12211
12431
12651
12871
13091
13311
13531
13751
13971
14191
112
332
552
772
992
1212
1432
1652
1872
2092
2312
2532
2752
2972
3192
3412
3632
3852
4072
4292
4512
4732
4952
5172
5392
5612
5832
6052
6272
6492
6712
6932
7152
7372
7592
7812
8032
8252
8472
8692
8912
9132
9352
9572
9792
10012
10232
10452
10672
10892
11112
11332
11552
11772
11992
12212
12432
12652
12872
13092
13312
13532
13752
13972
14192
113
333
553
773
993
1213
1433
1653
1873
2093
2313
2533
2753
2973
3193
3413
3633
3853
4073
4293
4513
4733
4953
5173
5393
5613
5833
6053
6273
6493
6713
6933
7153
7373
7593
7813
8033
8253
8473
8693
8913
9133
9353
9573
9793
10013
10233
10453
10673
10893
11113
11333
11553
11773
11993
12213
12433
12653
12873
13093
13313
13533
13753
13973
14193
114
334
554
774
994
1214
1434
1654
1874
2094
2314
2534
2754
2974
3194
3414
3634
3854
4074
4294
4514
4734
4954
5174
5394
5614
5834
6054
6274
6494
6714
6934
7154
7374
7594
7814
8034
8254
8474
8694
8914
9134
9354
9574
9794
10014
10234
10454
10674
10894
11114
11334
11554
11774
11994
12214
12434
12654
12874
13094
13314
13534
13754
13974
14194
115
335
555
775
995
1215
1435
1655
1875
2095
2315
2535
2755
2975
3195
3415
3635
3855
4075
4295
4515
4735
4955
5175
5395
5615
5835
6055
6275
6495
6715
6935
7155
7375
7595
7815
8035
8255
8475
8695
8915
9135
9355
9575
9795
10015
10235
10455
10675
10895
11115
11335
11555
11775
11995
12215
12435
12655
12875
13095
13315
13535
13755
13975
14195
116
336
556
776
996
1216
1436
1656
1876
2096
2316
2536
2756
2976
3196
3416
3636
3856
4076
4296
4516
4736
4956
5176
5396
5616
5836
6056
6276
6496
6716
6936
7156
7376
7596
7816
8036
8256
8476
8696
8916
9136
9356
9576
9796
10016
10236
10456
10676
10896
11116
11336
11556
11776
11996
12216
12436
12656
12876
13096
13316
13536
13756
13976
14196
117
337
557
777
997
1217
1437
1657
1877
2097
2317
2537
2757
2977
3197
3417
3637
3857
4077
4297
4517
4737
4957
5177
5397
5617
5837
6057
6277
6497
6717
6937
7157
7377
7597
7817
8037
8257
8477
8697
8917
9137
9357
9577
9797
10017
10237
10457
10677
10897
11117
11337
11557
11777
11997
12217
12437
12657
12877
13097
13317
13537
13757
13977
14197
118
338
558
778
998
1218
1438
1658
1878
2098
2318
2538
2758
2978
3198
3418
3638
3858
4078
4298
4518
4738
4958
5178
5398
5618
5838
6058
6278
6498
6718
6938
7158
7378
7598
7818
8038
8258
8478
8698
8918
9138
9358
9578
9798
10018
10238
10458
10678
10898
11118
11338
11558
11778
11998
12218
12438
12658
12878
13098
13318
13538
13758
13978
14198
119
339
559
779
999
1219
1439
1659
1879
2099
2319
2539
2759
2979
3199
3419
3639
3859
4079
4299
4519
4739
4959
5179
5399
5619
5839
6059
6279
6499
6719
6939
7159
7379
7599
7819
8039
8259
8479
8699
8919
9139
9359
9579
9799
10019
10239
10459
10679
10899
11119
11339
11559
11779
11999
12219
12439
12659
12879
13099
13319
13539
13759
13979
14199
120
340
560
780
1000
1220
1440
1660
1880
2100
2320
2540
2760
2980
3200
3420
3640
3860
4080
4300
4520
4740
4960
5180
5400
5620
5840
6060
6280
6500
6720
6940
7160
7380
7600
7820
8040
8260
8480
8700
8920
9140
9360
9580
9800
10020
10240
10460
10680
10900
11120
11340
11560
11780
12000
12220
12440
12660
12880
13100
13320
13540
13760
13980
14200
121
341
561
781
1001
1221
1441
1661
1881
2101
2321
2541
2761
2981
3201
3421
3641
3861
4081
4301
4521
4741
4961
5181
5401
5621
5841
6061
6281
6501
6721
6941
7161
7381
7601
7821
8041
8261
8481
8701
8921
9141
9361
9581
9801
10021
10241
10461
10681
10901
11121
11341
11561
11781
12001
12221
12441
12661
12881
13101
13321
13541
13761
13981
14201
122
342
562
782
1002
1222
1442
1662
1882
2102
2322
2542
2762
2982
3202
3422
3642
3862
4082
4302
4522
4742
4962
5182
5402
5622
5842
6062
6282
6502
6722
6942
7162
7382
7602
7822
8042
8262
8482
8702
8922
9142
9362
9582
9802
10022
10242
10462
10682
10902
11122
11342
11562
11782
12002
12222
12442
12662
12882
13102
13322
13542
13762
13982
14202
123
343
563
783
1003
1223
1443
1663
1883
2103
2323
2543
2763
2983
3203
3423
3643
3863
4083
4303
4523
4743
4963
5183
5403
5623
5843
6063
6283
6503
6723
6943
7163
7383
7603
7823
8043
8263
8483
8703
8923
9143
9363
9583
9803
10023
10243
10463
10683
10903
11123
11343
11563
11783
12003
12223
12443
12663
12883
13103
13323
13543
13763
13983
14203
124
344
564
784
1004
1224
1444
1664
1884
2104
2324
2544
2764
2984
3204
3424
3644
3864
4084
4304
4524
4744
4964
5184
5404
5624
5844
6064
6284
6504
6724
6944
7164
7384
7604
7824
8044
8264
8484
8704
8924
9144
9364
9584
9804
10024
10244
10464
10684
10904
11124
11344
11564
11784
12004
12224
12444
12664
12884
13104
13324
13544
13764
13984
14204
125
345
565
785
1005
1225
1445
1665
1885
2105
2325
2545
2765
2985
3205
3425
3645
3865
4085
4305
4525
4745
4965
5185
5405
5625
5845
6065
6285
6505
6725
6945
7165
7385
7605
7825
8045
8265
8485
8705
8925
9145
9365
9585
9805
10025
10245
10465
10685
10905
11125
11345
11565
11785
12005
12225
12445
12665
12885
13105
13325
13545
13765
13985
14205
126
346
566
786
1006
1226
1446
1666
1886
2106
2326
2546
2766
2986
3206
3426
3646
3866
4086
4306
4526
4746
4966
5186
5406
5626
5846
6066
6286
6506
6726
6946
7166
7386
7606
7826
8046
8266
8486
8706
8926
9146
9366
9586
9806
10026
10246
10466
10686
10906
11126
11346
11566
11786
12006
12226
12446
12666
12886
13106
13326
13546
13766
13986
14206
127
347
567
787
1007
1227
1447
1667
1887
2107
2327
2547
2767
2987
3207
3427
3647
3867
4087
4307
4527
4747
4967
5187
5407
5627
5847
6067
6287
6507
6727
6947
7167
7387
7607
7827
8047
8267
8487
8707
8927
9147
9367
9587
9807
10027
10247
10467
10687
10907
11127
11347
11567
11787
12007
12227
12447
12667
12887
13107
13327
13547
13767
13987
14207
128
348
568
788
1008
1228
1448
1668
1888
2108
2328
2548
2768
2988
3208
3428
3648
3868
4088
4308
4528
4748
4968
5188
5408
5628
5848
6068
6288
6508
6728
6948
7168
7388
7608
7828
8048
8268
8488
8708
8928
9148
9368
9588
9808
10028
10248
10468
10688
10908
11128
11348
11568
11788
12008
12228
12448
12668
12888
13108
13328
13548
13768
13988
14208
129
349
569
789
1009
1229
1449
1669
1889
2109
2329
2549
2769
2989
3209
3429
3649
3869
4089
4309
4529
4749
4969
5189
5409
5629
5849
6069
6289
6509
6729
6949
7169
7389
7609
7829
8049
8269
8489
8709
8929
9149
9369
9589
9809
10029
10249
10469
10689
10909
11129
11349
11569
11789
12009
12229
12449
12669
12889
13109
13329
13549
13769
13989
14209
130
350
570
790
1010
1230
1450
1670
1890
2110
2330
2550
2770
2990
3210
3430
3650
3870
4090
4310
4530
4750
4970
5190
5410
5630
5850
6070
6290
6510
6730
6950
7170
7390
7610
7830
8050
8270
8490
8710
8930
9150
9370
9590
9810
10030
10250
10470
10690
10910
11130
11350
11570
11790
12010
12230
12450
12670
12890
13110
13330
13550
13770
13990
14210
131
351
571
791
1011
1231
1451
1671
1891
2111
2331
2551
2771
2991
3211
3431
3651
3871
4091
4311
4531
4751
4971
5191
5411
5631
5851
6071
6291
6511
6731
6951
7171
7391
7611
7831
8051
8271
8491
8711
8931
9151
9371
9591
9811
10031
10251
10471
10691
10911
11131
11351
11571
11791
12011
12231
12451
12671
12891
13111
13331
13551
13771
13991
14211
132
352
572
792
1012
1232
1452
1672
1892
2112
2332
2552
2772
2992
3212
3432
3652
3872
4092
4312
4532
4752
4972
5192
5412
5632
5852
6072
6292
6512
6732
6952
7172
7392
7612
7832
8052
8272
8492
8712
8932
9152
9372
9592
9812
10032
10252
10472
10692
10912
11132
11352
11572
11792
12012
12232
12452
12672
12892
13112
13332
13552
13772
13992
14212
133
353
573
793
1013
1233
1453
1673
1893
2113
2333
2553
2773
2993
3213
3433
3653
3873
4093
4313
4533
4753
4973
5193
5413
5633
5853
6073
6293
6513
6733
6953
7173
7393
7613
7833
8053
8273
8493
8713
8933
9153
9373
9593
9813
10033
10253
10473
10693
10913
11133
11353
11573
11793
12013
12233
12453
12673
12893
13113
13333
13553
13773
13993
14213
134
354
574
794
1014
1234
1454
1674
1894
2114
2334
2554
2774
2994
3214
3434
3654
3874
4094
4314
4534
4754
4974
5194
5414
5634
5854
6074
6294
6514
6734
6954
7174
7394
7614
7834
8054
8274
8494
8714
8934
9154
9374
9594
9814
10034
10254
10474
10694
10914
11134
11354
11574
11794
12014
12234
12454
12674
12894
13114
13334
13554
13774
13994
14214
135
355
575
795
1015
1235
1455
1675
1895
2115
2335
2555
2775
2995
3215
3435
3655
3875
4095
4315
4535
4755
4975
5195
5415
5635
5855
6075
6295
6515
6735
6955
7175
7395
7615
7835
8055
8275
8495
8715
8935
9155
9375
9595
9815
10035
10255
10475
10695
10915
11135
11355
11575
11795
12015
12235
12455
12675
12895
13115
13335
13555
13775
13995
14215
136
356
576
796
1016
1236
1456
1676
1896
2116
2336
2556
2776
2996
3216
3436
3656
3876
4096
4316
4536
4756
4976
5196
5416
5636
5856
6076
6296
6516
6736
6956
7176
7396
7616
7836
8056
8276
8496
8716
8936
9156
9376
9596
9816
10036
10256
10476
10696
10916
11136
11356
11576
11796
12016
12236
12456
12676
12896
13116
13336
13556
13776
13996
14216
137
357
577
797
1017
1237
1457
1677
1897
2117
2337
2557
2777
2997
3217
3437
3657
3877
4097
4317
4537
4757
4977
5197
5417
5637
5857
6077
6297
6517
6737
6957
7177
7397
7617
7837
8057
8277
8497
8717
8937
9157
9377
9597
9817
10037
10257
10477
10697
10917
11137
11357
11577
11797
12017
12237
12457
12677
12897
13117
13337
13557
13777
13997
14217
138
358
578
798
1018
1238
1458
1678
1898
2118
2338
2558
2778
2998
3218
3438
3658
3878
4098
4318
4538
4758
4978
5198
5418
5638
5858
6078
6298
6518
6738
6958
7178
7398
7618
7838
8058
8278
8498
8718
8938
9158
9378
9598
9818
10038
10258
10478
10698
10918
11138
11358
11578
11798
12018
12238
12458
12678
12898
13118
13338
13558
13778
13998
14218
139
359
579
799
1019
1239
1459
1679
1899
2119
2339
2559
2779
2999
3219
3439
3659
3879
4099
4319
4539
4759
4979
5199
5419
5639
5859
6079
6299
6519
6739
6959
7179
7399
7619
7839
8059
8279
8499
8719
8939
9159
9379
9599
9819
10039
10259
10479
10699
10919
11139
11359
11579
11799
12019
12239
12459
12679
12899
13119
13339
13559
13779
13999
14219
140
360
580
800
1020
1240
1460
1680
1900
2120
2340
2560
2780
3000
3220
3440
3660
3880
4100
4320
4540
4760
4980
5200
5420
5640
5860
6080
6300
6520
6740
6960
7180
7400
7620
7840
8060
8280
8500
8720
8940
9160
9380
9600
9820
10040
10260
10480
10700
10920
11140
11360
11580
11800
12020
12240
12460
12680
12900
13120
13340
13560
13780
14000
14220
141
361
581
801
1021
1241
1461
1681
1901
2121
2341
2561
2781
3001
3221
3441
3661
3881
4101
4321
4541
4761
4981
5201
5421
5641
5861
6081
6301
6521
6741
6961
7181
7401
7621
7841
8061
8281
8501
8721
8941
9161
9381
9601
9821
10041
10261
10481
10701
10921
11141
11361
11581
11801
12021
12241
12461
12681
12901
13121
13341
13561
13781
14001
14221
142
362
582
802
1022
1242
1462
1682
1902
2122
2342
2562
2782
3002
3222
3442
3662
3882
4102
4322
4542
4762
4982
5202
5422
5642
5862
6082
6302
6522
6742
6962
7182
7402
7622
7842
8062
8282
8502
8722
8942
9162
9382
9602
9822
10042
10262
10482
10702
10922
11142
11362
11582
11802
12022
12242
12462
12682
12902
13122
13342
13562
13782
14002
14222
143
363
583
803
1023
1243
1463
1683
1903
2123
2343
2563
2783
3003
3223
3443
3663
3883
4103
4323
4543
4763
4983
5203
5423
5643
5863
6083
6303
6523
6743
6963
7183
7403
7623
7843
8063
8283
8503
8723
8943
9163
9383
9603
9823
10043
10263
10483
10703
10923
11143
11363
11583
11803
12023
12243
12463
12683
12903
13123
13343
13563
13783
14003
14223
144
364
584
804
1024
1244
1464
1684
1904
2124
2344
2564
2784
3004
3224
3444
3664
3884
4104
4324
4544
4764
4984
5204
5424
5644
5864
6084
6304
6524
6744
6964
7184
7404
7624
7844
8064
8284
8504
8724
8944
9164
9384
9604
9824
10044
10264
10484
10704
10924
11144
11364
11584
11804
12024
12244
12464
12684
12904
13124
13344
13564
13784
14004
14224
145
365
585
805
1025
1245
1465
1685
1905
2125
2345
2565
2785
3005
3225
3445
3665
3885
4105
4325
4545
4765
4985
5205
5425
5645
5865
6085
6305
6525
6745
6965
7185
7405
7625
7845
8065
8285
8505
8725
8945
9165
9385
9605
9825
10045
10265
10485
10705
10925
11145
11365
11585
11805
12025
12245
12465
12685
12905
13125
13345
13565
13785
14005
14225
146
366
586
806
1026
1246
1466
1686
1906
2126
2346
2566
2786
3006
3226
3446
3666
3886
4106
4326
4546
4766
4986
5206
5426
5646
5866
6086
6306
6526
6746
6966
7186
7406
7626
7846
8066
8286
8506
8726
8946
9166
9386
9606
9826
10046
10266
10486
10706
10926
11146
11366
11586
11806
12026
12246
12466
12686
12906
13126
13346
13566
13786
14006
14226
147
367
587
807
1027
1247
1467
1687
1907
2127
2347
2567
2787
3007
3227
3447
3667
3887
4107
4327
4547
4767
4987
5207
5427
5647
5867
6087
6307
6527
6747
6967
7187
7407
7627
7847
8067
8287
8507
8727
8947
9167
9387
9607
9827
10047
10267
10487
10707
10927
11147
11367
11587
11807
12027
12247
12467
12687
12907
13127
13347
13567
13787
14007
14227
148
368
588
808
1028
1248
1468
1688
1908
2128
2348
2568
2788
3008
3228
3448
3668
3888
4108
4328
4548
4768
4988
5208
5428
5648
5868
6088
6308
6528
6748
6968
7188
7408
7628
7848
8068
8288
8508
8728
8948
9168
9388
9608
9828
10048
10268
10488
10708
10928
11148
11368
11588
11808
12028
12248
12468
12688
12908
13128
13348
13568
13788
14008
14228
149
369
589
809
1029
1249
1469
1689
1909
2129
2349
2569
2789
3009
3229
3449
3669
3889
4109
4329
4549
4769
4989
5209
5429
5649
5869
6089
6309
6529
6749
6969
7189
7409
7629
7849
8069
8289
8509
8729
8949
9169
9389
9609
9829
10049
10269
10489
10709
10929
11149
11369
11589
11809
12029
12249
12469
12689
12909
13129
13349
13569
13789
14009
14229
150
370
590
810
1030
1250
1470
1690
1910
2130
2350
2570
2790
3010
3230
3450
3670
3890
4110
4330
4550
4770
4990
5210
5430
5650
5870
6090
6310
6530
6750
6970
7190
7410
7630
7850
8070
8290
8510
8730
8950
9170
9390
9610
9830
10050
10270
10490
10710
10930
11150
11370
11590
11810
12030
12250
12470
12690
12910
13130
13350
13570
13790
14010
14230
151
371
591
811
1031
1251
1471
1691
1911
2131
2351
2571
2791
3011
3231
3451
3671
3891
4111
4331
4551
4771
4991
5211
5431
5651
5871
6091
6311
6531
6751
6971
7191
7411
7631
7851
8071
8291
8511
8731
8951
9171
9391
9611
9831
10051
10271
10491
10711
10931
11151
11371
11591
11811
12031
12251
12471
12691
12911
13131
13351
13571
13791
14011
14231
152
372
592
812
1032
1252
1472
1692
1912
2132
2352
2572
2792
3012
3232
3452
3672
3892
4112
4332
4552
4772
4992
5212
5432
5652
5872
6092
6312
6532
6752
6972
7192
7412
7632
7852
8072
8292
8512
8732
8952
9172
9392
9612
9832
10052
10272
10492
10712
10932
11152
11372
11592
11812
12032
12252
12472
12692
12912
13132
13352
13572
13792
14012
14232
153
373
593
813
1033
1253
1473
1693
1913
2133
2353
2573
2793
3013
3233
3453
3673
3893
4113
4333
4553
4773
4993
5213
5433
5653
5873
6093
6313
6533
6753
6973
7193
7413
7633
7853
8073
8293
8513
8733
8953
9173
9393
9613
9833
10053
10273
10493
10713
10933
11153
11373
11593
11813
12033
12253
12473
12693
12913
13133
13353
13573
13793
14013
14233
154
374
594
814
1034
1254
1474
1694
1914
2134
2354
2574
2794
3014
3234
3454
3674
3894
4114
4334
4554
4774
4994
5214
5434
5654
5874
6094
6314
6534
6754
6974
7194
7414
7634
7854
8074
8294
8514
8734
8954
9174
9394
9614
9834
10054
10274
10494
10714
10934
11154
11374
11594
11814
12034
12254
12474
12694
12914
13134
13354
13574
13794
14014
14234
155
375
595
815
1035
1255
1475
1695
1915
2135
2355
2575
2795
3015
3235
3455
3675
3895
4115
4335
4555
4775
4995
5215
5435
5655
5875
6095
6315
6535
6755
6975
7195
7415
7635
7855
8075
8295
8515
8735
8955
9175
9395
9615
9835
10055
10275
10495
10715
10935
11155
11375
11595
11815
12035
12255
12475
12695
12915
13135
13355
13575
13795
14015
14235
156
376
596
816
1036
1256
1476
1696
1916
2136
2356
2576
2796
3016
3236
3456
3676
3896
4116
4336
4556
4776
4996
5216
5436
5656
5876
6096
6316
6536
6756
6976
7196
7416
7636
7856
8076
8296
8516
8736
8956
9176
9396
9616
9836
10056
10276
10496
10716
10936
11156
11376
11596
11816
12036
12256
12476
12696
12916
13136
13356
13576
13796
14016
14236
157
377
597
817
1037
1257
1477
1697
1917
2137
2357
2577
2797
3017
3237
3457
3677
3897
4117
4337
4557
4777
4997
5217
5437
5657
5877
6097
6317
6537
6757
6977
7197
7417
7637
7857
8077
8297
8517
8737
8957
9177
9397
9617
9837
10057
10277
10497
10717
10937
11157
11377
11597
11817
12037
12257
12477
12697
12917
13137
13357
13577
13797
14017
14237
158
378
598
818
1038
1258
1478
1698
1918
2138
2358
2578
2798
3018
3238
3458
3678
3898
4118
4338
4558
4778
4998
5218
5438
5658
5878
6098
6318
6538
6758
6978
7198
7418
7638
7858
8078
8298
8518
8738
8958
9178
9398
9618
9838
10058
10278
10498
10718
10938
11158
11378
11598
11818
12038
12258
12478
12698
12918
13138
13358
13578
13798
14018
14238
159
379
599
819
1039
1259
1479
1699
1919
2139
2359
2579
2799
3019
3239
3459
3679
3899
4119
4339
4559
4779
4999
5219
5439
5659
5879
6099
6319
6539
6759
6979
7199
7419
7639
7859
8079
8299
8519
8739
8959
9179
9399
9619
9839
10059
10279
10499
10719
10939
11159
11379
11599
11819
12039
12259
12479
12699
12919
13139
13359
13579
13799
14019
14239
160
380
600
820
1040
1260
1480
1700
1920
2140
2360
2580
2800
3020
3240
3460
3680
3900
4120
4340
4560
4780
5000
5220
5440
5660
5880
6100
6320
6540
6760
6980
7200
7420
7640
7860
8080
8300
8520
8740
8960
9180
9400
9620
9840
10060
10280
10500
10720
10940
11160
11380
11600
11820
12040
12260
12480
12700
12920
13140
13360
13580
13800
14020
14240
161
381
601
821
1041
1261
1481
1701
1921
2141
2361
2581
2801
3021
3241
3461
3681
3901
4121
4341
4561
4781
5001
5221
5441
5661
5881
6101
6321
6541
6761
6981
7201
7421
7641
7861
8081
8301
8521
8741
8961
9181
9401
9621
9841
10061
10281
10501
10721
10941
11161
11381
11601
11821
12041
12261
12481
12701
12921
13141
13361
13581
13801
14021
14241
162
382
602
822
1042
1262
1482
1702
1922
2142
2362
2582
2802
3022
3242
3462
3682
3902
4122
4342
4562
4782
5002
5222
5442
5662
5882
6102
6322
6542
6762
6982
7202
7422
7642
7862
8082
8302
8522
8742
8962
9182
9402
9622
9842
10062
10282
10502
10722
10942
11162
11382
11602
11822
12042
12262
12482
12702
12922
13142
13362
13582
13802
14022
14242
163
383
603
823
1043
1263
1483
1703
1923
2143
2363
2583
2803
3023
3243
3463
3683
3903
4123
4343
4563
4783
5003
5223
5443
5663
5883
6103
6323
6543
6763
6983
7203
7423
7643
7863
8083
8303
8523
8743
8963
9183
9403
9623
9843
10063
10283
10503
10723
10943
11163
11383
11603
11823
12043
12263
12483
12703
12923
13143
13363
13583
13803
14023
14243
164
384
604
824
1044
1264
1484
1704
1924
2144
2364
2584
2804
3024
3244
3464
3684
3904
4124
4344
4564
4784
5004
5224
5444
5664
5884
6104
6324
6544
6764
6984
7204
7424
7644
7864
8084
8304
8524
8744
8964
9184
9404
9624
9844
10064
10284
10504
10724
10944
11164
11384
11604
11824
12044
12264
12484
12704
12924
13144
13364
13584
13804
14024
14244
165
385
605
825
1045
1265
1485
1705
1925
2145
2365
2585
2805
3025
3245
3465
3685
3905
4125
4345
4565
4785
5005
5225
5445
5665
5885
6105
6325
6545
6765
6985
7205
7425
7645
7865
8085
8305
8525
8745
8965
9185
9405
9625
9845
10065
10285
10505
10725
10945
11165
11385
11605
11825
12045
12265
12485
12705
12925
13145
13365
13585
13805
14025
14245
166
386
606
826
1046
1266
1486
1706
1926
2146
2366
2586
2806
3026
3246
3466
3686
3906
4126
4346
4566
4786
5006
5226
5446
5666
5886
6106
6326
6546
6766
6986
7206
7426
7646
7866
8086
8306
8526
8746
8966
9186
9406
9626
9846
10066
10286
10506
10726
10946
11166
11386
11606
11826
12046
12266
12486
12706
12926
13146
13366
13586
13806
14026
14246
167
387
607
827
1047
1267
1487
1707
1927
2147
2367
2587
2807
3027
3247
3467
3687
3907
4127
4347
4567
4787
5007
5227
5447
5667
5887
6107
6327
6547
6767
6987
7207
7427
7647
7867
8087
8307
8527
8747
8967
9187
9407
9627
9847
10067
10287
10507
10727
10947
11167
11387
11607
11827
12047
12267
12487
12707
12927
13147
13367
13587
13807
14027
14247
168
388
608
828
1048
1268
1488
1708
1928
2148
2368
2588
2808
3028
3248
3468
3688
3908
4128
4348
4568
4788
5008
5228
5448
5668
5888
6108
6328
6548
6768
6988
7208
7428
7648
7868
8088
8308
8528
8748
8968
9188
9408
9628
9848
10068
10288
10508
10728
10948
11168
11388
11608
11828
12048
12268
12488
12708
12928
13148
13368
13588
13808
14028
14248
169
389
609
829
1049
1269
1489
1709
1929
2149
2369
2589
2809
3029
3249
3469
3689
3909
4129
4349
4569
4789
5009
5229
5449
5669
5889
6109
6329
6549
6769
6989
7209
7429
7649
7869
8089
8309
8529
8749
8969
9189
9409
9629
9849
10069
10289
10509
10729
10949
11169
11389
11609
11829
12049
12269
12489
12709
12929
13149
13369
13589
13809
14029
14249
170
390
610
830
1050
1270
1490
1710
1930
2150
2370
2590
2810
3030
3250
3470
3690
3910
4130
4350
4570
4790
5010
5230
5450
5670
5890
6110
6330
6550
6770
6990
7210
7430
7650
7870
8090
8310
8530
8750
8970
9190
9410
9630
9850
10070
10290
10510
10730
10950
11170
11390
11610
11830
12050
12270
12490
12710
12930
13150
13370
13590
13810
14030
14250
171
391
611
831
1051
1271
1491
1711
1931
2151
2371
2591
2811
3031
3251
3471
3691
3911
4131
4351
4571
4791
5011
5231
5451
5671
5891
6111
6331
6551
6771
6991
7211
7431
7651
7871
8091
8311
8531
8751
8971
9191
9411
9631
9851
10071
10291
10511
10731
10951
11171
11391
11611
11831
12051
12271
12491
12711
12931
13151
13371
13591
13811
14031
14251
172
392
612
832
1052
1272
1492
1712
1932
2152
2372
2592
2812
3032
3252
3472
3692
3912
4132
4352
4572
4792
5012
5232
5452
5672
5892
6112
6332
6552
6772
6992
7212
7432
7652
7872
8092
8312
8532
8752
8972
9192
9412
9632
9852
10072
10292
10512
10732
10952
11172
11392
11612
11832
12052
12272
12492
12712
12932
13152
13372
13592
13812
14032
14252
173
393
613
833
1053
1273
1493
1713
1933
2153
2373
2593
2813
3033
3253
3473
3693
3913
4133
4353
4573
4793
5013
5233
5453
5673
5893
6113
6333
6553
6773
6993
7213
7433
7653
7873
8093
8313
8533
8753
8973
9193
9413
9633
9853
10073
10293
10513
10733
10953
11173
11393
11613
11833
12053
12273
12493
12713
12933
13153
13373
13593
13813
14033
14253
174
394
614
834
1054
1274
1494
1714
1934
2154
2374
2594
2814
3034
3254
3474
3694
3914
4134
4354
4574
4794
5014
5234
5454
5674
5894
6114
6334
6554
6774
6994
7214
7434
7654
7874
8094
8314
8534
8754
8974
9194
9414
9634
9854
10074
10294
10514
10734
10954
11174
11394
11614
11834
12054
12274
12494
12714
12934
13154
13374
13594
13814
14034
14254
175
395
615
835
1055
1275
1495
1715
1935
2155
2375
2595
2815
3035
3255
3475
3695
3915
4135
4355
4575
4795
5015
5235
5455
5675
5895
6115
6335
6555
6775
6995
7215
7435
7655
7875
8095
8315
8535
8755
8975
9195
9415
9635
9855
10075
10295
10515
10735
10955
11175
11395
11615
11835
12055
12275
12495
12715
12935
13155
13375
13595
13815
14035
14255
176
396
616
836
1056
1276
1496
1716
1936
2156
2376
2596
2816
3036
3256
3476
3696
3916
4136
4356
4576
4796
5016
5236
5456
5676
5896
6116
6336
6556
6776
6996
7216
7436
7656
7876
8096
8316
8536
8756
8976
9196
9416
9636
9856
10076
10296
10516
10736
10956
11176
11396
11616
11836
12056
12276
12496
12716
12936
13156
13376
13596
13816
14036
14256
177
397
617
837
1057
1277
1497
1717
1937
2157
2377
2597
2817
3037
3257
3477
3697
3917
4137
4357
4577
4797
5017
5237
5457
5677
5897
6117
6337
6557
6777
6997
7217
7437
7657
7877
8097
8317
8537
8757
8977
9197
9417
9637
9857
10077
10297
10517
10737
10957
11177
11397
11617
11837
12057
12277
12497
12717
12937
13157
13377
13597
13817
14037
14257
178
398
618
838
1058
1278
1498
1718
1938
2158
2378
2598
2818
3038
3258
3478
3698
3918
4138
4358
4578
4798
5018
5238
5458
5678
5898
6118
6338
6558
6778
6998
7218
7438
7658
7878
8098
8318
8538
8758
8978
9198
9418
9638
9858
10078
10298
10518
10738
10958
11178
11398
11618
11838
12058
12278
12498
12718
12938
13158
13378
13598
13818
14038
14258
179
399
619
839
1059
1279
1499
1719
1939
2159
2379
2599
2819
3039
3259
3479
3699
3919
4139
4359
4579
4799
5019
5239
5459
5679
5899
6119
6339
6559
6779
6999
7219
7439
7659
7879
8099
8319
8539
8759
8979
9199
9419
9639
9859
10079
10299
10519
10739
10959
11179
11399
11619
11839
12059
12279
12499
12719
12939
13159
13379
13599
13819
14039
14259
180
400
620
840
1060
1280
1500
1720
1940
2160
2380
2600
2820
3040
3260
3480
3700
3920
4140
4360
4580
4800
5020
5240
5460
5680
5900
6120
6340
6560
6780
7000
7220
7440
7660
7880
8100
8320
8540
8760
8980
9200
9420
9640
9860
10080
10300
10520
10740
10960
11180
11400
11620
11840
12060
12280
12500
12720
12940
13160
13380
13600
13820
14040
14260
181
401
621
841
1061
1281
1501
1721
1941
2161
2381
2601
2821
3041
3261
3481
3701
3921
4141
4361
4581
4801
5021
5241
5461
5681
5901
6121
6341
6561
6781
7001
7221
7441
7661
7881
8101
8321
8541
8761
8981
9201
9421
9641
9861
10081
10301
10521
10741
10961
11181
11401
11621
11841
12061
12281
12501
12721
12941
13161
13381
13601
13821
14041
14261
182
402
622
842
1062
1282
1502
1722
1942
2162
2382
2602
2822
3042
3262
3482
3702
3922
4142
4362
4582
4802
5022
5242
5462
5682
5902
6122
6342
6562
6782
7002
7222
7442
7662
7882
8102
8322
8542
8762
8982
9202
9422
9642
9862
10082
10302
10522
10742
10962
11182
11402
11622
11842
12062
12282
12502
12722
12942
13162
13382
13602
13822
14042
14262
183
403
623
843
1063
1283
1503
1723
1943
2163
2383
2603
2823
3043
3263
3483
3703
3923
4143
4363
4583
4803
5023
5243
5463
5683
5903
6123
6343
6563
6783
7003
7223
7443
7663
7883
8103
8323
8543
8763
8983
9203
9423
9643
9863
10083
10303
10523
10743
10963
11183
11403
11623
11843
12063
12283
12503
12723
12943
13163
13383
13603
13823
14043
14263
184
404
624
844
1064
1284
1504
1724
1944
2164
2384
2604
2824
3044
3264
3484
3704
3924
4144
4364
4584
4804
5024
5244
5464
5684
5904
6124
6344
6564
6784
7004
7224
7444
7664
7884
8104
8324
8544
8764
8984
9204
9424
9644
9864
10084
10304
10524
10744
10964
11184
11404
11624
11844
12064
12284
12504
12724
12944
13164
13384
13604
13824
14044
14264
185
405
625
845
1065
1285
1505
1725
1945
2165
2385
2605
2825
3045
3265
3485
3705
3925
4145
4365
4585
4805
5025
5245
5465
5685
5905
6125
6345
6565
6785
7005
7225
7445
7665
7885
8105
8325
8545
8765
8985
9205
9425
9645
9865
10085
10305
10525
10745
10965
11185
11405
11625
11845
12065
12285
12505
12725
12945
13165
13385
13605
13825
14045
14265
186
406
626
846
1066
1286
1506
1726
1946
2166
2386
2606
2826
3046
3266
3486
3706
3926
4146
4366
4586
4806
5026
5246
5466
5686
5906
6126
6346
6566
6786
7006
7226
7446
7666
7886
8106
8326
8546
8766
8986
9206
9426
9646
9866
10086
10306
10526
10746
10966
11186
11406
11626
11846
12066
12286
12506
12726
12946
13166
13386
13606
13826
14046
14266
187
407
627
847
1067
1287
1507
1727
1947
2167
2387
2607
2827
3047
3267
3487
3707
3927
4147
4367
4587
4807
5027
5247
5467
5687
5907
6127
6347
6567
6787
7007
7227
7447
7667
7887
8107
8327
8547
8767
8987
9207
9427
9647
9867
10087
10307
10527
10747
10967
11187
11407
11627
11847
12067
12287
12507
12727
12947
13167
13387
13607
13827
14047
14267
188
408
628
848
1068
1288
1508
1728
1948
2168
2388
2608
2828
3048
3268
3488
3708
3928
4148
4368
4588
4808
5028
5248
5468
5688
5908
6128
6348
6568
6788
7008
7228
7448
7668
7888
8108
8328
8548
8768
8988
9208
9428
9648
9868
10088
10308
10528
10748
10968
11188
11408
11628
11848
12068
12288
12508
12728
12948
13168
13388
13608
13828
14048
14268
189
409
629
849
1069
1289
1509
1729
1949
2169
2389
2609
2829
3049
3269
3489
3709
3929
4149
4369
4589
4809
5029
5249
5469
5689
5909
6129
6349
6569
6789
7009
7229
7449
7669
7889
8109
8329
8549
8769
8989
9209
9429
9649
9869
10089
10309
10529
10749
10969
11189
11409
11629
11849
12069
12289
12509
12729
12949
13169
13389
13609
13829
14049
14269
190
410
630
850
1070
1290
1510
1730
1950
2170
2390
2610
2830
3050
3270
3490
3710
3930
4150
4370
4590
4810
5030
5250
5470
5690
5910
6130
6350
6570
6790
7010
7230
7450
7670
7890
8110
8330
8550
8770
8990
9210
9430
9650
9870
10090
10310
10530
10750
10970
11190
11410
11630
11850
12070
12290
12510
12730
12950
13170
13390
13610
13830
14050
14270
191
411
631
851
1071
1291
1511
1731
1951
2171
2391
2611
2831
3051
3271
3491
3711
3931
4151
4371
4591
4811
5031
5251
5471
5691
5911
6131
6351
6571
6791
7011
7231
7451
7671
7891
8111
8331
8551
8771
8991
9211
9431
9651
9871
10091
10311
10531
10751
10971
11191
11411
11631
11851
12071
12291
12511
12731
12951
13171
13391
13611
13831
14051
14271
192
412
632
852
1072
1292
1512
1732
1952
2172
2392
2612
2832
3052
3272
3492
3712
3932
4152
4372
4592
4812
5032
5252
5472
5692
5912
6132
6352
6572
6792
7012
7232
7452
7672
7892
8112
8332
8552
8772
8992
9212
9432
9652
9872
10092
10312
10532
10752
10972
11192
11412
11632
11852
12072
12292
12512
12732
12952
13172
13392
13612
13832
14052
14272
193
413
633
853
1073
1293
1513
1733
1953
2173
2393
2613
2833
3053
3273
3493
3713
3933
4153
4373
4593
4813
5033
5253
5473
5693
5913
6133
6353
6573
6793
7013
7233
7453
7673
7893
8113
8333
8553
8773
8993
9213
9433
9653
9873
10093
10313
10533
10753
10973
11193
11413
11633
11853
12073
12293
12513
12733
12953
13173
13393
13613
13833
14053
14273
194
414
634
854
1074
1294
1514
1734
1954
2174
2394
2614
2834
3054
3274
3494
3714
3934
4154
4374
4594
4814
5034
5254
5474
5694
5914
6134
6354
6574
6794
7014
7234
7454
7674
7894
8114
8334
8554
8774
8994
9214
9434
9654
9874
10094
10314
10534
10754
10974
11194
11414
11634
11854
12074
12294
12514
12734
12954
13174
13394
13614
13834
14054
14274
195
415
635
855
1075
1295
1515
1735
1955
2175
2395
2615
2835
3055
3275
3495
3715
3935
4155
4375
4595
4815
5035
5255
5475
5695
5915
6135
6355
6575
6795
7015
7235
7455
7675
7895
8115
8335
8555
8775
8995
9215
9435
9655
9875
10095
10315
10535
10755
10975
11195
11415
11635
11855
12075
12295
12515
12735
12955
13175
13395
13615
13835
14055
14275
196
416
636
856
1076
1296
1516
1736
1956
2176
2396
2616
2836
3056
3276
3496
3716
3936
4156
4376
4596
4816
5036
5256
5476
5696
5916
6136
6356
6576
6796
7016
7236
7456
7676
7896
8116
8336
8556
8776
8996
9216
9436
9656
9876
10096
10316
10536
10756
10976
11196
11416
11636
11856
12076
12296
12516
12736
12956
13176
13396
13616
13836
14056
14276
197
417
637
857
1077
1297
1517
1737
1957
2177
2397
2617
2837
3057
3277
3497
3717
3937
4157
4377
4597
4817
5037
5257
5477
5697
5917
6137
6357
6577
6797
7017
7237
7457
7677
7897
8117
8337
8557
8777
8997
9217
9437
9657
9877
10097
10317
10537
10757
10977
11197
11417
11637
11857
12077
12297
12517
12737
12957
13177
13397
13617
13837
14057
14277
198
418
638
858
1078
1298
1518
1738
1958
2178
2398
2618
2838
3058
3278
3498
3718
3938
4158
4378
4598
4818
5038
5258
5478
5698
5918
6138
6358
6578
6798
7018
7238
7458
7678
7898
8118
8338
8558
8778
8998
9218
9438
9658
9878
10098
10318
10538
10758
10978
11198
11418
11638
11858
12078
12298
12518
12738
12958
13178
13398
13618
13838
14058
14278
199
419
639
859
1079
1299
1519
1739
1959
2179
2399
2619
2839
3059
3279
3499
3719
3939
4159
4379
4599
4819
5039
5259
5479
5699
5919
6139
6359
6579
6799
7019
7239
7459
7679
7899
8119
8339
8559
8779
8999
9219
9439
9659
9879
10099
10319
10539
10759
10979
11199
11419
11639
11859
12079
12299
12519
12739
12959
13179
13399
13619
13839
14059
14279
200
420
640
860
1080
1300
1520
1740
1960
2180
2400
2620
2840
3060
3280
3500
3720
3940
4160
4380
4600
4820
5040
5260
5480
5700
5920
6140
6360
6580
6800
7020
7240
7460
7680
7900
8120
8340
8560
8780
9000
9220
9440
9660
9880
10100
10320
10540
10760
10980
11200
11420
11640
11860
12080
12300
12520
12740
12960
13180
13400
13620
13840
14060
14280
201
421
641
861
1081
1301
1521
1741
1961
2181
2401
2621
2841
3061
3281
3501
3721
3941
4161
4381
4601
4821
5041
5261
5481
5701
5921
6141
6361
6581
6801
7021
7241
7461
7681
7901
8121
8341
8561
8781
9001
9221
9441
9661
9881
10101
10321
10541
10761
10981
11201
11421
11641
11861
12081
12301
12521
12741
12961
13181
13401
13621
13841
14061
14281
202
422
642
862
1082
1302
1522
1742
1962
2182
2402
2622
2842
3062
3282
3502
3722
3942
4162
4382
4602
4822
5042
5262
5482
5702
5922
6142
6362
6582
6802
7022
7242
7462
7682
7902
8122
8342
8562
8782
9002
9222
9442
9662
9882
10102
10322
10542
10762
10982
11202
11422
11642
11862
12082
12302
12522
12742
12962
13182
13402
13622
13842
14062
14282
203
423
643
863
1083
1303
1523
1743
1963
2183
2403
2623
2843
3063
3283
3503
3723
3943
4163
4383
4603
4823
5043
5263
5483
5703
5923
6143
6363
6583
6803
7023
7243
7463
7683
7903
8123
8343
8563
8783
9003
9223
9443
9663
9883
10103
10323
10543
10763
10983
11203
11423
11643
11863
12083
12303
12523
12743
12963
13183
13403
13623
13843
14063
14283
204
424
644
864
1084
1304
1524
1744
1964
2184
2404
2624
2844
3064
3284
3504
3724
3944
4164
4384
4604
4824
5044
5264
5484
5704
5924
6144
6364
6584
6804
7024
7244
7464
7684
7904
8124
8344
8564
8784
9004
9224
9444
9664
9884
10104
10324
10544
10764
10984
11204
11424
11644
11864
12084
12304
12524
12744
12964
13184
13404
13624
13844
14064
14284
205
425
645
865
1085
1305
1525
1745
1965
2185
2405
2625
2845
3065
3285
3505
3725
3945
4165
4385
4605
4825
5045
5265
5485
5705
5925
6145
6365
6585
6805
7025
7245
7465
7685
7905
8125
8345
8565
8785
9005
9225
9445
9665
9885
10105
10325
10545
10765
10985
11205
11425
11645
11865
12085
12305
12525
12745
12965
13185
13405
13625
13845
14065
14285
206
426
646
866
1086
1306
1526
1746
1966
2186
2406
2626
2846
3066
3286
3506
3726
3946
4166
4386
4606
4826
5046
5266
5486
5706
5926
6146
6366
6586
6806
7026
7246
7466
7686
7906
8126
8346
8566
8786
9006
9226
9446
9666
9886
10106
10326
10546
10766
10986
11206
11426
11646
11866
12086
12306
12526
12746
12966
13186
13406
13626
13846
14066
14286
207
427
647
867
1087
1307
1527
1747
1967
2187
2407
2627
2847
3067
3287
3507
3727
3947
4167
4387
4607
4827
5047
5267
5487
5707
5927
6147
6367
6587
6807
7027
7247
7467
7687
7907
8127
8347
8567
8787
9007
9227
9447
9667
9887
10107
10327
10547
10767
10987
11207
11427
11647
11867
12087
12307
12527
12747
12967
13187
13407
13627
13847
14067
14287
208
428
648
868
1088
1308
1528
1748
1968
2188
2408
2628
2848
3068
3288
3508
3728
3948
4168
4388
4608
4828
5048
5268
5488
5708
5928
6148
6368
6588
6808
7028
7248
7468
7688
7908
8128
8348
8568
8788
9008
9228
9448
9668
9888
10108
10328
10548
10768
10988
11208
11428
11648
11868
12088
12308
12528
12748
12968
13188
13408
13628
13848
14068
14288
209
429
649
869
1089
1309
1529
1749
1969
2189
2409
2629
2849
3069
3289
3509
3729
3949
4169
4389
4609
4829
5049
5269
5489
5709
5929
6149
6369
6589
6809
7029
7249
7469
7689
7909
8129
8349
8569
8789
9009
9229
9449
9669
9889
10109
10329
10549
10769
10989
11209
11429
11649
11869
12089
12309
12529
12749
12969
13189
13409
13629
13849
14069
14289
210
430
650
870
1090
1310
1530
1750
1970
2190
2410
2630
2850
3070
3290
3510
3730
3950
4170
4390
4610
4830
5050
5270
5490
5710
5930
6150
6370
6590
6810
7030
7250
7470
7690
7910
8130
8350
8570
8790
9010
9230
9450
9670
9890
10110
10330
10550
10770
10990
11210
11430
11650
11870
12090
12310
12530
12750
12970
13190
13410
13630
13850
14070
14290
211
431
651
871
1091
1311
1531
1751
1971
2191
2411
2631
2851
3071
3291
3511
3731
3951
4171
4391
4611
4831
5051
5271
5491
5711
5931
6151
6371
6591
6811
7031
7251
7471
7691
7911
8131
8351
8571
8791
9011
9231
9451
9671
9891
10111
10331
10551
10771
10991
11211
11431
11651
11871
12091
12311
12531
12751
12971
13191
13411
13631
13851
14071
14291
212
432
652
872
1092
1312
1532
1752
1972
2192
2412
2632
2852
3072
3292
3512
3732
3952
4172
4392
4612
4832
5052
5272
5492
5712
5932
6152
6372
6592
6812
7032
7252
7472
7692
7912
8132
8352
8572
8792
9012
9232
9452
9672
9892
10112
10332
10552
10772
10992
11212
11432
11652
11872
12092
12312
12532
12752
12972
13192
13412
13632
13852
14072
14292
213
433
653
873
1093
1313
1533
1753
1973
2193
2413
2633
2853
3073
3293
3513
3733
3953
4173
4393
4613
4833
5053
5273
5493
5713
5933
6153
6373
6593
6813
7033
7253
7473
7693
7913
8133
8353
8573
8793
9013
9233
9453
9673
9893
10113
10333
10553
10773
10993
11213
11433
11653
11873
12093
12313
12533
12753
12973
13193
13413
13633
13853
14073
14293
214
434
654
874
1094
1314
1534
1754
1974
2194
2414
2634
2854
3074
3294
3514
3734
3954
4174
4394
4614
4834
5054
5274
5494
5714
5934
6154
6374
6594
6814
7034
7254
7474
7694
7914
8134
8354
8574
8794
9014
9234
9454
9674
9894
10114
10334
10554
10774
10994
11214
11434
11654
11874
12094
12314
12534
12754
12974
13194
13414
13634
13854
14074
14294
215
435
655
875
1095
1315
1535
1755
1975
2195
2415
2635
2855
3075
3295
3515
3735
3955
4175
4395
4615
4835
5055
5275
5495
5715
5935
6155
6375
6595
6815
7035
7255
7475
7695
7915
8135
8355
8575
8795
9015
9235
9455
9675
9895
10115
10335
10555
10775
10995
11215
11435
11655
11875
12095
12315
12535
12755
12975
13195
13415
13635
13855
14075
14295
216
436
656
876
1096
1316
1536
1756
1976
2196
2416
2636
2856
3076
3296
3516
3736
3956
4176
4396
4616
4836
5056
5276
5496
5716
5936
6156
6376
6596
6816
7036
7256
7476
7696
7916
8136
8356
8576
8796
9016
9236
9456
9676
9896
10116
10336
10556
10776
10996
11216
11436
11656
11876
12096
12316
12536
12756
12976
13196
13416
13636
13856
14076
14296
217
437
657
877
1097
1317
1537
1757
1977
2197
2417
2637
2857
3077
3297
3517
3737
3957
4177
4397
4617
4837
5057
5277
5497
5717
5937
6157
6377
6597
6817
7037
7257
7477
7697
7917
8137
8357
8577
8797
9017
9237
9457
9677
9897
10117
10337
10557
10777
10997
11217
11437
11657
11877
12097
12317
12537
12757
12977
13197
13417
13637
13857
14077
14297
218
438
658
878
1098
1318
1538
1758
1978
2198
2418
2638
2858
3078
3298
3518
3738
3958
4178
4398
4618
4838
5058
5278
5498
5718
5938
6158
6378
6598
6818
7038
7258
7478
7698
7918
8138
8358
8578
8798
9018
9238
9458
9678
9898
10118
10338
10558
10778
10998
11218
11438
11658
11878
12098
12318
12538
12758
12978
13198
13418
13638
13858
14078
14298
219
439
659
879
1099
1319
1539
1759
1979
2199
2419
2639
2859
3079
3299
3519
3739
3959
4179
4399
4619
4839
5059
5279
5499
5719
5939
6159
6379
6599
6819
7039
7259
7479
7699
7919
8139
8359
8579
8799
9019
9239
9459
9679
9899
10119
10339
10559
10779
10999
11219
11439
11659
11879
12099
12319
12539
12759
12979
13199
13419
13639
13859
14079
14299
0
220
440
660
880
1100
1320
1540
1760
1980
2200
2420
2640
2860
3080
3300
3520
3740
3960
4180
4400
4620
4840
5060
5280
5500
5720
5940
6160
6380
6600
6820
7040
7260
7480
7700
7920
8140
8360
8580
8800
9020
9240
9460
9680
9900
10120
10340
10560
10780
11000
11220
11440
11660
11880
12100
12320
12540
12760
12980
13200
13420
13640
13860
14080
1
221
441
661
881
1101
1321
1541
1761
1981
2201
2421
2641
2861
3081
3301
3521
3741
3961
4181
4401
4621
4841
5061
5281
5501
5721
5941
6161
6381
6601
6821
7041
7261
7481
7701
7921
8141
8361
8581
8801
9021
9241
9461
9681
9901
10121
10341
10561
10781
11001
11221
11441
11661
11881
12101
12321
12541
12761
12981
13201
13421
13641
13861
14081
2
222
442
662
882
1102
1322
1542
1762
1982
2202
2422
2642
2862
3082
3302
3522
3742
3962
4182
4402
4622
4842
5062
5282
5502
5722
5942
6162
6382
6602
6822
7042
7262
7482
7702
7922
8142
8362
8582
8802
9022
9242
9462
9682
9902
10122
10342
10562
10782
11002
11222
11442
11662
11882
12102
12322
12542
12762
12982
13202
13422
13642
13862
14082
3
223
443
663
883
1103
1323
1543
1763
1983
2203
2423
2643
2863
3083
3303
3523
3743
3963
4183
4403
4623
4843
5063
5283
5503
5723
5943
6163
6383
6603
6823
7043
7263
7483
7703
7923
8143
8363
8583
8803
9023
9243
9463
9683
9903
10123
10343
10563
10783
11003
11223
11443
11663
11883
12103
12323
12543
12763
12983
13203
13423
13643
13863
14083
4
224
444
664
884
1104
1324
1544
1764
1984
2204
2424
2644
2864
3084
3304
3524
3744
3964
4184
4404
4624
4844
5064
5284
5504
5724
5944
6164
6384
6604
6824
7044
7264
7484
7704
7924
8144
8364
8584
8804
9024
9244
9464
9684
9904
10124
10344
10564
10784
11004
11224
11444
11664
11884
12104
12324
12544
12764
12984
13204
13424
13644
13864
14084
5
225
445
665
885
1105
1325
1545
1765
1985
2205
2425
2645
2865
3085
3305
3525
3745
3965
4185
4405
4625
4845
5065
5285
5505
5725
5945
6165
6385
6605
6825
7045
7265
7485
7705
7925
8145
8365
8585
8805
9025
9245
9465
9685
9905
10125
10345
10565
10785
11005
11225
11445
11665
11885
12105
12325
12545
12765
12985
13205
13425
13645
13865
14085
6
226
446
666
886
1106
1326
1546
1766
1986
2206
2426
2646
2866
3086
3306
3526
3746
3966
4186
4406
4626
4846
5066
5286
5506
5726
5946
6166
6386
6606
6826
7046
7266
7486
7706
7926
8146
8366
8586
8806
9026
9246
9466
9686
9906
10126
10346
10566
10786
11006
11226
11446
11666
11886
12106
12326
12546
12766
12986
13206
13426
13646
13866
14086
7
227
447
667
887
1107
1327
1547
1767
1987
2207
2427
2647
2867
3087
3307
3527
3747
3967
4187
4407
4627
4847
5067
5287
5507
5727
5947
6167
6387
6607
6827
7047
7267
7487
7707
7927
8147
8367
8587
8807
9027
9247
9467
9687
9907
10127
10347
10567
10787
11007
11227
11447
11667
11887
12107
12327
12547
12767
12987
13207
13427
13647
13867
14087
8
228
448
668
888
1108
1328
1548
1768
1988
2208
2428
2648
2868
3088
3308
3528
3748
3968
4188
4408
4628
4848
5068
5288
5508
5728
5948
6168
6388
6608
6828
7048
7268
7488
7708
7928
8148
8368
8588
8808
9028
9248
9468
9688
9908
10128
10348
10568
10788
11008
11228
11448
11668
11888
12108
12328
12548
12768
12988
13208
13428
13648
13868
14088
9
229
449
669
889
1109
1329
1549
1769
1989
2209
2429
2649
2869
3089
3309
3529
3749
3969
4189
4409
4629
4849
5069
5289
5509
5729
5949
6169
6389
6609
6829
7049
7269
7489
7709
7929
8149
8369
8589
8809
9029
9249
9469
9689
9909
10129
10349
10569
10789
11009
11229
11449
11669
11889
12109
12329
12549
12769
12989
13209
13429
13649
13869
14089
10
230
450
670
890
1110
1330
1550
1770
1990
2210
2430
2650
2870
3090
3310
3530
3750
3970
4190
4410
4630
4850
5070
5290
5510
5730
5950
6170
6390
6610
6830
7050
7270
7490
7710
7930
8150
8370
8590
8810
9030
9250
9470
9690
9910
10130
10350
10570
10790
11010
11230
11450
11670
11890
12110
12330
12550
12770
12990
13210
13430
13650
13870
14090
11
231
451
671
891
1111
1331
1551
1771
1991
2211
2431
2651
2871
3091
3311
3531
3751
3971
4191
4411
4631
4851
5071
5291
5511
5731
5951
6171
6391
6611
6831
7051
7271
7491
7711
7931
8151
8371
8591
8811
9031
9251
9471
9691
9911
10131
10351
10571
10791
11011
11231
11451
11671
11891
12111
12331
12551
12771
12991
13211
13431
13651
13871
14091
12
232
452
672
892
1112
1332
1552
1772
1992
2212
2432
2652
2872
3092
3312
3532
3752
3972
4192
4412
4632
4852
5072
5292
5512
5732
5952
6172
6392
6612
6832
7052
7272
7492
7712
7932
8152
8372
8592
8812
9032
9252
9472
9692
9912
10132
10352
10572
10792
11012
11232
11452
11672
11892
12112
12332
12552
12772
12992
13212
13432
13652
13872
14092
13
233
453
673
893
1113
1333
1553
1773
1993
2213
2433
2653
2873
3093
3313
3533
3753
3973
4193
4413
4633
4853
5073
5293
5513
5733
5953
6173
6393
6613
6833
7053
7273
7493
7713
7933
8153
8373
8593
8813
9033
9253
9473
9693
9913
10133
10353
10573
10793
11013
11233
11453
11673
11893
12113
12333
12553
12773
12993
13213
13433
13653
13873
14093
14
234
454
674
894
1114
1334
1554
1774
1994
2214
2434
2654
2874
3094
3314
3534
3754
3974
4194
4414
4634
4854
5074
5294
5514
5734
5954
6174
6394
6614
6834
7054
7274
7494
7714
7934
8154
8374
8594
8814
9034
9254
9474
9694
9914
10134
10354
10574
10794
11014
11234
11454
11674
11894
12114
12334
12554
12774
12994
13214
13434
13654
13874
14094
15
235
455
675
895
1115
1335
1555
1775
1995
2215
2435
2655
2875
3095
3315
3535
3755
3975
4195
4415
4635
4855
5075
5295
5515
5735
5955
6175
6395
6615
6835
7055
7275
7495
7715
7935
8155
8375
8595
8815
9035
9255
9475
9695
9915
10135
10355
10575
10795
11015
11235
11455
11675
11895
12115
12335
12555
12775
12995
13215
13435
13655
13875
14095
16
236
456
676
896
1116
1336
1556
1776
1996
2216
2436
2656
2876
3096
3316
3536
3756
3976
4196
4416
4636
4856
5076
5296
5516
5736
5956
6176
6396
6616
6836
7056
7276
7496
7716
7936
8156
8376
8596
8816
9036
9256
9476
9696
9916
10136
10356
10576
10796
11016
11236
11456
11676
11896
12116
12336
12556
12776
12996
13216
13436
13656
13876
14096
17
237
457
677
897
1117
1337
1557
1777
1997
2217
2437
2657
2877
3097
3317
3537
3757
3977
4197
4417
4637
4857
5077
5297
5517
5737
5957
6177
6397
6617
6837
7057
7277
7497
7717
7937
8157
8377
8597
8817
9037
9257
9477
9697
9917
10137
10357
10577
10797
11017
11237
11457
11677
11897
12117
12337
12557
12777
12997
13217
13437
13657
13877
14097
18
238
458
678
898
1118
1338
1558
1778
1998
2218
2438
2658
2878
3098
3318
3538
3758
3978
4198
4418
4638
4858
5078
5298
5518
5738
5958
6178
6398
6618
6838
7058
7278
7498
7718
7938
8158
8378
8598
8818
9038
9258
9478
9698
9918
10138
10358
10578
10798
11018
11238
11458
11678
11898
12118
12338
12558
12778
12998
13218
13438
13658
13878
14098
19
239
459
679
899
1119
1339
1559
1779
1999
2219
2439
2659
2879
3099
3319
3539
3759
3979
4199
4419
4639
4859
5079
5299
5519
5739
5959
6179
6399
6619
6839
7059
7279
7499
7719
7939
8159
8379
8599
8819
9039
9259
9479
9699
9919
10139
10359
10579
10799
11019
11239
11459
11679
11899
12119
12339
12559
12779
12999
13219
13439
13659
13879
14099
20
240
460
680
900
1120
1340
1560
1780
2000
2220
2440
2660
2880
3100
3320
3540
3760
3980
4200
4420
4640
4860
5080
5300
5520
5740
5960
6180
6400
6620
6840
7060
7280
7500
7720
7940
8160
8380
8600
8820
9040
9260
9480
9700
9920
10140
10360
10580
10800
11020
11240
11460
11680
11900
12120
12340
12560
12780
13000
13220
13440
13660
13880
14100
21
241
461
681
901
1121
1341
1561
1781
2001
2221
2441
2661
2881
3101
3321
3541
3761
3981
4201
4421
4641
4861
5081
5301
5521
5741
5961
6181
6401
6621
6841
7061
7281
7501
7721
7941
8161
8381
8601
8821
9041
9261
9481
9701
9921
10141
10361
10581
10801
11021
11241
11461
11681
11901
12121
12341
12561
12781
13001
13221
13441
13661
13881
14101
22
242
462
682
902
1122
1342
1562
1782
2002
2222
2442
2662
2882
3102
3322
3542
3762
3982
4202
4422
4642
4862
5082
5302
5522
5742
5962
6182
6402
6622
6842
7062
7282
7502
7722
7942
8162
8382
8602
8822
9042
9262
9482
9702
9922
10142
10362
10582
10802
11022
11242
11462
11682
11902
12122
12342
12562
12782
13002
13222
13442
13662
13882
14102
23
243
463
683
903
1123
1343
1563
1783
2003
2223
2443
2663
2883
3103
3323
3543
3763
3983
4203
4423
4643
4863
5083
5303
5523
5743
5963
6183
6403
6623
6843
7063
7283
7503
7723
7943
8163
8383
8603
8823
9043
9263
9483
9703
9923
10143
10363
10583
10803
11023
11243
11463
11683
11903
12123
12343
12563
12783
13003
13223
13443
13663
13883
14103
24
244
464
684
904
1124
1344
1564
1784
2004
2224
2444
2664
2884
3104
3324
3544
3764
3984
4204
4424
4644
4864
5084
5304
5524
5744
5964
6184
6404
6624
6844
7064
7284
7504
7724
7944
8164
8384
8604
8824
9044
9264
9484
9704
9924
10144
10364
10584
10804
11024
11244
11464
11684
11904
12124
12344
12564
12784
13004
13224
13444
13664
13884
14104
25
245
465
685
905
1125
1345
1565
1785
2005
2225
2445
2665
2885
3105
3325
3545
3765
3985
4205
4425
4645
4865
5085
5305
5525
5745
5965
6185
6405
6625
6845
7065
7285
7505
7725
7945
8165
8385
8605
8825
9045
9265
9485
9705
9925
10145
10365
10585
10805
11025
11245
11465
11685
11905
12125
12345
12565
12785
13005
13225
13445
13665
13885
14105
26
246
466
686
906
1126
1346
1566
1786
2006
2226
2446
2666
2886
3106
3326
3546
3766
3986
4206
4426
4646
4866
5086
5306
5526
5746
5966
6186
6406
6626
6846
7066
7286
7506
7726
7946
8166
8386
8606
8826
9046
9266
9486
9706
9926
10146
10366
10586
10806
11026
11246
11466
11686
11906
12126
12346
12566
12786
13006
13226
13446
13666
13886
14106
27
247
467
687
907
1127
1347
1567
1787
2007
2227
2447
2667
2887
3107
3327
3547
3767
3987
4207
4427
4647
4867
5087
5307
5527
5747
5967
6187
6407
6627
6847
7067
7287
7507
7727
7947
8167
8387
8607
8827
9047
9267
9487
9707
9927
10147
10367
10587
10807
11027
11247
11467
11687
11907
12127
12347
12567
12787
13007
13227
13447
13667
13887
14107
28
248
468
688
908
1128
1348
1568
1788
2008
2228
2448
2668
2888
3108
3328
3548
3768
3988
4208
4428
4648
4868
5088
5308
5528
5748
5968
6188
6408
6628
6848
7068
7288
7508
7728
7948
8168
8388
8608
8828
9048
9268
9488
9708
9928
10148
10368
10588
10808
11028
11248
11468
11688
11908
12128
12348
12568
12788
13008
13228
13448
13668
13888
14108
29
249
469
689
909
1129
1349
1569
1789
2009
2229
2449
2669
2889
3109
3329
3549
3769
3989
4209
4429
4649
4869
5089
5309
5529
5749
5969
6189
6409
6629
6849
7069
7289
7509
7729
7949
8169
8389
8609
8829
9049
9269
9489
9709
9929
10149
10369
10589
10809
11029
11249
11469
11689
11909
12129
12349
12569
12789
13009
13229
13449
13669
13889
14109
30
250
470
690
910
1130
1350
1570
1790
2010
2230
2450
2670
2890
3110
3330
3550
3770
3990
4210
4430
4650
4870
5090
5310
5530
5750
5970
6190
6410
6630
6850
7070
7290
7510
7730
7950
8170
8390
8610
8830
9050
9270
9490
9710
9930
10150
10370
10590
10810
11030
11250
11470
11690
11910
12130
12350
12570
12790
13010
13230
13450
13670
13890
14110
31
251
471
691
911
1131
1351
1571
1791
2011
2231
2451
2671
2891
3111
3331
3551
3771
3991
4211
4431
4651
4871
5091
5311
5531
5751
5971
6191
6411
6631
6851
7071
7291
7511
7731
7951
8171
8391
8611
8831
9051
9271
9491
9711
9931
10151
10371
10591
10811
11031
11251
11471
11691
11911
12131
12351
12571
12791
13011
13231
13451
13671
13891
14111
32
252
472
692
912
1132
1352
1572
1792
2012
2232
2452
2672
2892
3112
3332
3552
3772
3992
4212
4432
4652
4872
5092
5312
5532
5752
5972
6192
6412
6632
6852
7072
7292
7512
7732
7952
8172
8392
8612
8832
9052
9272
9492
9712
9932
10152
10372
10592
10812
11032
11252
11472
11692
11912
12132
12352
12572
12792
13012
13232
13452
13672
13892
14112
33
253
473
693
913
1133
1353
1573
1793
2013
2233
2453
2673
2893
3113
3333
3553
3773
3993
4213
4433
4653
4873
5093
5313
5533
5753
5973
6193
6413
6633
6853
7073
7293
7513
7733
7953
8173
8393
8613
8833
9053
9273
9493
9713
9933
10153
10373
10593
10813
11033
11253
11473
11693
11913
12133
12353
12573
12793
13013
13233
13453
13673
13893
14113
34
254
474
694
914
1134
1354
1574
1794
2014
2234
2454
2674
2894
3114
3334
3554
3774
3994
4214
4434
4654
4874
5094
5314
5534
5754
5974
6194
6414
6634
6854
7074
7294
7514
7734
7954
8174
8394
8614
8834
9054
9274
9494
9714
9934
10154
10374
10594
10814
11034
11254
11474
11694
11914
12134
12354
12574
12794
13014
13234
13454
13674
13894
14114
35
255
475
695
915
1135
1355
1575
1795
2015
2235
2455
2675
2895
3115
3335
3555
3775
3995
4215
4435
4655
4875
5095
5315
5535
5755
5975
6195
6415
6635
6855
7075
7295
7515
7735
7955
8175
8395
8615
8835
9055
9275
9495
9715
9935
10155
10375
10595
10815
11035
11255
11475
11695
11915
12135
12355
12575
12795
13015
13235
13455
13675
13895
14115
36
256
476
696
916
1136
1356
1576
1796
2016
2236
2456
2676
2896
3116
3336
3556
3776
3996
4216
4436
4656
4876
5096
5316
5536
5756
5976
6196
6416
6636
6856
7076
7296
7516
7736
7956
8176
8396
8616
8836
9056
9276
9496
9716
9936
10156
10376
10596
10816
11036
11256
11476
11696
11916
12136
12356
12576
12796
13016
13236
13456
13676
13896
14116
37
257
477
697
917
1137
1357
1577
1797
2017
2237
2457
2677
2897
3117
3337
3557
3777
3997
4217
4437
4657
4877
5097
5317
5537
5757
5977
6197
6417
6637
6857
7077
7297
7517
7737
7957
8177
8397
8617
8837
9057
9277
9497
9717
9937
10157
10377
10597
10817
11037
11257
11477
11697
11917
12137
12357
12577
12797
13017
13237
13457
13677
13897
14117
38
258
478
698
918
1138
1358
1578
1798
2018
2238
2458
2678
2898
3118
3338
3558
3778
3998
4218
4438
4658
4878
5098
5318
5538
5758
5978
6198
6418
6638
6858
7078
7298
7518
7738
7958
8178
8398
8618
8838
9058
9278
9498
9718
9938
10158
10378
10598
10818
11038
11258
11478
11698
11918
12138
12358
12578
12798
13018
13238
13458
13678
13898
14118
39
259
479
699
919
1139
1359
1579
1799
2019
2239
2459
2679
2899
3119
3339
3559
3779
3999
4219
4439
4659
4879
5099
5319
5539
5759
5979
6199
6419
6639
6859
7079
7299
7519
7739
7959
8179
8399
8619
8839
9059
9279
9499
9719
9939
10159
10379
10599
10819
11039
11259
11479
11699
11919
12139
12359
12579
12799
13019
13239
13459
13679
13899
14119
40
260
480
700
920
1140
1360
1580
1800
2020
2240
2460
2680
2900
3120
3340
3560
3780
4000
4220
4440
4660
4880
5100
5320
5540
5760
5980
6200
6420
6640
6860
7080
7300
7520
7740
7960
8180
8400
8620
8840
9060
9280
9500
9720
9940
10160
10380
10600
10820
11040
11260
11480
11700
11920
12140
12360
12580
12800
13020
13240
13460
13680
13900
14120
41
261
481
701
921
1141
1361
1581
1801
2021
2241
2461
2681
2901
3121
3341
3561
3781
4001
4221
4441
4661
4881
5101
5321
5541
5761
5981
6201
6421
6641
6861
7081
7301
7521
7741
7961
8181
8401
8621
8841
9061
9281
9501
9721
9941
10161
10381
10601
10821
11041
11261
11481
11701
11921
12141
12361
12581
12801
13021
13241
13461
13681
13901
14121
42
262
482
702
922
1142
1362
1582
1802
2022
2242
2462
2682
2902
3122
3342
3562
3782
4002
4222
4442
4662
4882
5102
5322
5542
5762
5982
6202
6422
6642
6862
7082
7302
7522
7742
7962
8182
8402
8622
8842
9062
9282
9502
9722
9942
10162
10382
10602
10822
11042
11262
11482
11702
11922
12142
12362
12582
12802
13022
13242
13462
13682
13902
14122
43
263
483
703
923
1143
1363
1583
1803
2023
2243
2463
2683
2903
3123
3343
3563
3783
4003
4223
4443
4663
4883
5103
5323
5543
5763
5983
6203
6423
6643
6863
7083
7303
7523
7743
7963
8183
8403
8623
8843
9063
9283
9503
9723
9943
10163
10383
10603
10823
11043
11263
11483
11703
11923
12143
12363
12583
12803
13023
13243
13463
13683
13903
14123
44
264
484
704
924
1144
1364
1584
1804
2024
2244
2464
2684
2904
3124
3344
3564
3784
4004
4224
4444
4664
4884
5104
5324
5544
5764
5984
6204
6424
6644
6864
7084
7304
7524
7744
7964
8184
8404
8624
8844
9064
9284
9504
9724
9944
10164
10384
10604
10824
11044
11264
11484
11704
11924
12144
12364
12584
12804
13024
13244
13464
13684
13904
14124
45
265
485
705
925
1145
1365
1585
1805
2025
2245
2465
2685
2905
3125
3345
3565
3785
4005
4225
4445
4665
4885
5105
5325
5545
5765
5985
6205
6425
6645
6865
7085
7305
7525
7745
7965
8185
8405
8625
8845
9065
9285
9505
9725
9945
10165
10385
10605
10825
11045
11265
11485
11705
11925
12145
12365
12585
12805
13025
13245
13465
13685
13905
14125
46
266
486
706
926
1146
1366
1586
1806
2026
2246
2466
2686
2906
3126
3346
3566
3786
4006
4226
4446
4666
4886
5106
5326
5546
5766
5986
6206
6426
6646
6866
7086
7306
7526
7746
7966
8186
8406
8626
8846
9066
9286
9506
9726
9946
10166
10386
10606
10826
11046
11266
11486
11706
11926
12146
12366
12586
12806
13026
13246
13466
13686
13906
14126
47
267
487
707
927
1147
1367
1587
1807
2027
2247
2467
2687
2907
3127
3347
3567
3787
4007
4227
4447
4667
4887
5107
5327
5547
5767
5987
6207
6427
6647
6867
7087
7307
7527
7747
7967
8187
8407
8627
8847
9067
9287
9507
9727
9947
10167
10387
10607
10827
11047
11267
11487
11707
11927
12147
12367
12587
12807
13027
13247
13467
13687
13907
14127
48
268
488
708
928
1148
1368
1588
1808
2028
2248
2468
2688
2908
3128
3348
3568
3788
4008
4228
4448
4668
4888
5108
5328
5548
5768
5988
6208
6428
6648
6868
7088
7308
7528
7748
7968
8188
8408
8628
8848
9068
9288
9508
9728
9948
10168
10388
10608
10828
11048
11268
11488
11708
11928
12148
12368
12588
12808
13028
13248
13468
13688
13908
14128
49
269
489
709
929
1149
1369
1589
1809
2029
2249
2469
2689
2909
3129
3349
3569
3789
4009
4229
4449
4669
4889
5109
5329
5549
5769
5989
6209
6429
6649
6869
7089
7309
7529
7749
7969
8189
8409
8629
8849
9069
9289
9509
9729
9949
10169
10389
10609
10829
11049
11269
11489
11709
11929
12149
12369
12589
12809
13029
13249
13469
13689
13909
14129
50
270
490
710
930
1150
1370
1590
1810
2030
2250
2470
2690
2910
3130
3350
3570
3790
4010
4230
4450
4670
4890
5110
5330
5550
5770
5990
6210
6430
6650
6870
7090
7310
7530
7750
7970
8190
8410
8630
8850
9070
9290
9510
9730
9950
10170
10390
10610
10830
11050
11270
11490
11710
11930
12150
12370
12590
12810
13030
13250
13470
13690
13910
14130
51
271
491
711
931
1151
1371
1591
1811
2031
2251
2471
2691
2911
3131
3351
3571
3791
4011
4231
4451
4671
4891
5111
5331
5551
5771
5991
6211
6431
6651
6871
7091
7311
7531
7751
7971
8191
8411
8631
8851
9071
9291
9511
9731
9951
10171
10391
10611
10831
11051
11271
11491
11711
11931
12151
12371
12591
12811
13031
13251
13471
13691
13911
14131
52
272
492
712
932
1152
1372
1592
1812
2032
2252
2472
2692
2912
3132
3352
3572
3792
4012
4232
4452
4672
4892
5112
5332
5552
5772
5992
6212
6432
6652
6872
7092
7312
7532
7752
7972
8192
8412
8632
8852
9072
9292
9512
9732
9952
10172
10392
10612
10832
11052
11272
11492
11712
11932
12152
12372
12592
12812
13032
13252
13472
13692
13912
14132
53
273
493
713
933
1153
1373
1593
1813
2033
2253
2473
2693
2913
3133
3353
3573
3793
4013
4233
4453
4673
4893
5113
5333
5553
5773
5993
6213
6433
6653
6873
7093
7313
7533
7753
7973
8193
8413
8633
8853
9073
9293
9513
9733
9953
10173
10393
10613
10833
11053
11273
11493
11713
11933
12153
12373
12593
12813
13033
13253
13473
13693
13913
14133
54
274
494
714
934
1154
1374
1594
1814
2034
2254
2474
2694
2914
3134
3354
3574
3794
4014
4234
4454
4674
4894
5114
5334
5554
5774
5994
6214
6434
6654
6874
7094
7314
7534
7754
7974
8194
8414
8634
8854
9074
9294
9514
9734
9954
10174
10394
10614
10834
11054
11274
11494
11714
11934
12154
12374
12594
12814
13034
13254
13474
13694
13914
14134
55
275
495
715
935
1155
1375
1595
1815
2035
2255
2475
2695
2915
3135
3355
3575
3795
4015
4235
4455
4675
4895
5115
5335
5555
5775
5995
6215
6435
6655
6875
7095
7315
7535
7755
7975
8195
8415
8635
8855
9075
9295
9515
9735
9955
10175
10395
10615
10835
11055
11275
11495
11715
11935
12155
12375
12595
12815
13035
13255
13475
13695
13915
14135
56
276
496
716
936
1156
1376
1596
1816
2036
2256
2476
2696
2916
3136
3356
3576
3796
4016
4236
4456
4676
4896
5116
5336
5556
5776
5996
6216
6436
6656
6876
7096
7316
7536
7756
7976
8196
8416
8636
8856
9076
9296
9516
9736
9956
10176
10396
10616
10836
11056
11276
11496
11716
11936
12156
12376
12596
12816
13036
13256
13476
13696
13916
14136
57
277
497
717
937
1157
1377
1597
1817
2037
2257
2477
2697
2917
3137
3357
3577
3797
4017
4237
4457
4677
4897
5117
5337
5557
5777
5997
6217
6437
6657
6877
7097
7317
7537
7757
7977
8197
8417
8637
8857
9077
9297
9517
9737
9957
10177
10397
10617
10837
11057
11277
11497
11717
11937
12157
12377
12597
12817
13037
13257
13477
13697
13917
14137
58
278
498
718
938
1158
1378
1598
1818
2038
2258
2478
2698
2918
3138
3358
3578
3798
4018
4238
4458
4678
4898
5118
5338
5558
5778
5998
6218
6438
6658
6878
7098
7318
7538
7758
7978
8198
8418
8638
8858
9078
9298
9518
9738
9958
10178
10398
10618
10838
11058
11278
11498
11718
11938
12158
12378
12598
12818
13038
13258
13478
13698
13918
14138
59
279
499
719
939
1159
1379
1599
1819
2039
2259
2479
2699
2919
3139
3359
3579
3799
4019
4239
4459
4679
4899
5119
5339
5559
5779
5999
6219
6439
6659
6879
7099
7319
7539
7759
7979
8199
8419
8639
8859
9079
9299
9519
9739
9959
10179
10399
10619
10839
11059
11279
11499
11719
11939
12159
12379
12599
12819
13039
13259
13479
13699
13919
14139
60
280
500
720
940
1160
1380
1600
1820
2040
2260
2480
2700
2920
3140
3360
3580
3800
4020
4240
4460
4680
4900
5120
5340
5560
5780
6000
6220
6440
6660
6880
7100
7320
7540
7760
7980
8200
8420
8640
8860
9080
9300
9520
9740
9960
10180
10400
10620
10840
11060
11280
11500
11720
11940
12160
12380
12600
12820
13040
13260
13480
13700
13920
14140
61
281
501
721
941
1161
1381
1601
1821
2041
2261
2481
2701
2921
3141
3361
3581
3801
4021
4241
4461
4681
4901
5121
5341
5561
5781
6001
6221
6441
6661
6881
7101
7321
7541
7761
7981
8201
8421
8641
8861
9081
9301
9521
9741
9961
10181
10401
10621
10841
11061
11281
11501
11721
11941
12161
12381
12601
12821
13041
13261
13481
13701
13921
14141
62
282
502
722
942
1162
1382
1602
1822
2042
2262
2482
2702
2922
3142
3362
3582
3802
4022
4242
4462
4682
4902
5122
5342
5562
5782
6002
6222
6442
6662
6882
7102
7322
7542
7762
7982
8202
8422
8642
8862
9082
9302
9522
9742
9962
10182
10402
10622
10842
11062
11282
11502
11722
11942
12162
12382
12602
12822
13042
13262
13482
13702
13922
14142
63
283
503
723
943
1163
1383
1603
1823
2043
2263
2483
2703
2923
3143
3363
3583
3803
4023
4243
4463
4683
4903
5123
5343
5563
5783
6003
6223
6443
6663
6883
7103
7323
7543
7763
7983
8203
8423
8643
8863
9083
9303
9523
9743
9963
10183
10403
10623
10843
11063
11283
11503
11723
11943
12163
12383
12603
12823
13043
13263
13483
13703
13923
14143
64
284
504
724
944
1164
1384
1604
1824
2044
2264
2484
2704
2924
3144
3364
3584
3804
4024
4244
4464
4684
4904
5124
5344
5564
5784
6004
6224
6444
6664
6884
7104
7324
7544
7764
7984
8204
8424
8644
8864
9084
9304
9524
9744
9964
10184
10404
10624
10844
11064
11284
11504
11724
11944
12164
12384
12604
12824
13044
13264
13484
13704
13924
14144
65
285
505
725
945
1165
1385
1605
1825
2045
2265
2485
2705
2925
3145
3365
3585
3805
4025
4245
4465
4685
4905
5125
5345
5565
5785
6005
6225
6445
6665
6885
7105
7325
7545
7765
7985
8205
8425
8645
8865
9085
9305
9525
9745
9965
10185
10405
10625
10845
11065
11285
11505
11725
11945
12165
12385
12605
12825
13045
13265
13485
13705
13925
14145
66
286
506
726
946
1166
1386
1606
1826
2046
2266
2486
2706
2926
3146
3366
3586
3806
4026
4246
4466
4686
4906
5126
5346
5566
5786
6006
6226
6446
6666
6886
7106
7326
7546
7766
7986
8206
8426
8646
8866
9086
9306
9526
9746
9966
10186
10406
10626
10846
11066
11286
11506
11726
11946
12166
12386
12606
12826
13046
13266
13486
13706
13926
14146
67
287
507
727
947
1167
1387
1607
1827
2047
2267
2487
2707
2927
3147
3367
3587
3807
4027
4247
4467
4687
4907
5127
5347
5567
5787
6007
6227
6447
6667
6887
7107
7327
7547
7767
7987
8207
8427
8647
8867
9087
9307
9527
9747
9967
10187
10407
10627
10847
11067
11287
11507
11727
11947
12167
12387
12607
12827
13047
13267
13487
13707
13927
14147
68
288
508
728
948
1168
1388
1608
1828
2048
2268
2488
2708
2928
3148
3368
3588
3808
4028
4248
4468
4688
4908
5128
5348
5568
5788
6008
6228
6448
6668
6888
7108
7328
7548
7768
7988
8208
8428
8648
8868
9088
9308
9528
9748
9968
10188
10408
10628
10848
11068
11288
11508
11728
11948
12168
12388
12608
12828
13048
13268
13488
13708
13928
14148
69
289
509
729
949
1169
1389
1609
1829
2049
2269
2489
2709
2929
3149
3369
3589
3809
4029
4249
4469
4689
4909
5129
5349
5569
5789
6009
6229
6449
6669
6889
7109
7329
7549
7769
7989
8209
8429
8649
8869
9089
9309
9529
9749
9969
10189
10409
10629
10849
11069
11289
11509
11729
11949
12169
12389
12609
12829
13049
13269
13489
13709
13929
14149
70
290
510
730
950
1170
1390
1610
1830
2050
2270
2490
2710
2930
3150
3370
3590
3810
4030
4250
4470
4690
4910
5130
5350
5570
5790
6010
6230
6450
6670
6890
7110
7330
7550
7770
7990
8210
8430
8650
8870
9090
9310
9530
9750
9970
10190
10410
10630
10850
11070
11290
11510
11730
11950
12170
12390
12610
12830
13050
13270
13490
13710
13930
14150
71
291
511
731
951
1171
1391
1611
1831
2051
2271
2491
2711
2931
3151
3371
3591
3811
4031
4251
4471
4691
4911
5131
5351
5571
5791
6011
6231
6451
6671
6891
7111
7331
7551
7771
7991
8211
8431
8651
8871
9091
9311
9531
9751
9971
10191
10411
10631
10851
11071
11291
11511
11731
11951
12171
12391
12611
12831
13051
13271
13491
13711
13931
14151
72
292
512
732
952
1172
1392
1612
1832
2052
2272
2492
2712
2932
3152
3372
3592
3812
4032
4252
4472
4692
4912
5132
5352
5572
5792
6012
6232
6452
6672
6892
7112
7332
7552
7772
7992
8212
8432
8652
8872
9092
9312
9532
9752
9972
10192
10412
10632
10852
11072
11292
11512
11732
11952
12172
12392
12612
12832
13052
13272
13492
13712
13932
14152
73
293
513
733
953
1173
1393
1613
1833
2053
2273
2493
2713
2933
3153
3373
3593
3813
4033
4253
4473
4693
4913
5133
5353
5573
5793
6013
6233
6453
6673
6893
7113
7333
7553
7773
7993
8213
8433
8653
8873
9093
9313
9533
9753
9973
10193
10413
10633
10853
11073
11293
11513
11733
11953
12173
12393
12613
12833
13053
13273
13493
13713
13933
14153
74
294
514
734
954
1174
1394
1614
1834
2054
2274
2494
2714
2934
3154
3374
3594
3814
4034
4254
4474
4694
4914
5134
5354
5574
5794
6014
6234
6454
6674
6894
7114
7334
7554
7774
7994
8214
8434
8654
8874
9094
9314
9534
9754
9974
10194
10414
10634
10854
11074
11294
11514
11734
11954
12174
12394
12614
12834
13054
13274
13494
13714
13934
14154
75
295
515
735
955
1175
1395
1615
1835
2055
2275
2495
2715
2935
3155
3375
3595
3815
4035
4255
4475
4695
4915
5135
5355
5575
5795
6015
6235
6455
6675
6895
7115
7335
7555
7775
7995
8215
8435
8655
8875
9095
9315
9535
9755
9975
10195
10415
10635
10855
11075
11295
11515
11735
11955
12175
12395
12615
12835
13055
13275
13495
13715
13935
14155
76
296
516
736
956
1176
1396
1616
1836
2056
2276
2496
2716
2936
3156
3376
3596
3816
4036
4256
4476
4696
4916
5136
5356
5576
5796
6016
6236
6456
6676
6896
7116
7336
7556
7776
7996
8216
8436
8656
8876
9096
9316
9536
9756
9976
10196
10416
10636
10856
11076
11296
11516
11736
11956
12176
12396
12616
12836
13056
13276
13496
13716
13936
14156
77
297
517
737
957
1177
1397
1617
1837
2057
2277
2497
2717
2937
3157
3377
3597
3817
4037
4257
4477
4697
4917
5137
5357
5577
5797
6017
6237
6457
6677
6897
7117
7337
7557
7777
7997
8217
8437
8657
8877
9097
9317
9537
9757
9977
10197
10417
10637
10857
11077
11297
11517
11737
11957
12177
12397
12617
12837
13057
13277
13497
13717
13937
14157
78
298
518
738
958
1178
1398
1618
1838
2058
2278
2498
2718
2938
3158
3378
3598
3818
4038
4258
4478
4698
4918
5138
5358
5578
5798
6018
6238
6458
6678
6898
7118
7338
7558
7778
7998
8218
8438
8658
8878
9098
9318
9538
9758
9978
10198
10418
10638
10858
11078
11298
11518
11738
11958
12178
12398
12618
12838
13058
13278
13498
13718
13938
14158
79
299
519
739
959
1179
1399
1619
1839
2059
2279
2499
2719
2939
3159
3379
3599
3819
4039
4259
4479
4699
4919
5139
5359
5579
5799
6019
6239
6459
6679
6899
7119
7339
7559
7779
7999
8219
8439
8659
8879
9099
9319
9539
9759
9979
10199
10419
10639
10859
11079
11299
11519
11739
11959
12179
12399
12619
12839
13059
13279
13499
13719
13939
14159
80
300
520
740
960
1180
1400
1620
1840
2060
2280
2500
2720
2940
3160
3380
3600
3820
4040
4260
4480
4700
4920
5140
5360
5580
5800
6020
6240
6460
6680
6900
7120
7340
7560
7780
8000
8220
8440
8660
8880
9100
9320
9540
9760
9980
10200
10420
10640
10860
11080
11300
11520
11740
11960
12180
12400
12620
12840
13060
13280
13500
13720
13940
14160
81
301
521
741
961
1181
1401
1621
1841
2061
2281
2501
2721
2941
3161
3381
3601
3821
4041
4261
4481
4701
4921
5141
5361
5581
5801
6021
6241
6461
6681
6901
7121
7341
7561
7781
8001
8221
8441
8661
8881
9101
9321
9541
9761
9981
10201
10421
10641
10861
11081
11301
11521
11741
11961
12181
12401
12621
12841
13061
13281
13501
13721
13941
14161
82
302
522
742
962
1182
1402
1622
1842
2062
2282
2502
2722
2942
3162
3382
3602
3822
4042
4262
4482
4702
4922
5142
5362
5582
5802
6022
6242
6462
6682
6902
7122
7342
7562
7782
8002
8222
8442
8662
8882
9102
9322
9542
9762
9982
10202
10422
10642
10862
11082
11302
11522
11742
11962
12182
12402
12622
12842
13062
13282
13502
13722
13942
14162
83
303
523
743
963
1183
1403
1623
1843
2063
2283
2503
2723
2943
3163
3383
3603
3823
4043
4263
4483
4703
4923
5143
5363
5583
5803
6023
6243
6463
6683
6903
7123
7343
7563
7783
8003
8223
8443
8663
8883
9103
9323
9543
9763
9983
10203
10423
10643
10863
11083
11303
11523
11743
11963
12183
12403
12623
12843
13063
13283
13503
13723
13943
14163
84
304
524
744
964
1184
1404
1624
1844
2064
2284
2504
2724
2944
3164
3384
3604
3824
4044
4264
4484
4704
4924
5144
5364
5584
5804
6024
6244
6464
6684
6904
7124
7344
7564
7784
8004
8224
8444
8664
8884
9104
9324
9544
9764
9984
10204
10424
10644
10864
11084
11304
11524
11744
11964
12184
12404
12624
12844
13064
13284
13504
13724
13944
14164
85
305
525
745
965
1185
1405
1625
1845
2065
2285
2505
2725
2945
3165
3385
3605
3825
4045
4265
4485
4705
4925
5145
5365
5585
5805
6025
6245
6465
6685
6905
7125
7345
7565
7785
8005
8225
8445
8665
8885
9105
9325
9545
9765
9985
10205
10425
10645
10865
11085
11305
11525
11745
11965
12185
12405
12625
12845
13065
13285
13505
13725
13945
14165
86
306
526
746
966
1186
1406
1626
1846
2066
2286
2506
2726
2946
3166
3386
3606
3826
4046
4266
4486
4706
4926
5146
5366
5586
5806
6026
6246
6466
6686
6906
7126
7346
7566
7786
8006
8226
8446
8666
8886
9106
9326
9546
9766
9986
10206
10426
10646
10866
11086
11306
11526
11746
11966
12186
12406
12626
12846
13066
13286
13506
13726
13946
14166
87
307
527
747
967
1187
1407
1627
1847
2067
2287
2507
2727
2947
3167
3387
3607
3827
4047
4267
4487
4707
4927
5147
5367
5587
5807
6027
6247
6467
6687
6907
7127
7347
7567
7787
8007
8227
8447
8667
8887
9107
9327
9547
9767
9987
10207
10427
10647
10867
11087
11307
11527
11747
11967
12187
12407
12627
12847
13067
13287
13507
13727
13947
14167
88
308
528
748
968
1188
1408
1628
1848
2068
2288
2508
2728
2948
3168
3388
3608
3828
4048
4268
4488
4708
4928
5148
5368
5588
5808
6028
6248
6468
6688
6908
7128
7348
7568
7788
8008
8228
8448
8668
8888
9108
9328
9548
9768
9988
10208
10428
10648
10868
11088
11308
11528
11748
11968
12188
12408
12628
12848
13068
13288
13508
13728
13948
14168
89
309
529
749
969
1189
1409
1629
1849
2069
2289
2509
2729
2949
3169
3389
3609
3829
4049
4269
4489
4709
4929
5149
5369
5589
5809
6029
6249
6469
6689
6909
7129
7349
7569
7789
8009
8229
8449
8669
8889
9109
9329
9549
9769
9989
10209
10429
10649
10869
11089
11309
11529
11749
11969
12189
12409
12629
12849
13069
13289
13509
13729
13949
14169
90
310
530
750
970
1190
1410
1630
1850
2070
2290
2510
2730
2950
3170
3390
3610
3830
4050
4270
4490
4710
4930
5150
5370
5590
5810
6030
6250
6470
6690
6910
7130
7350
7570
7790
8010
8230
8450
8670
8890
9110
9330
9550
9770
9990
10210
10430
10650
10870
11090
11310
11530
11750
11970
12190
12410
12630
12850
13070
13290
13510
13730
13950
14170
91
311
531
751
971
1191
1411
1631
1851
2071
2291
2511
2731
2951
3171
3391
3611
3831
4051
4271
4491
4711
4931
5151
5371
5591
5811
6031
6251
6471
6691
6911
7131
7351
7571
7791
8011
8231
8451
8671
8891
9111
9331
9551
9771
9991
10211
10431
10651
10871
11091
11311
11531
11751
11971
12191
12411
12631
12851
13071
13291
13511
13731
13951
14171
92
312
532
752
972
1192
1412
1632
1852
2072
2292
2512
2732
2952
3172
3392
3612
3832
4052
4272
4492
4712
4932
5152
5372
5592
5812
6032
6252
6472
6692
6912
7132
7352
7572
7792
8012
8232
8452
8672
8892
9112
9332
9552
9772
9992
10212
10432
10652
10872
11092
11312
11532
11752
11972
12192
12412
12632
12852
13072
13292
13512
13732
13952
14172
93
313
533
753
973
1193
1413
1633
1853
2073
2293
2513
2733
2953
3173
3393
3613
3833
4053
4273
4493
4713
4933
5153
5373
5593
5813
6033
6253
6473
6693
6913
7133
7353
7573
7793
8013
8233
8453
8673
8893
9113
9333
9553
9773
9993
10213
10433
10653
10873
11093
11313
11533
11753
11973
12193
12413
12633
12853
13073
13293
13513
13733
13953
14173
94
314
534
754
974
1194
1414
1634
1854
2074
2294
2514
2734
2954
3174
3394
3614
3834
4054
4274
4494
4714
4934
5154
5374
5594
5814
6034
6254
6474
6694
6914
7134
7354
7574
7794
8014
8234
8454
8674
8894
9114
9334
9554
9774
9994
10214
10434
10654
10874
11094
11314
11534
11754
11974
12194
12414
12634
12854
13074
13294
13514
13734
13954
14174
95
315
535
755
975
1195
1415
1635
1855
2075
2295
2515
2735
2955
3175
3395
3615
3835
4055
4275
4495
4715
4935
5155
5375
5595
5815
6035
6255
6475
6695
6915
7135
7355
7575
7795
8015
8235
8455
8675
8895
9115
9335
9555
9775
9995
10215
10435
10655
10875
11095
11315
11535
11755
11975
12195
12415
12635
12855
13075
13295
13515
13735
13955
14175
96
316
536
756
976
1196
1416
1636
1856
2076
2296
2516
2736
2956
3176
3396
3616
3836
4056
4276
4496
4716
4936
5156
5376
5596
5816
6036
6256
6476
6696
6916
7136
7356
7576
7796
8016
8236
8456
8676
8896
9116
9336
9556
9776
9996
10216
10436
10656
10876
11096
11316
11536
11756
11976
12196
12416
12636
12856
13076
13296
13516
13736
13956
14176
97
317
537
757
977
1197
1417
1637
1857
2077
2297
2517
2737
2957
3177
3397
3617
3837
4057
4277
4497
4717
4937
5157
5377
5597
5817
6037
6257
6477
6697
6917
7137
7357
7577
7797
8017
8237
8457
8677
8897
9117
9337
9557
9777
9997
10217
10437
10657
10877
11097
11317
11537
11757
11977
12197
12417
12637
12857
13077
13297
13517
13737
13957
14177
98
318
538
758
978
1198
1418
1638
1858
2078
2298
2518
2738
2958
3178
3398
3618
3838
4058
4278
4498
4718
4938
5158
5378
5598
5818
6038
6258
6478
6698
6918
7138
7358
7578
7798
8018
8238
8458
8678
8898
9118
9338
9558
9778
9998
10218
10438
10658
10878
11098
11318
11538
11758
11978
12198
12418
12638
12858
13078
13298
13518
13738
13958
14178
99
319
539
759
979
1199
1419
1639
1859
2079
2299
2519
2739
2959
3179
3399
3619
3839
4059
4279
4499
4719
4939
5159
5379
5599
5819
6039
6259
6479
6699
6919
7139
7359
7579
7799
8019
8239
8459
8679
8899
9119
9339
9559
9779
9999
10219
10439
10659
10879
11099
11319
11539
11759
11979
12199
12419
12639
12859
13079
13299
13519
13739
13959
14179
100
320
540
760
980
1200
1420
1640
1860
2080
2300
2520
2740
2960
3180
3400
3620
3840
4060
4280
4500
4720
4940
5160
5380
5600
5820
6040
6260
6480
6700
6920
7140
7360
7580
7800
8020
8240
8460
8680
8900
9120
9340
9560
9780
10000
10220
10440
10660
10880
11100
11320
11540
11760
11980
12200
12420
12640
12860
13080
13300
13520
13740
13960
14180
101
321
541
761
981
1201
1421
1641
1861
2081
2301
2521
2741
2961
3181
3401
3621
3841
4061
4281
4501
4721
4941
5161
5381
5601
5821
6041
6261
6481
6701
6921
7141
7361
7581
7801
8021
8241
8461
8681
8901
9121
9341
9561
9781
10001
10221
10441
10661
10881
11101
11321
11541
11761
11981
12201
12421
12641
12861
13081
13301
13521
13741
13961
14181
102
322
542
762
982
1202
1422
1642
1862
2082
2302
2522
2742
2962
3182
3402
3622
3842
4062
4282
4502
4722
4942
5162
5382
5602
5822
6042
6262
6482
6702
6922
7142
7362
7582
7802
8022
8242
8462
8682
8902
9122
9342
9562
9782
10002
10222
10442
10662
10882
11102
11322
11542
11762
11982
12202
12422
12642
12862
13082
13302
13522
13742
13962
14182
103
323
543
763
983
1203
1423
1643
1863
2083
2303
2523
2743
2963
3183
3403
3623
3843
4063
4283
4503
4723
4943
5163
5383
5603
5823
6043
6263
6483
6703
6923
7143
7363
7583
7803
8023
8243
8463
8683
8903
9123
9343
9563
9783
10003
10223
10443
10663
10883
11103
11323
11543
11763
11983
12203
12423
12643
12863
13083
13303
13523
13743
13963
14183
104
324
544
764
984
1204
1424
1644
1864
2084
2304
2524
2744
2964
3184
3404
3624
3844
4064
4284
4504
4724
4944
5164
5384
5604
5824
6044
6264
6484
6704
6924
7144
7364
7584
7804
8024
8244
8464
8684
8904
9124
9344
9564
9784
10004
10224
10444
10664
10884
11104
11324
11544
11764
11984
12204
12424
12644
12864
13084
13304
13524
13744
13964
14184
105
325
545
765
985
1205
1425
1645
1865
2085
2305
2525
2745
2965
3185
3405
3625
3845
4065
4285
4505
4725
4945
5165
5385
5605
5825
6045
6265
6485
6705
6925
7145
7365
7585
7805
8025
8245
8465
8685
8905
9125
9345
9565
9785
10005
10225
10445
10665
10885
11105
11325
11545
11765
11985
12205
12425
12645
12865
13085
13305
13525
13745
13965
14185
106
326
546
766
986
1206
1426
1646
1866
2086
2306
2526
2746
2966
3186
3406
3626
3846
4066
4286
4506
4726
4946
5166
5386
5606
5826
6046
6266
6486
6706
6926
7146
7366
7586
7806
8026
8246
8466
8686
8906
9126
9346
9566
9786
10006
10226
10446
10666
10886
11106
11326
11546
11766
11986
12206
12426
12646
12866
13086
13306
13526
13746
13966
14186
107
327
547
767
987
1207
1427
1647
1867
2087
2307
2527
2747
2967
3187
3407
3627
3847
4067
4287
4507
4727
4947
5167
5387
5607
5827
6047
6267
6487
6707
6927
7147
7367
7587
7807
8027
8247
8467
8687
8907
9127
9347
9567
9787
10007
10227
10447
10667
10887
11107
11327
11547
11767
11987
12207
12427
12647
12867
13087
13307
13527
13747
13967
14187
108
328
548
768
988
1208
1428
1648
1868
2088
2308
2528
2748
2968
3188
3408
3628
3848
4068
4288
4508
4728
4948
5168
5388
5608
5828
6048
6268
6488
6708
6928
7148
7368
7588
7808
8028
8248
8468
8688
8908
9128
9348
9568
9788
10008
10228
10448
10668
10888
11108
11328
11548
11768
11988
12208
12428
12648
12868
13088
13308
13528
13748
13968
14188
109
329
549
769
989
1209
1429
1649
1869
2089
2309
2529
2749
2969
3189
3409
3629
3849
4069
4289
4509
4729
4949
5169
5389
5609
5829
6049
6269
6489
6709
6929
7149
7369
7589
7809
8029
8249
8469
8689
8909
9129
9349
9569
9789
10009
10229
10449
10669
10889
11109
11329
11549
11769
11989
12209
12429
12649
12869
13089
13309
13529
13749
13969
14189
110
330
550
770
990
1210
1430
1650
1870
2090
2310
2530
2750
2970
3190
3410
3630
3850
4070
4290
4510
4730
4950
5170
5390
5610
5830
6050
6270
6490
6710
6930
7150
7370
7590
7810
8030
8250
8470
8690
8910
9130
9350
9570
9790
10010
10230
10450
10670
10890
11110
11330
11550
11770
11990
12210
12430
12650
12870
13090
13310
13530
13750
13970
14190
111
331
551
771
991
1211
1431
1651
1871
2091
2311
2531
2751
2971
3191
3411
3631
3851
4071
4291
4511
4731
4951
5171
5391
5611
5831
6051
6271
6491
6711
6931
7151
7371
7591
7811
8031
8251
8471
8691
8911
9131
9351
9571
9791
10011
10231
10451
10671
10891
11111
11331
11551
11771
11991
12211
12431
12651
12871
13091
13311
13531
13751
13971
14191
112
332
552
772
992
1212
1432
1652
1872
2092
2312
2532
2752
2972
3192
3412
3632
3852
4072
4292
4512
4732
4952
5172
5392
5612
5832
6052
6272
6492
6712
6932
7152
7372
7592
7812
8032
8252
8472
8692
8912
9132
9352
9572
9792
10012
10232
10452
10672
10892
11112
11332
11552
11772
11992
12212
12432
12652
12872
13092
13312
13532
13752
13972
14192
113
333
553
773
993
1213
1433
1653
1873
2093
2313
2533
2753
2973
3193
3413
3633
3853
4073
4293
4513
4733
4953
5173
5393
5613
5833
6053
6273
6493
6713
6933
7153
7373
7593
7813
8033
8253
8473
8693
8913
9133
9353
9573
9793
10013
10233
10453
10673
10893
11113
11333
11553
11773
11993
12213
12433
12653
12873
13093
13313
13533
13753
13973
14193
114
334
554
774
994
1214
1434
1654
1874
2094
2314
2534
2754
2974
3194
3414
3634
3854
4074
4294
4514
4734
4954
5174
5394
5614
5834
6054
6274
6494
6714
6934
7154
7374
7594
7814
8034
8254
8474
8694
8914
9134
9354
9574
9794
10014
10234
10454
10674
10894
11114
11334
11554
11774
11994
12214
12434
12654
12874
13094
13314
13534
13754
13974
14194
115
335
555
775
995
1215
1435
1655
1875
2095
2315
2535
2755
2975
3195
3415
3635
3855
4075
4295
4515
4735
4955
5175
5395
5615
5835
6055
6275
6495
6715
6935
7155
7375
7595
7815
8035
8255
8475
8695
8915
9135
9355
9575
9795
10015
10235
10455
10675
10895
11115
11335
11555
11775
11995
12215
12435
12655
12875
13095
13315
13535
13755
13975
14195
116
336
556
776
996
1216
1436
1656
1876
2096
2316
2536
2756
2976
3196
3416
3636
3856
4076
4296
4516
4736
4956
5176
5396
5616
5836
6056
6276
6496
6716
6936
7156
7376
7596
7816
8036
8256
8476
8696
8916
9136
9356
9576
9796
10016
10236
10456
10676
10896
11116
11336
11556
11776
11996
12216
12436
12656
12876
13096
13316
13536
13756
13976
14196
117
337
557
777
997
1217
1437
1657
1877
2097
2317
2537
2757
2977
3197
3417
3637
3857
4077
4297
4517
4737
4957
5177
5397
5617
5837
6057
6277
6497
6717
6937
7157
7377
7597
7817
8037
8257
8477
8697
8917
9137
9357
9577
9797
10017
10237
10457
10677
10897
11117
11337
11557
11777
11997
12217
12437
12657
12877
13097
13317
13537
13757
13977
14197
118
338
558
778
998
1218
1438
1658
1878
2098
2318
2538
2758
2978
3198
3418
3638
3858
4078
4298
4518
4738
4958
5178
5398
5618
5838
6058
6278
6498
6718
6938
7158
7378
7598
7818
8038
8258
8478
8698
8918
9138
9358
9578
9798
10018
10238
10458
10678
10898
11118
11338
11558
11778
11998
12218
12438
12658
12878
13098
13318
13538
13758
13978
14198
119
339
559
779
999
1219
1439
1659
1879
2099
2319
2539
2759
2979
3199
3419
3639
3859
4079
4299
4519
4739
4959
5179
5399
5619
5839
6059
6279
6499
6719
6939
7159
7379
7599
7819
8039
8259
8479
8699
8919
9139
9359
9579
9799
10019
10239
10459
10679
10899
11119
11339
11559
11779
11999
12219
12439
12659
12879
13099
13319
13539
13759
13979
14199
120
340
560
780
1000
1220
1440
1660
1880
2100
2320
2540
2760
2980
3200
3420
3640
3860
4080
4300
4520
4740
4960
5180
5400
5620
5840
6060
6280
6500
6720
6940
7160
7380
7600
7820
8040
8260
8480
8700
8920
9140
9360
9580
9800
10020
10240
10460
10680
10900
11120
11340
11560
11780
12000
12220
12440
12660
12880
13100
13320
13540
13760
13980
14200
121
341
561
781
1001
1221
1441
1661
1881
2101
2321
2541
2761
2981
3201
3421
3641
3861
4081
4301
4521
4741
4961
5181
5401
5621
5841
6061
6281
6501
6721
6941
7161
7381
7601
7821
8041
8261
8481
8701
8921
9141
9361
9581
9801
10021
10241
10461
10681
10901
11121
11341
11561
11781
12001
12221
12441
12661
12881
13101
13321
13541
13761
13981
14201
122
342
562
782
1002
1222
1442
1662
1882
2102
2322
2542
2762
2982
3202
3422
3642
3862
4082
4302
4522
4742
4962
5182
5402
5622
5842
6062
6282
6502
6722
6942
7162
7382
7602
7822
8042
8262
8482
8702
8922
9142
9362
9582
9802
10022
10242
10462
10682
10902
11122
11342
11562
11782
12002
12222
12442
12662
12882
13102
13322
13542
13762
13982
14202
123
343
563
783
1003
1223
1443
1663
1883
2103
2323
2543
2763
2983
3203
3423
3643
3863
4083
4303
4523
4743
4963
5183
5403
5623
5843
6063
6283
6503
6723
6943
7163
7383
7603
7823
8043
8263
8483
8703
8923
9143
9363
9583
9803
10023
10243
10463
10683
10903
11123
11343
11563
11783
12003
12223
12443
12663
12883
13103
13323
13543
13763
13983
14203
124
344
564
784
1004
1224
1444
1664
1884
2104
2324
2544
2764
2984
3204
3424
3644
3864
4084
4304
4524
4744
4964
5184
5404
5624
5844
6064
6284
6504
6724
6944
7164
7384
7604
7824
8044
8264
8484
8704
8924
9144
9364
9584
9804
10024
10244
10464
10684
10904
11124
11344
11564
11784
12004
12224
12444
12664
12884
13104
13324
13544
13764
13984
14204
125
345
565
785
1005
1225
1445
1665
1885
2105
2325
2545
2765
2985
3205
3425
3645
3865
4085
4305
4525
4745
4965
5185
5405
5625
5845
6065
6285
6505
6725
6945
7165
7385
7605
7825
8045
8265
8485
8705
8925
9145
9365
9585
9805
10025
10245
10465
10685
10905
11125
11345
11565
11785
12005
12225
12445
12665
12885
13105
13325
13545
13765
13985
14205
126
346
566
786
1006
1226
1446
1666
1886
2106
2326
2546
2766
2986
3206
3426
3646
3866
4086
4306
4526
4746
4966
5186
5406
5626
5846
6066
6286
6506
6726
6946
7166
7386
7606
7826
8046
8266
8486
8706
8926
9146
9366
9586
9806
10026
10246
10466
10686
10906
11126
11346
11566
11786
12006
12226
12446
12666
12886
13106
13326
13546
13766
13986
14206
127
347
567
787
1007
1227
1447
1667
1887
2107
2327
2547
2767
2987
3207
3427
3647
3867
4087
4307
4527
4747
4967
5187
5407
5627
5847
6067
6287
6507
6727
6947
7167
7387
7607
7827
8047
8267
8487
8707
8927
9147
9367
9587
9807
10027
10247
10467
10687
10907
11127
11347
11567
11787
12007
12227
12447
12667
12887
13107
13327
13547
13767
13987
14207
128
348
568
788
1008
1228
1448
1668
1888
2108
2328
2548
2768
2988
3208
3428
3648
3868
4088
4308
4528
4748
4968
5188
5408
5628
5848
6068
6288
6508
6728
6948
7168
7388
7608
7828
8048
8268
8488
8708
8928
9148
9368
9588
9808
10028
10248
10468
10688
10908
11128
11348
11568
11788
12008
12228
12448
12668
12888
13108
13328
13548
13768
13988
14208
129
349
569
789
1009
1229
1449
1669
1889
2109
2329
2549
2769
2989
3209
3429
3649
3869
4089
4309
4529
4749
4969
5189
5409
5629
5849
6069
6289
6509
6729
6949
7169
7389
7609
7829
8049
8269
8489
8709
8929
9149
9369
9589
9809
10029
10249
10469
10689
10909
11129
11349
11569
11789
12009
12229
12449
12669
12889
13109
13329
13549
13769
13989
14209
130
350
570
790
1010
1230
1450
1670
1890
2110
2330
2550
2770
2990
3210
3430
3650
3870
4090
4310
4530
4750
4970
5190
5410
5630
5850
6070
6290
6510
6730
6950
7170
7390
7610
7830
8050
8270
8490
8710
8930
9150
9370
9590
9810
10030
10250
10470
10690
10910
11130
11350
11570
11790
12010
12230
12450
12670
12890
13110
13330
13550
13770
13990
14210
131
351
571
791
1011
1231
1451
1671
1891
2111
2331
2551
2771
2991
3211
3431
3651
3871
4091
4311
4531
4751
4971
5191
5411
5631
5851
6071
6291
6511
6731
6951
7171
7391
7611
7831
8051
8271
8491
8711
8931
9151
9371
9591
9811
10031
10251
10471
10691
10911
11131
11351
11571
11791
12011
12231
12451
12671
12891
13111
13331
13551
13771
13991
14211
132
352
572
792
1012
1232
1452
1672
1892
2112
2332
2552
2772
2992
3212
3432
3652
3872
4092
4312
4532
4752
4972
5192
5412
5632
5852
6072
6292
6512
6732
6952
7172
7392
7612
7832
8052
8272
8492
8712
8932
9152
9372
9592
9812
10032
10252
10472
10692
10912
11132
11352
11572
11792
12012
12232
12452
12672
12892
13112
13332
13552
13772
13992
14212
133
353
573
793
1013
1233
1453
1673
1893
2113
2333
2553
2773
2993
3213
3433
3653
3873
4093
4313
4533
4753
4973
5193
5413
5633
5853
6073
6293
6513
6733
6953
7173
7393
7613
7833
8053
8273
8493
8713
8933
9153
9373
9593
9813
10033
10253
10473
10693
10913
11133
11353
11573
11793
12013
12233
12453
12673
12893
13113
13333
13553
13773
13993
14213
134
354
574
794
1014
1234
1454
1674
1894
2114
2334
2554
2774
2994
3214
3434
3654
3874
4094
4314
4534
4754
4974
5194
5414
5634
5854
6074
6294
6514
6734
6954
7174
7394
7614
7834
8054
8274
8494
8714
8934
9154
9374
9594
9814
10034
10254
10474
10694
10914
11134
11354
11574
11794
12014
12234
12454
12674
12894
13114
13334
13554
13774
13994
14214
135
355
575
795
1015
1235
1455
1675
1895
2115
2335
2555
2775
2995
3215
3435
3655
3875
4095
4315
4535
4755
4975
5195
5415
5635
5855
6075
6295
6515
6735
6955
7175
7395
7615
7835
8055
8275
8495
8715
8935
9155
9375
9595
9815
10035
10255
10475
10695
10915
11135
11355
11575
11795
12015
12235
12455
12675
12895
13115
13335
13555
13775
13995
14215
136
356
576
796
1016
1236
1456
1676
1896
2116
2336
2556
2776
2996
3216
3436
3656
3876
4096
4316
4536
4756
4976
5196
5416
5636
5856
6076
6296
6516
6736
6956
7176
7396
7616
7836
8056
8276
8496
8716
8936
9156
9376
9596
9816
10036
10256
10476
10696
10916
11136
11356
11576
11796
12016
12236
12456
12676
12896
13116
13336
13556
13776
13996
14216
137
357
577
797
1017
1237
1457
1677
1897
2117
2337
2557
2777
2997
3217
3437
3657
3877
4097
4317
4537
4757
4977
5197
5417
5637
5857
6077
6297
6517
6737
6957
7177
7397
7617
7837
8057
8277
8497
8717
8937
9157
9377
9597
9817
10037
10257
10477
10697
10917
11137
11357
11577
11797
12017
12237
12457
12677
12897
13117
13337
13557
13777
13997
14217
138
358
578
798
1018
1238
1458
1678
1898
2118
2338
2558
2778
2998
3218
3438
3658
3878
4098
4318
4538
4758
4978
5198
5418
5638
5858
6078
6298
6518
6738
6958
7178
7398
7618
7838
8058
8278
8498
8718
8938
9158
9378
9598
9818
10038
10258
10478
10698
10918
11138
11358
11578
11798
12018
12238
12458
12678
12898
13118
13338
13558
13778
13998
14218
139
359
579
799
1019
1239
1459
1679
1899
2119
2339
2559
2779
2999
3219
3439
3659
3879
4099
4319
4539
4759
4979
5199
5419
5639
5859
6079
6299
6519
6739
6959
7179
7399
7619
7839
8059
8279
8499
8719
8939
9159
9379
9599
9819
10039
10259
10479
10699
10919
11139
11359
11579
11799
12019
12239
12459
12679
12899
13119
13339
13559
13779
13999
14219
140
360
580
800
1020
1240
1460
1680
1900
2120
2340
2560
2780
3000
3220
3440
3660
3880
4100
4320
4540
4760
4980
5200
5420
5640
5860
6080
6300
6520
6740
6960
7180
7400
7620
7840
8060
8280
8500
8720
8940
9160
9380
9600
9820
10040
10260
10480
10700
10920
11140
11360
11580
11800
12020
12240
12460
12680
12900
13120
13340
13560
13780
14000
14220
141
361
581
801
1021
1241
1461
1681
1901
2121
2341
2561
2781
3001
3221
3441
3661
3881
4101
4321
4541
4761
4981
5201
5421
5641
5861
6081
6301
6521
6741
6961
7181
7401
7621
7841
8061
8281
8501
8721
8941
9161
9381
9601
9821
10041
10261
10481
10701
10921
11141
11361
11581
11801
12021
12241
12461
12681
12901
13121
13341
13561
13781
14001
14221
142
362
582
802
1022
1242
1462
1682
1902
2122
2342
2562
2782
3002
3222
3442
3662
3882
4102
4322
4542
4762
4982
5202
5422
5642
5862
6082
6302
6522
6742
6962
7182
7402
7622
7842
8062
8282
8502
8722
8942
9162
9382
9602
9822
10042
10262
10482
10702
10922
11142
11362
11582
11802
12022
12242
12462
12682
12902
13122
13342
13562
13782
14002
14222
143
363
583
803
1023
1243
1463
1683
1903
2123
2343
2563
2783
3003
3223
3443
3663
3883
4103
4323
4543
4763
4983
5203
5423
5643
5863
6083
6303
6523
6743
6963
7183
7403
7623
7843
8063
8283
8503
8723
8943
9163
9383
9603
9823
10043
10263
10483
10703
10923
11143
11363
11583
11803
12023
12243
12463
12683
12903
13123
13343
13563
13783
14003
14223
144
364
584
804
1024
1244
1464
1684
1904
2124
2344
2564
2784
3004
3224
3444
3664
3884
4104
4324
4544
4764
4984
5204
5424
5644
5864
6084
6304
6524
6744
6964
7184
7404
7624
7844
8064
8284
8504
8724
8944
9164
9384
9604
9824
10044
10264
10484
10704
10924
11144
11364
11584
11804
12024
12244
12464
12684
12904
13124
13344
13564
13784
14004
14224
145
365
585
805
1025
1245
1465
1685
1905
2125
2345
2565
2785
3005
3225
3445
3665
3885
4105
4325
4545
4765
4985
5205
5425
5645
5865
6085
6305
6525
6745
6965
7185
7405
7625
7845
8065
8285
8505
8725
8945
9165
9385
9605
9825
10045
10265
10485
10705
10925
11145
11365
11585
11805
12025
12245
12465
12685
12905
13125
13345
13565
13785
14005
14225
146
366
586
806
1026
1246
1466
1686
1906
2126
2346
2566
2786
3006
3226
3446
3666
3886
4106
4326
4546
4766
4986
5206
5426
5646
5866
6086
6306
6526
6746
6966
7186
7406
7626
7846
8066
8286
8506
8726
8946
9166
9386
9606
9826
10046
10266
10486
10706
10926
11146
11366
11586
11806
12026
12246
12466
12686
12906
13126
13346
13566
13786
14006
14226
147
367
587
807
1027
1247
1467
1687
1907
2127
2347
2567
2787
3007
3227
3447
3667
3887
4107
4327
4547
4767
4987
5207
5427
5647
5867
6087
6307
6527
6747
6967
7187
7407
7627
7847
8067
8287
8507
8727
8947
9167
9387
9607
9827
10047
10267
10487
10707
10927
11147
11367
11587
11807
12027
12247
12467
12687
12907
13127
13347
13567
13787
14007
14227
148
368
588
808
1028
1248
1468
1688
1908
2128
2348
2568
2788
3008
3228
3448
3668
3888
4108
4328
4548
4768
4988
5208
5428
5648
5868
6088
6308
6528
6748
6968
7188
7408
7628
7848
8068
8288
8508
8728
8948
9168
9388
9608
9828
10048
10268
10488
10708
10928
11148
11368
11588
11808
12028
12248
12468
12688
12908
13128
13348
13568
13788
14008
14228
149
369
589
809
1029
1249
1469
1689
1909
2129
2349
2569
2789
3009
3229
3449
3669
3889
4109
4329
4549
4769
4989
5209
5429
5649
5869
6089
6309
6529
6749
6969
7189
7409
7629
7849
8069
8289
8509
8729
8949
9169
9389
9609
9829
10049
10269
10489
10709
10929
11149
11369
11589
11809
12029
12249
12469
12689
12909
13129
13349
13569
13789
14009
14229
150
370
590
810
1030
1250
1470
1690
1910
2130
2350
2570
2790
3010
3230
3450
3670
3890
4110
4330
4550
4770
4990
5210
5430
5650
5870
6090
6310
6530
6750
6970
7190
7410
7630
7850
8070
8290
8510
8730
8950
9170
9390
9610
9830
10050
10270
10490
10710
10930
11150
11370
11590
11810
12030
12250
12470
12690
12910
13130
13350
13570
13790
14010
14230
151
371
591
811
1031
1251
1471
1691
1911
2131
2351
2571
2791
3011
3231
3451
3671
3891
4111
4331
4551
4771
4991
5211
5431
5651
5871
6091
6311
6531
6751
6971
7191
7411
7631
7851
8071
8291
8511
8731
8951
9171
9391
9611
9831
10051
10271
10491
10711
10931
11151
11371
11591
11811
12031
12251
12471
12691
12911
13131
13351
13571
13791
14011
14231
152
372
592
812
1032
1252
1472
1692
1912
2132
2352
2572
2792
3012
3232
3452
3672
3892
4112
4332
4552
4772
4992
5212
5432
5652
5872
6092
6312
6532
6752
6972
7192
7412
7632
7852
8072
8292
8512
8732
8952
9172
9392
9612
9832
10052
10272
10492
10712
10932
11152
11372
11592
11812
12032
12252
12472
12692
12912
13132
13352
13572
13792
14012
14232
153
373
593
813
1033
1253
1473
1693
1913
2133
2353
2573
2793
3013
3233
3453
3673
3893
4113
4333
4553
4773
4993
5213
5433
5653
5873
6093
6313
6533
6753
6973
7193
7413
7633
7853
8073
8293
8513
8733
8953
9173
9393
9613
9833
10053
10273
10493
10713
10933
11153
11373
11593
11813
12033
12253
12473
12693
12913
13133
13353
13573
13793
14013
14233
154
374
594
814
1034
1254
1474
1694
1914
2134
2354
2574
2794
3014
3234
3454
3674
3894
4114
4334
4554
4774
4994
5214
5434
5654
5874
6094
6314
6534
6754
6974
7194
7414
7634
7854
8074
8294
8514
8734
8954
9174
9394
9614
9834
10054
10274
10494
10714
10934
11154
11374
11594
11814
12034
12254
12474
12694
12914
13134
13354
13574
13794
14014
14234
155
375
595
815
1035
1255
1475
1695
1915
2135
2355
2575
2795
3015
3235
3455
3675
3895
4115
4335
4555
4775
4995
5215
5435
5655
5875
6095
6315
6535
6755
6975
7195
7415
7635
7855
8075
8295
8515
8735
8955
9175
9395
9615
9835
10055
10275
10495
10715
10935
11155
11375
11595
11815
12035
12255
12475
12695
12915
13135
13355
13575
13795
14015
14235
156
376
596
816
1036
1256
1476
1696
1916
2136
2356
2576
2796
3016
3236
3456
3676
3896
4116
4336
4556
4776
4996
5216
5436
5656
5876
6096
6316
6536
6756
6976
7196
7416
7636
7856
8076
8296
8516
8736
8956
9176
9396
9616
9836
10056
10276
10496
10716
10936
11156
11376
11596
11816
12036
12256
12476
12696
12916
13136
13356
13576
13796
14016
14236
157
377
597
817
1037
1257
1477
1697
1917
2137
2357
2577
2797
3017
3237
3457
3677
3897
4117
4337
4557
4777
4997
5217
5437
5657
5877
6097
6317
6537
6757
6977
7197
7417
7637
7857
8077
8297
8517
8737
8957
9177
9397
9617
9837
10057
10277
10497
10717
10937
11157
11377
11597
11817
12037
12257
12477
12697
12917
13137
13357
13577
13797
14017
14237
158
378
598
818
1038
1258
1478
1698
1918
2138
2358
2578
2798
3018
3238
3458
3678
3898
4118
4338
4558
4778
4998
5218
5438
5658
5878
6098
6318
6538
6758
6978
7198
7418
7638
7858
8078
8298
8518
8738
8958
9178
9398
9618
9838
10058
10278
10498
10718
10938
11158
11378
11598
11818
12038
12258
12478
12698
12918
13138
13358
13578
13798
14018
14238
159
379
599
819
1039
1259
1479
1699
1919
2139
2359
2579
2799
3019
3239
3459
3679
3899
4119
4339
4559
4779
4999
5219
5439
5659
5879
6099
6319
6539
6759
6979
7199
7419
7639
7859
8079
8299
8519
8739
8959
9179
9399
9619
9839
10059
10279
10499
10719
10939
11159
11379
11599
11819
12039
12259
12479
12699
12919
13139
13359
13579
13799
14019
14239
160
380
600
820
1040
1260
1480
1700
1920
2140
2360
2580
2800
3020
3240
3460
3680
3900
4120
4340
4560
4780
5000
5220
5440
5660
5880
6100
6320
6540
6760
6980
7200
7420
7640
7860
8080
8300
8520
8740
8960
9180
9400
9620
9840
10060
10280
10500
10720
10940
11160
11380
11600
11820
12040
12260
12480
12700
12920
13140
13360
13580
13800
14020
14240
161
381
601
821
1041
1261
1481
1701
1921
2141
2361
2581
2801
3021
3241
3461
3681
3901
4121
4341
4561
4781
5001
5221
5441
5661
5881
6101
6321
6541
6761
6981
7201
7421
7641
7861
8081
8301
8521
8741
8961
9181
9401
9621
9841
10061
10281
10501
10721
10941
11161
11381
11601
11821
12041
12261
12481
12701
12921
13141
13361
13581
13801
14021
14241
162
382
602
822
1042
1262
1482
1702
1922
2142
2362
2582
2802
3022
3242
3462
3682
3902
4122
4342
4562
4782
5002
5222
5442
5662
5882
6102
6322
6542
6762
6982
7202
7422
7642
7862
8082
8302
8522
8742
8962
9182
9402
9622
9842
10062
10282
10502
10722
10942
11162
11382
11602
11822
12042
12262
12482
12702
12922
13142
13362
13582
13802
14022
14242
163
383
603
823
1043
1263
1483
1703
1923
2143
2363
2583
2803
3023
3243
3463
3683
3903
4123
4343
4563
4783
5003
5223
5443
5663
5883
6103
6323
6543
6763
6983
7203
7423
7643
7863
8083
8303
8523
8743
8963
9183
9403
9623
9843
10063
10283
10503
10723
10943
11163
11383
11603
11823
12043
12263
12483
12703
12923
13143
13363
13583
13803
14023
14243
164
384
604
824
1044
1264
1484
1704
1924
2144
2364
2584
2804
3024
3244
3464
3684
3904
4124
4344
4564
4784
5004
5224
5444
5664
5884
6104
6324
6544
6764
6984
7204
7424
7644
7864
8084
8304
8524
8744
8964
9184
9404
9624
9844
10064
10284
10504
10724
10944
11164
11384
11604
11824
12044
12264
12484
12704
12924
13144
13364
13584
13804
14024
14244
165
385
605
825
1045
1265
1485
1705
1925
2145
2365
2585
2805
3025
3245
3465
3685
3905
4125
4345
4565
4785
5005
5225
5445
5665
5885
6105
6325
6545
6765
6985
7205
7425
7645
7865
8085
8305
8525
8745
8965
9185
9405
9625
9845
10065
10285
10505
10725
10945
11165
11385
11605
11825
12045
12265
12485
12705
12925
13145
13365
13585
13805
14025
14245
166
386
606
826
1046
1266
1486
1706
1926
2146
2366
2586
2806
3026
3246
3466
3686
3906
4126
4346
4566
4786
5006
5226
5446
5666
5886
6106
6326
6546
6766
6986
7206
7426
7646
7866
8086
8306
8526
8746
8966
9186
9406
9626
9846
10066
10286
10506
10726
10946
11166
11386
11606
11826
12046
12266
12486
12706
12926
13146
13366
13586
13806
14026
14246
167
387
607
827
1047
1267
1487
1707
1927
2147
2367
2587
2807
3027
3247
3467
3687
3907
4127
4347
4567
4787
5007
5227
5447
5667
5887
6107
6327
6547
6767
6987
7207
7427
7647
7867
8087
8307
8527
8747
8967
9187
9407
9627
9847
10067
10287
10507
10727
10947
11167
11387
11607
11827
12047
12267
12487
12707
12927
13147
13367
13587
13807
14027
14247
168
388
608
828
1048
1268
1488
1708
1928
2148
2368
2588
2808
3028
3248
3468
3688
3908
4128
4348
4568
4788
5008
5228
5448
5668
5888
6108
6328
6548
6768
6988
7208
7428
7648
7868
8088
8308
8528
8748
8968
9188
9408
9628
9848
10068
10288
10508
10728
10948
11168
11388
11608
11828
12048
12268
12488
12708
12928
13148
13368
13588
13808
14028
14248
169
389
609
829
1049
1269
1489
1709
1929
2149
2369
2589
2809
3029
3249
3469
3689
3909
4129
4349
4569
4789
5009
5229
5449
5669
5889
6109
6329
6549
6769
6989
7209
7429
7649
7869
8089
8309
8529
8749
8969
9189
9409
9629
9849
10069
10289
10509
10729
10949
11169
11389
11609
11829
12049
12269
12489
12709
12929
13149
13369
13589
13809
14029
14249
170
390
610
830
1050
1270
1490
1710
1930
2150
2370
2590
2810
3030
3250
3470
3690
3910
4130
4350
4570
4790
5010
5230
5450
5670
5890
6110
6330
6550
6770
6990
7210
7430
7650
7870
8090
8310
8530
8750
8970
9190
9410
9630
9850
10070
10290
10510
10730
10950
11170
11390
11610
11830
12050
12270
12490
12710
12930
13150
13370
13590
13810
14030
14250
171
391
611
831
1051
1271
1491
1711
1931
2151
2371
2591
2811
3031
3251
3471
3691
3911
4131
4351
4571
4791
5011
5231
5451
5671
5891
6111
6331
6551
6771
6991
7211
7431
7651
7871
8091
8311
8531
8751
8971
9191
9411
9631
9851
10071
10291
10511
10731
10951
11171
11391
11611
11831
12051
12271
12491
12711
12931
13151
13371
13591
13811
14031
14251
172
392
612
832
1052
1272
1492
1712
1932
2152
2372
2592
2812
3032
3252
3472
3692
3912
4132
4352
4572
4792
5012
5232
5452
5672
5892
6112
6332
6552
6772
6992
7212
7432
7652
7872
8092
8312
8532
8752
8972
9192
9412
9632
9852
10072
10292
10512
10732
10952
11172
11392
11612
11832
12052
12272
12492
12712
12932
13152
13372
13592
13812
14032
14252
173
393
613
833
1053
1273
1493
1713
1933
2153
2373
2593
2813
3033
3253
3473
3693
3913
4133
4353
4573
4793
5013
5233
5453
5673
5893
6113
6333
6553
6773
6993
7213
7433
7653
7873
8093
8313
8533
8753
8973
9193
9413
9633
9853
10073
10293
10513
10733
10953
11173
11393
11613
11833
12053
12273
12493
12713
12933
13153
13373
13593
13813
14033
14253
174
394
614
834
1054
1274
1494
1714
1934
2154
2374
2594
2814
3034
3254
3474
3694
3914
4134
4354
4574
4794
5014
5234
5454
5674
5894
6114
6334
6554
6774
6994
7214
7434
7654
7874
8094
8314
8534
8754
8974
9194
9414
9634
9854
10074
10294
10514
10734
10954
11174
11394
11614
11834
12054
12274
12494
12714
12934
13154
13374
13594
13814
14034
14254
175
395
615
835
1055
1275
1495
1715
1935
2155
2375
2595
2815
3035
3255
3475
3695
3915
4135
4355
4575
4795
5015
5235
5455
5675
5895
6115
6335
6555
6775
6995
7215
7435
7655
7875
8095
8315
8535
8755
8975
9195
9415
9635
9855
10075
10295
10515
10735
10955
11175
11395
11615
11835
12055
12275
12495
12715
12935
13155
13375
13595
13815
14035
14255
176
396
616
836
1056
1276
1496
1716
1936
2156
2376
2596
2816
3036
3256
3476
3696
3916
4136
4356
4576
4796
5016
5236
5456
5676
5896
6116
6336
6556
6776
6996
7216
7436
7656
7876
8096
8316
8536
8756
8976
9196
9416
9636
9856
10076
10296
10516
10736
10956
11176
11396
11616
11836
12056
12276
12496
12716
12936
13156
13376
13596
13816
14036
14256
177
397
617
837
1057
1277
1497
1717
1937
2157
2377
2597
2817
3037
3257
3477
3697
3917
4137
4357
4577
4797
5017
5237
5457
5677
5897
6117
6337
6557
6777
6997
7217
7437
7657
7877
8097
8317
8537
8757
8977
9197
9417
9637
9857
10077
10297
10517
10737
10957
11177
11397
11617
11837
12057
12277
12497
12717
12937
13157
13377
13597
13817
14037
14257
178
398
618
838
1058
1278
1498
1718
1938
2158
2378
2598
2818
3038
3258
3478
3698
3918
4138
4358
4578
4798
5018
5238
5458
5678
5898
6118
6338
6558
6778
6998
7218
7438
7658
7878
8098
8318
8538
8758
8978
9198
9418
9638
9858
10078
10298
10518
10738
10958
11178
11398
11618
11838
12058
12278
12498
12718
12938
13158
13378
13598
13818
14038
14258
179
399
619
839
1059
1279
1499
1719
1939
2159
2379
2599
2819
3039
3259
3479
3699
3919
4139
4359
4579
4799
5019
5239
5459
5679
5899
6119
6339
6559
6779
6999
7219
7439
7659
7879
8099
8319
8539
8759
8979
9199
9419
9639
9859
10079
10299
10519
10739
10959
11179
11399
11619
11839
12059
12279
12499
12719
12939
13159
13379
13599
13819
14039
14259
180
400
620
840
1060
1280
1500
1720
1940
2160
2380
2600
2820
3040
3260
3480
3700
3920
4140
4360
4580
4800
5020
5240
5460
5680
5900
6120
6340
6560
6780
7000
7220
7440
7660
7880
8100
8320
8540
8760
8980
9200
9420
9640
9860
10080
10300
10520
10740
10960
11180
11400
11620
11840
12060
12280
12500
12720
12940
13160
13380
13600
13820
14040
14260
181
401
621
841
1061
1281
1501
1721
1941
2161
2381
2601
2821
3041
3261
3481
3701
3921
4141
4361
4581
4801
5021
5241
5461
5681
5901
6121
6341
6561
6781
7001
7221
7441
7661
7881
8101
8321
8541
8761
8981
9201
9421
9641
9861
10081
10301
10521
10741
10961
11181
11401
11621
11841
12061
12281
12501
12721
12941
13161
13381
13601
13821
14041
14261
182
402
622
842
1062
1282
1502
1722
1942
2162
2382
2602
2822
3042
3262
3482
3702
3922
4142
4362
4582
4802
5022
5242
5462
5682
5902
6122
6342
6562
6782
7002
7222
7442
7662
7882
8102
8322
8542
8762
8982
9202
9422
9642
9862
10082
10302
10522
10742
10962
11182
11402
11622
11842
12062
12282
12502
12722
12942
13162
13382
13602
13822
14042
14262
183
403
623
843
1063
1283
1503
1723
1943
2163
2383
2603
2823
3043
3263
3483
3703
3923
4143
4363
4583
4803
5023
5243
5463
5683
5903
6123
6343
6563
6783
7003
7223
7443
7663
7883
8103
8323
8543
8763
8983
9203
9423
9643
9863
10083
10303
10523
10743
10963
11183
11403
11623
11843
12063
12283
12503
12723
12943
13163
13383
13603
13823
14043
14263
184
404
624
844
1064
1284
1504
1724
1944
2164
2384
2604
2824
3044
3264
3484
3704
3924
4144
4364
4584
4804
5024
5244
5464
5684
5904
6124
6344
6564
6784
7004
7224
7444
7664
7884
8104
8324
8544
8764
8984
9204
9424
9644
9864
10084
10304
10524
10744
10964
11184
11404
11624
11844
12064
12284
12504
12724
12944
13164
13384
13604
13824
14044
14264
185
405
625
845
1065
1285
1505
1725
1945
2165
2385
2605
2825
3045
3265
3485
3705
3925
4145
4365
4585
4805
5025
5245
5465
5685
5905
6125
6345
6565
6785
7005
7225
7445
7665
7885
8105
8325
8545
8765
8985
9205
9425
9645
9865
10085
10305
10525
10745
10965
11185
11405
11625
11845
12065
12285
12505
12725
12945
13165
13385
13605
13825
14045
14265
186
406
626
846
1066
1286
1506
1726
1946
2166
2386
2606
2826
3046
3266
3486
3706
3926
4146
4366
4586
4806
5026
5246
5466
5686
5906
6126
6346
6566
6786
7006
7226
7446
7666
7886
8106
8326
8546
8766
8986
9206
9426
9646
9866
10086
10306
10526
10746
10966
11186
11406
11626
11846
12066
12286
12506
12726
12946
13166
13386
13606
13826
14046
14266
187
407
627
847
1067
1287
1507
1727
1947
2167
2387
2607
2827
3047
3267
3487
3707
3927
4147
4367
4587
4807
5027
5247
5467
5687
5907
6127
6347
6567
6787
7007
7227
7447
7667
7887
8107
8327
8547
8767
8987
9207
9427
9647
9867
10087
10307
10527
10747
10967
11187
11407
11627
11847
12067
12287
12507
12727
12947
13167
13387
13607
13827
14047
14267
188
408
628
848
1068
1288
1508
1728
1948
2168
2388
2608
2828
3048
3268
3488
3708
3928
4148
4368
4588
4808
5028
5248
5468
5688
5908
6128
6348
6568
6788
7008
7228
7448
7668
7888
8108
8328
8548
8768
8988
9208
9428
9648
9868
10088
10308
10528
10748
10968
11188
11408
11628
11848
12068
12288
12508
12728
12948
13168
13388
13608
13828
14048
14268
189
409
629
849
1069
1289
1509
1729
1949
2169
2389
2609
2829
3049
3269
3489
3709
3929
4149
4369
4589
4809
5029
5249
5469
5689
5909
6129
6349
6569
6789
7009
7229
7449
7669
7889
8109
8329
8549
8769
8989
9209
9429
9649
9869
10089
10309
10529
10749
10969
11189
11409
11629
11849
12069
12289
12509
12729
12949
13169
13389
13609
13829
14049
14269
190
410
630
850
1070
1290
1510
1730
1950
2170
2390
2610
2830
3050
3270
3490
3710
3930
4150
4370
4590
4810
5030
5250
5470
5690
5910
6130
6350
6570
6790
7010
7230
7450
7670
7890
8110
8330
8550
8770
8990
9210
9430
9650
9870
10090
10310
10530
10750
10970
11190
11410
11630
11850
12070
12290
12510
12730
12950
13170
13390
13610
13830
14050
14270
191
411
631
851
1071
1291
1511
1731
1951
2171
2391
2611
2831
3051
3271
3491
3711
3931
4151
4371
4591
4811
5031
5251
5471
5691
5911
6131
6351
6571
6791
7011
7231
7451
7671
7891
8111
8331
8551
8771
8991
9211
9431
9651
9871
10091
10311
10531
10751
10971
11191
11411
11631
11851
12071
12291
12511
12731
12951
13171
13391
13611
13831
14051
14271
192
412
632
852
1072
1292
1512
1732
1952
2172
2392
2612
2832
3052
3272
3492
3712
3932
4152
4372
4592
4812
5032
5252
5472
5692
5912
6132
6352
6572
6792
7012
7232
7452
7672
7892
8112
8332
8552
8772
8992
9212
9432
9652
9872
10092
10312
10532
10752
10972
11192
11412
11632
11852
12072
12292
12512
12732
12952
13172
13392
13612
13832
14052
14272
193
413
633
853
1073
1293
1513
1733
1953
2173
2393
2613
2833
3053
3273
3493
3713
3933
4153
4373
4593
4813
5033
5253
5473
5693
5913
6133
6353
6573
6793
7013
7233
7453
7673
7893
8113
8333
8553
8773
8993
9213
9433
9653
9873
10093
10313
10533
10753
10973
11193
11413
11633
11853
12073
12293
12513
12733
12953
13173
13393
13613
13833
14053
14273
194
414
634
854
1074
1294
1514
1734
1954
2174
2394
2614
2834
3054
3274
3494
3714
3934
4154
4374
4594
4814
5034
5254
5474
5694
5914
6134
6354
6574
6794
7014
7234
7454
7674
7894
8114
8334
8554
8774
8994
9214
9434
9654
9874
10094
10314
10534
10754
10974
11194
11414
11634
11854
12074
12294
12514
12734
12954
13174
13394
13614
13834
14054
14274
195
415
635
855
1075
1295
1515
1735
1955
2175
2395
2615
2835
3055
3275
3495
3715
3935
4155
4375
4595
4815
5035
5255
5475
5695
5915
6135
6355
6575
6795
7015
7235
7455
7675
7895
8115
8335
8555
8775
8995
9215
9435
9655
9875
10095
10315
10535
10755
10975
11195
11415
11635
11855
12075
12295
12515
12735
12955
13175
13395
13615
13835
14055
14275
196
416
636
856
1076
1296
1516
1736
1956
2176
2396
2616
2836
3056
3276
3496
3716
3936
4156
4376
4596
4816
5036
5256
5476
5696
5916
6136
6356
6576
6796
7016
7236
7456
7676
7896
8116
8336
8556
8776
8996
9216
9436
9656
9876
10096
10316
10536
10756
10976
11196
11416
11636
11856
12076
12296
12516
12736
12956
13176
13396
13616
13836
14056
14276
197
417
637
857
1077
1297
1517
1737
1957
2177
2397
2617
2837
3057
3277
3497
3717
3937
4157
4377
4597
4817
5037
5257
5477
5697
5917
6137
6357
6577
6797
7017
7237
7457
7677
7897
8117
8337
8557
8777
8997
9217
9437
9657
9877
10097
10317
10537
10757
10977
11197
11417
11637
11857
12077
12297
12517
12737
12957
13177
13397
13617
13837
14057
14277
198
418
638
858
1078
1298
1518
1738
1958
2178
2398
2618
2838
3058
3278
3498
3718
3938
4158
4378
4598
4818
5038
5258
5478
5698
5918
6138
6358
6578
6798
7018
7238
7458
7678
7898
8118
8338
8558
8778
8998
9218
9438
9658
9878
10098
10318
10538
10758
10978
11198
11418
11638
11858
12078
12298
12518
12738
12958
13178
13398
13618
13838
14058
14278
199
419
639
859
1079
1299
1519
1739
1959
2179
2399
2619
2839
3059
3279
3499
3719
3939
4159
4379
4599
4819
5039
5259
5479
5699
5919
6139
6359
6579
6799
7019
7239
7459
7679
7899
8119
8339
8559
8779
8999
9219
9439
9659
9879
10099
10319
10539
10759
10979
11199
11419
11639
11859
12079
12299
12519
12739
12959
13179
13399
13619
13839
14059
14279
200
420
640
860
1080
1300
1520
1740
1960
2180
2400
2620
2840
3060
3280
3500
3720
3940
4160
4380
4600
4820
5040
5260
5480
5700
5920
6140
6360
6580
6800
7020
7240
7460
7680
7900
8120
8340
8560
8780
9000
9220
9440
9660
9880
10100
10320
10540
10760
10980
11200
11420
11640
11860
12080
12300
12520
12740
12960
13180
13400
13620
13840
14060
14280
201
421
641
861
1081
1301
1521
1741
1961
2181
2401
2621
2841
3061
3281
3501
3721
3941
4161
4381
4601
4821
5041
5261
5481
5701
5921
6141
6361
6581
6801
7021
7241
7461
7681
7901
8121
8341
8561
8781
9001
9221
9441
9661
9881
10101
10321
10541
10761
10981
11201
11421
11641
11861
12081
12301
12521
12741
12961
13181
13401
13621
13841
14061
14281
202
422
642
862
1082
1302
1522
1742
1962
2182
2402
2622
2842
3062
3282
3502
3722
3942
4162
4382
4602
4822
5042
5262
5482
5702
5922
6142
6362
6582
6802
7022
7242
7462
7682
7902
8122
8342
8562
8782
9002
9222
9442
9662
9882
10102
10322
10542
10762
10982
11202
11422
11642
11862
12082
12302
12522
12742
12962
13182
13402
13622
13842
14062
14282
203
423
643
863
1083
1303
1523
1743
1963
2183
2403
2623
2843
3063
3283
3503
3723
3943
4163
4383
4603
4823
5043
5263
5483
5703
5923
6143
6363
6583
6803
7023
7243
7463
7683
7903
8123
8343
8563
8783
9003
9223
9443
9663
9883
10103
10323
10543
10763
10983
11203
11423
11643
11863
12083
12303
12523
12743
12963
13183
13403
13623
13843
14063
14283
204
424
644
864
1084
1304
1524
1744
1964
2184
2404
2624
2844
3064
3284
3504
3724
3944
4164
4384
4604
4824
5044
5264
5484
5704
5924
6144
6364
6584
6804
7024
7244
7464
7684
7904
8124
8344
8564
8784
9004
9224
9444
9664
9884
10104
10324
10544
10764
10984
11204
11424
11644
11864
12084
12304
12524
12744
12964
13184
13404
13624
13844
14064
14284
205
425
645
865
1085
1305
1525
1745
1965
2185
2405
2625
2845
3065
3285
3505
3725
3945
4165
4385
4605
4825
5045
5265
5485
5705
5925
6145
6365
6585
6805
7025
7245
7465
7685
7905
8125
8345
8565
8785
9005
9225
9445
9665
9885
10105
10325
10545
10765
10985
11205
11425
11645
11865
12085
12305
12525
12745
12965
13185
13405
13625
13845
14065
14285
206
426
646
866
1086
1306
1526
1746
1966
2186
2406
2626
2846
3066
3286
3506
3726
3946
4166
4386
4606
4826
5046
5266
5486
5706
5926
6146
6366
6586
6806
7026
7246
7466
7686
7906
8126
8346
8566
8786
9006
9226
9446
9666
9886
10106
10326
10546
10766
10986
11206
11426
11646
11866
12086
12306
12526
12746
12966
13186
13406
13626
13846
14066
14286
207
427
647
867
1087
1307
1527
1747
1967
2187
2407
2627
2847
3067
3287
3507
3727
3947
4167
4387
4607
4827
5047
5267
5487
5707
5927
6147
6367
6587
6807
7027
7247
7467
7687
7907
8127
8347
8567
8787
9007
9227
9447
9667
9887
10107
10327
10547
10767
10987
11207
11427
11647
11867
12087
12307
12527
12747
12967
13187
13407
13627
13847
14067
14287
208
428
648
868
1088
1308
1528
1748
1968
2188
2408
2628
2848
3068
3288
3508
3728
3948
4168
4388
4608
4828
5048
5268
5488
5708
5928
6148
6368
6588
6808
7028
7248
7468
7688
7908
8128
8348
8568
8788
9008
9228
9448
9668
9888
10108
10328
10548
10768
10988
11208
11428
11648
11868
12088
12308
12528
12748
12968
13188
13408
13628
13848
14068
14288
209
429
649
869
1089
1309
1529
1749
1969
2189
2409
2629
2849
3069
3289
3509
3729
3949
4169
4389
4609
4829
5049
5269
5489
5709
5929
6149
6369
6589
6809
7029
7249
7469
7689
7909
8129
8349
8569
8789
9009
9229
9449
9669
9889
10109
10329
10549
10769
10989
11209
11429
11649
11869
12089
12309
12529
12749
12969
13189
13409
13629
13849
14069
14289
210
430
650
870
1090
1310
1530
1750
1970
2190
2410
2630
2850
3070
3290
3510
3730
3950
4170
4390
4610
4830
5050
5270
5490
5710
5930
6150
6370
6590
6810
7030
7250
7470
7690
7910
8130
8350
8570
8790
9010
9230
9450
9670
9890
10110
10330
10550
10770
10990
11210
11430
11650
11870
12090
12310
12530
12750
12970
13190
13410
13630
13850
14070
14290
211
431
651
871
1091
1311
1531
1751
1971
2191
2411
2631
2851
3071
3291
3511
3731
3951
4171
4391
4611
4831
5051
5271
5491
5711
5931
6151
6371
6591
6811
7031
7251
7471
7691
7911
8131
8351
8571
8791
9011
9231
9451
9671
9891
10111
10331
10551
10771
10991
11211
11431
11651
11871
12091
12311
12531
12751
12971
13191
13411
13631
13851
14071
14291
212
432
652
872
1092
1312
1532
1752
1972
2192
2412
2632
2852
3072
3292
3512
3732
3952
4172
4392
4612
4832
5052
5272
5492
5712
5932
6152
6372
6592
6812
7032
7252
7472
7692
7912
8132
8352
8572
8792
9012
9232
9452
9672
9892
10112
10332
10552
10772
10992
11212
11432
11652
11872
12092
12312
12532
12752
12972
13192
13412
13632
13852
14072
14292
213
433
653
873
1093
1313
1533
1753
1973
2193
2413
2633
2853
3073
3293
3513
3733
3953
4173
4393
4613
4833
5053
5273
5493
5713
5933
6153
6373
6593
6813
7033
7253
7473
7693
7913
8133
8353
8573
8793
9013
9233
9453
9673
9893
10113
10333
10553
10773
10993
11213
11433
11653
11873
12093
12313
12533
12753
12973
13193
13413
13633
13853
14073
14293
214
434
654
874
1094
1314
1534
1754
1974
2194
2414
2634
2854
3074
3294
3514
3734
3954
4174
4394
4614
4834
5054
5274
5494
5714
5934
6154
6374
6594
6814
7034
7254
7474
7694
7914
8134
8354
8574
8794
9014
9234
9454
9674
9894
10114
10334
10554
10774
10994
11214
11434
11654
11874
12094
12314
12534
12754
12974
13194
13414
13634
13854
14074
14294
215
435
655
875
1095
1315
1535
1755
1975
2195
2415
2635
2855
3075
3295
3515
3735
3955
4175
4395
4615
4835
5055
5275
5495
5715
5935
6155
6375
6595
6815
7035
7255
7475
7695
7915
8135
8355
8575
8795
9015
9235
9455
9675
9895
10115
10335
10555
10775
10995
11215
11435
11655
11875
12095
12315
12535
12755
12975
13195
13415
13635
13855
14075
14295
216
436
656
876
1096
1316
1536
1756
1976
2196
2416
2636
2856
3076
3296
3516
3736
3956
4176
4396
4616
4836
5056
5276
5496
5716
5936
6156
6376
6596
6816
7036
7256
7476
7696
7916
8136
8356
8576
8796
9016
9236
9456
9676
9896
10116
10336
10556
10776
10996
11216
11436
11656
11876
12096
12316
12536
12756
12976
13196
13416
13636
13856
14076
14296
217
437
657
877
1097
1317
1537
1757
1977
2197
2417
2637
2857
3077
3297
3517
3737
3957
4177
4397
4617
4837
5057
5277
5497
5717
5937
6157
6377
6597
6817
7037
7257
7477
7697
7917
8137
8357
8577
8797
9017
9237
9457
9677
9897
10117
10337
10557
10777
10997
11217
11437
11657
11877
12097
12317
12537
12757
12977
13197
13417
13637
13857
14077
14297
218
438
658
878
1098
1318
1538
1758
1978
2198
2418
2638
2858
3078
3298
3518
3738
3958
4178
4398
4618
4838
5058
5278
5498
5718
5938
6158
6378
6598
6818
7038
7258
7478
7698
7918
8138
8358
8578
8798
9018
9238
9458
9678
9898
10118
10338
10558
10778
10998
11218
11438
11658
11878
12098
12318
12538
12758
12978
13198
13418
13638
13858
14078
14298
219
439
659
879
1099
1319
1539
1759
1979
2199
2419
2639
2859
3079
3299
3519
3739
3959
4179
4399
4619
4839
5059
5279
5499
5719
5939
6159
6379
6599
6819
7039
7259
7479
7699
7919
8139
8359
8579
8799
9019
9239
9459
9679
9899
10119
10339
10559
10779
10999
11219
11439
11659
11879
12099
12319
12539
12759
12979
13199
13419
13639
13859
14079
14299
)


// ************************************************************************* //
