/*--------------------------------*- C++ -*----------------------------------*\
| =========                 |                                                 |
| \\      /  F ield         | OpenFOAM: The Open Source CFD Toolbox           |
|  \\    /   O peration     | Version:  2312                                  |
|   \\  /    A nd           | Website:  www.openfoam.com                      |
|    \\/     M anipulation  |                                                 |
\*---------------------------------------------------------------------------*/
FoamFile
{
    version     2.0;
    format      ascii;
    arch        "LSB;label=32;scalar=64";
    note        "nPoints:30952  nCells:15150  nFaces:60925  nInternalFaces:29975";
    class       labelList;
    location    "constant/polyMesh";
    object      neighbour;
}
// * * * * * * * * * * * * * * * * * * * * * * * * * * * * * * * * * * * * * //


29975
(
1
20
980
6560
2
21
981
3
22
982
4
23
983
5
24
984
6
25
985
7
26
986
8
27
987
9
28
988
10
29
989
11
30
990
12
31
991
13
32
992
14
33
993
15
34
994
16
35
995
17
36
996
18
37
997
19
38
998
39
999
21
40
6520
22
41
23
42
24
43
25
44
26
45
27
46
28
47
29
48
30
49
31
50
32
51
33
52
34
53
35
54
36
55
37
56
38
57
39
58
59
41
60
6480
42
61
43
62
44
63
45
64
46
65
47
66
48
67
49
68
50
69
51
70
52
71
53
72
54
73
55
74
56
75
57
76
58
77
59
78
79
61
80
6440
62
81
63
82
64
83
65
84
66
85
67
86
68
87
69
88
70
89
71
90
72
91
73
92
74
93
75
94
76
95
77
96
78
97
79
98
99
81
100
6400
82
101
83
102
84
103
85
104
86
105
87
106
88
107
89
108
90
109
91
110
92
111
93
112
94
113
95
114
96
115
97
116
98
117
99
118
119
101
120
6360
102
121
103
122
104
123
105
124
106
125
107
126
108
127
109
128
110
129
111
130
112
131
113
132
114
133
115
134
116
135
117
136
118
137
119
138
139
121
140
6320
122
141
123
142
124
143
125
144
126
145
127
146
128
147
129
148
130
149
131
150
132
151
133
152
134
153
135
154
136
155
137
156
138
157
139
158
159
141
160
6280
142
161
143
162
144
163
145
164
146
165
147
166
148
167
149
168
150
169
151
170
152
171
153
172
154
173
155
174
156
175
157
176
158
177
159
178
179
161
180
6240
162
181
163
182
164
183
165
184
166
185
167
186
168
187
169
188
170
189
171
190
172
191
173
192
174
193
175
194
176
195
177
196
178
197
179
198
199
181
200
6200
182
201
183
202
184
203
185
204
186
205
187
206
188
207
189
208
190
209
191
210
192
211
193
212
194
213
195
214
196
215
197
216
198
217
199
218
219
201
220
6160
202
221
203
222
204
223
205
224
206
225
207
226
208
227
209
228
210
229
211
230
212
231
213
232
214
233
215
234
216
235
217
236
218
237
219
238
239
221
240
6120
222
241
223
242
224
243
225
244
226
245
227
246
228
247
229
248
230
249
231
250
232
251
233
252
234
253
235
254
236
255
237
256
238
257
239
258
259
241
260
6080
242
261
243
262
244
263
245
264
246
265
247
266
248
267
249
268
250
269
251
270
252
271
253
272
254
273
255
274
256
275
257
276
258
277
259
278
279
261
280
6040
262
281
263
282
264
283
265
284
266
285
267
286
268
287
269
288
270
289
271
290
272
291
273
292
274
293
275
294
276
295
277
296
278
297
279
298
299
281
300
6000
282
301
283
302
284
303
285
304
286
305
287
306
288
307
289
308
290
309
291
310
292
311
293
312
294
313
295
314
296
315
297
316
298
317
299
318
319
301
320
5960
302
321
303
322
304
323
305
324
306
325
307
326
308
327
309
328
310
329
311
330
312
331
313
332
314
333
315
334
316
335
317
336
318
337
319
338
339
321
340
5920
322
341
323
342
324
343
325
344
326
345
327
346
328
347
329
348
330
349
331
350
332
351
333
352
334
353
335
354
336
355
337
356
338
357
339
358
359
341
360
5880
342
361
343
362
344
363
345
364
346
365
347
366
348
367
349
368
350
369
351
370
352
371
353
372
354
373
355
374
356
375
357
376
358
377
359
378
379
361
380
5840
362
381
363
382
364
383
365
384
366
385
367
386
368
387
369
388
370
389
371
390
372
391
373
392
374
393
375
394
376
395
377
396
378
397
379
398
399
381
400
5800
382
401
383
402
384
403
385
404
386
405
387
406
388
407
389
408
390
409
391
410
392
411
393
412
394
413
395
414
396
415
397
416
398
417
399
418
419
401
420
5760
402
421
403
422
404
423
405
424
406
425
407
426
408
427
409
428
410
429
411
430
412
431
413
432
414
433
415
434
416
435
417
436
418
437
419
438
439
421
440
5720
422
441
423
442
424
443
425
444
426
445
427
446
428
447
429
448
430
449
431
450
432
451
433
452
434
453
435
454
436
455
437
456
438
457
439
458
459
441
460
5680
442
461
443
462
444
463
445
464
446
465
447
466
448
467
449
468
450
469
451
470
452
471
453
472
454
473
455
474
456
475
457
476
458
477
459
478
479
461
480
5640
462
481
463
482
464
483
465
484
466
485
467
486
468
487
469
488
470
489
471
490
472
491
473
492
474
493
475
494
476
495
477
496
478
497
479
498
499
481
500
5600
482
501
483
502
484
503
485
504
486
505
487
506
488
507
489
508
490
509
491
510
492
511
493
512
494
513
495
514
496
515
497
516
498
517
499
518
519
501
520
5560
502
521
503
522
504
523
505
524
506
525
507
526
508
527
509
528
510
529
511
530
512
531
513
532
514
533
515
534
516
535
517
536
518
537
519
538
539
521
540
5520
522
541
523
542
524
543
525
544
526
545
527
546
528
547
529
548
530
549
531
550
532
551
533
552
534
553
535
554
536
555
537
556
538
557
539
558
559
541
560
5480
542
561
543
562
544
563
545
564
546
565
547
566
548
567
549
568
550
569
551
570
552
571
553
572
554
573
555
574
556
575
557
576
558
577
559
578
579
561
580
5440
562
581
563
582
564
583
565
584
566
585
567
586
568
587
569
588
570
589
571
590
572
591
573
592
574
593
575
594
576
595
577
596
578
597
579
598
599
581
600
5400
582
601
583
602
584
603
585
604
586
605
587
606
588
607
589
608
590
609
591
610
592
611
593
612
594
613
595
614
596
615
597
616
598
617
599
618
619
601
620
5360
602
621
603
622
604
623
605
624
606
625
607
626
608
627
609
628
610
629
611
630
612
631
613
632
614
633
615
634
616
635
617
636
618
637
619
638
639
621
640
5320
622
641
623
642
624
643
625
644
626
645
627
646
628
647
629
648
630
649
631
650
632
651
633
652
634
653
635
654
636
655
637
656
638
657
639
658
659
641
660
5280
642
661
643
662
644
663
645
664
646
665
647
666
648
667
649
668
650
669
651
670
652
671
653
672
654
673
655
674
656
675
657
676
658
677
659
678
679
661
680
5240
662
681
663
682
664
683
665
684
666
685
667
686
668
687
669
688
670
689
671
690
672
691
673
692
674
693
675
694
676
695
677
696
678
697
679
698
699
681
700
5200
682
701
683
702
684
703
685
704
686
705
687
706
688
707
689
708
690
709
691
710
692
711
693
712
694
713
695
714
696
715
697
716
698
717
699
718
719
701
720
5160
702
721
703
722
704
723
705
724
706
725
707
726
708
727
709
728
710
729
711
730
712
731
713
732
714
733
715
734
716
735
717
736
718
737
719
738
739
721
740
5120
722
741
723
742
724
743
725
744
726
745
727
746
728
747
729
748
730
749
731
750
732
751
733
752
734
753
735
754
736
755
737
756
738
757
739
758
759
741
760
5080
742
761
743
762
744
763
745
764
746
765
747
766
748
767
749
768
750
769
751
770
752
771
753
772
754
773
755
774
756
775
757
776
758
777
759
778
779
761
780
5040
762
781
763
782
764
783
765
784
766
785
767
786
768
787
769
788
770
789
771
790
772
791
773
792
774
793
775
794
776
795
777
796
778
797
779
798
799
781
5000
782
783
784
785
786
787
788
789
790
791
792
793
794
795
796
797
798
799
801
820
4980
6960
802
821
4981
803
822
4982
804
823
4983
805
824
4984
806
825
4985
807
826
4986
808
827
4987
809
828
4988
810
829
4989
811
830
4990
812
831
4991
813
832
4992
814
833
4993
815
834
4994
816
835
4995
817
836
4996
818
837
4997
819
838
4998
839
4999
821
840
6920
822
841
823
842
824
843
825
844
826
845
827
846
828
847
829
848
830
849
831
850
832
851
833
852
834
853
835
854
836
855
837
856
838
857
839
858
859
841
860
6880
842
861
843
862
844
863
845
864
846
865
847
866
848
867
849
868
850
869
851
870
852
871
853
872
854
873
855
874
856
875
857
876
858
877
859
878
879
861
880
6840
862
881
863
882
864
883
865
884
866
885
867
886
868
887
869
888
870
889
871
890
872
891
873
892
874
893
875
894
876
895
877
896
878
897
879
898
899
881
900
6800
882
901
883
902
884
903
885
904
886
905
887
906
888
907
889
908
890
909
891
910
892
911
893
912
894
913
895
914
896
915
897
916
898
917
899
918
919
901
920
6760
902
921
903
922
904
923
905
924
906
925
907
926
908
927
909
928
910
929
911
930
912
931
913
932
914
933
915
934
916
935
917
936
918
937
919
938
939
921
940
6720
922
941
923
942
924
943
925
944
926
945
927
946
928
947
929
948
930
949
931
950
932
951
933
952
934
953
935
954
936
955
937
956
938
957
939
958
959
941
960
6680
942
961
943
962
944
963
945
964
946
965
947
966
948
967
949
968
950
969
951
970
952
971
953
972
954
973
955
974
956
975
957
976
958
977
959
978
979
961
980
6640
962
981
963
982
964
983
965
984
966
985
967
986
968
987
969
988
970
989
971
990
972
991
973
992
974
993
975
994
976
995
977
996
978
997
979
998
999
981
6600
982
983
984
985
986
987
988
989
990
991
992
993
994
995
996
997
998
999
1001
1020
14999
1002
1021
1003
1022
1004
1023
1005
1024
1006
1025
1007
1026
1008
1027
1009
1028
1010
1029
1011
1030
1012
1031
1013
1032
1014
1033
1015
1034
1016
1035
1017
1036
1018
1037
1019
1038
1039
1021
1040
14998
1022
1041
1023
1042
1024
1043
1025
1044
1026
1045
1027
1046
1028
1047
1029
1048
1030
1049
1031
1050
1032
1051
1033
1052
1034
1053
1035
1054
1036
1055
1037
1056
1038
1057
1039
1058
1059
1041
1060
14997
1042
1061
1043
1062
1044
1063
1045
1064
1046
1065
1047
1066
1048
1067
1049
1068
1050
1069
1051
1070
1052
1071
1053
1072
1054
1073
1055
1074
1056
1075
1057
1076
1058
1077
1059
1078
1079
1061
1080
14996
1062
1081
1063
1082
1064
1083
1065
1084
1066
1085
1067
1086
1068
1087
1069
1088
1070
1089
1071
1090
1072
1091
1073
1092
1074
1093
1075
1094
1076
1095
1077
1096
1078
1097
1079
1098
1099
1081
1100
14995
1082
1101
1083
1102
1084
1103
1085
1104
1086
1105
1087
1106
1088
1107
1089
1108
1090
1109
1091
1110
1092
1111
1093
1112
1094
1113
1095
1114
1096
1115
1097
1116
1098
1117
1099
1118
1119
1101
1120
14994
1102
1121
1103
1122
1104
1123
1105
1124
1106
1125
1107
1126
1108
1127
1109
1128
1110
1129
1111
1130
1112
1131
1113
1132
1114
1133
1115
1134
1116
1135
1117
1136
1118
1137
1119
1138
1139
1121
1140
14993
1122
1141
1123
1142
1124
1143
1125
1144
1126
1145
1127
1146
1128
1147
1129
1148
1130
1149
1131
1150
1132
1151
1133
1152
1134
1153
1135
1154
1136
1155
1137
1156
1138
1157
1139
1158
1159
1141
1160
14992
1142
1161
1143
1162
1144
1163
1145
1164
1146
1165
1147
1166
1148
1167
1149
1168
1150
1169
1151
1170
1152
1171
1153
1172
1154
1173
1155
1174
1156
1175
1157
1176
1158
1177
1159
1178
1179
1161
1180
14991
1162
1181
1163
1182
1164
1183
1165
1184
1166
1185
1167
1186
1168
1187
1169
1188
1170
1189
1171
1190
1172
1191
1173
1192
1174
1193
1175
1194
1176
1195
1177
1196
1178
1197
1179
1198
1199
1181
1200
14990
1182
1201
1183
1202
1184
1203
1185
1204
1186
1205
1187
1206
1188
1207
1189
1208
1190
1209
1191
1210
1192
1211
1193
1212
1194
1213
1195
1214
1196
1215
1197
1216
1198
1217
1199
1218
1219
1201
1220
14989
1202
1221
1203
1222
1204
1223
1205
1224
1206
1225
1207
1226
1208
1227
1209
1228
1210
1229
1211
1230
1212
1231
1213
1232
1214
1233
1215
1234
1216
1235
1217
1236
1218
1237
1219
1238
1239
1221
1240
14988
1222
1241
1223
1242
1224
1243
1225
1244
1226
1245
1227
1246
1228
1247
1229
1248
1230
1249
1231
1250
1232
1251
1233
1252
1234
1253
1235
1254
1236
1255
1237
1256
1238
1257
1239
1258
1259
1241
1260
14987
1242
1261
1243
1262
1244
1263
1245
1264
1246
1265
1247
1266
1248
1267
1249
1268
1250
1269
1251
1270
1252
1271
1253
1272
1254
1273
1255
1274
1256
1275
1257
1276
1258
1277
1259
1278
1279
1261
1280
14986
1262
1281
1263
1282
1264
1283
1265
1284
1266
1285
1267
1286
1268
1287
1269
1288
1270
1289
1271
1290
1272
1291
1273
1292
1274
1293
1275
1294
1276
1295
1277
1296
1278
1297
1279
1298
1299
1281
1300
14985
1282
1301
1283
1302
1284
1303
1285
1304
1286
1305
1287
1306
1288
1307
1289
1308
1290
1309
1291
1310
1292
1311
1293
1312
1294
1313
1295
1314
1296
1315
1297
1316
1298
1317
1299
1318
1319
1301
1320
14984
1302
1321
1303
1322
1304
1323
1305
1324
1306
1325
1307
1326
1308
1327
1309
1328
1310
1329
1311
1330
1312
1331
1313
1332
1314
1333
1315
1334
1316
1335
1317
1336
1318
1337
1319
1338
1339
1321
1340
14983
1322
1341
1323
1342
1324
1343
1325
1344
1326
1345
1327
1346
1328
1347
1329
1348
1330
1349
1331
1350
1332
1351
1333
1352
1334
1353
1335
1354
1336
1355
1337
1356
1338
1357
1339
1358
1359
1341
1360
14982
1342
1361
1343
1362
1344
1363
1345
1364
1346
1365
1347
1366
1348
1367
1349
1368
1350
1369
1351
1370
1352
1371
1353
1372
1354
1373
1355
1374
1356
1375
1357
1376
1358
1377
1359
1378
1379
1361
1380
14981
1362
1381
1363
1382
1364
1383
1365
1384
1366
1385
1367
1386
1368
1387
1369
1388
1370
1389
1371
1390
1372
1391
1373
1392
1374
1393
1375
1394
1376
1395
1377
1396
1378
1397
1379
1398
1399
1381
1400
14980
1382
1401
1383
1402
1384
1403
1385
1404
1386
1405
1387
1406
1388
1407
1389
1408
1390
1409
1391
1410
1392
1411
1393
1412
1394
1413
1395
1414
1396
1415
1397
1416
1398
1417
1399
1418
1419
1401
1420
14979
1402
1421
1403
1422
1404
1423
1405
1424
1406
1425
1407
1426
1408
1427
1409
1428
1410
1429
1411
1430
1412
1431
1413
1432
1414
1433
1415
1434
1416
1435
1417
1436
1418
1437
1419
1438
1439
1421
1440
14978
1422
1441
1423
1442
1424
1443
1425
1444
1426
1445
1427
1446
1428
1447
1429
1448
1430
1449
1431
1450
1432
1451
1433
1452
1434
1453
1435
1454
1436
1455
1437
1456
1438
1457
1439
1458
1459
1441
1460
14977
1442
1461
1443
1462
1444
1463
1445
1464
1446
1465
1447
1466
1448
1467
1449
1468
1450
1469
1451
1470
1452
1471
1453
1472
1454
1473
1455
1474
1456
1475
1457
1476
1458
1477
1459
1478
1479
1461
1480
14976
1462
1481
1463
1482
1464
1483
1465
1484
1466
1485
1467
1486
1468
1487
1469
1488
1470
1489
1471
1490
1472
1491
1473
1492
1474
1493
1475
1494
1476
1495
1477
1496
1478
1497
1479
1498
1499
1481
1500
14975
1482
1501
1483
1502
1484
1503
1485
1504
1486
1505
1487
1506
1488
1507
1489
1508
1490
1509
1491
1510
1492
1511
1493
1512
1494
1513
1495
1514
1496
1515
1497
1516
1498
1517
1499
1518
1519
1501
1520
14974
1502
1521
1503
1522
1504
1523
1505
1524
1506
1525
1507
1526
1508
1527
1509
1528
1510
1529
1511
1530
1512
1531
1513
1532
1514
1533
1515
1534
1516
1535
1517
1536
1518
1537
1519
1538
1539
1521
1540
14973
1522
1541
1523
1542
1524
1543
1525
1544
1526
1545
1527
1546
1528
1547
1529
1548
1530
1549
1531
1550
1532
1551
1533
1552
1534
1553
1535
1554
1536
1555
1537
1556
1538
1557
1539
1558
1559
1541
1560
14972
1542
1561
1543
1562
1544
1563
1545
1564
1546
1565
1547
1566
1548
1567
1549
1568
1550
1569
1551
1570
1552
1571
1553
1572
1554
1573
1555
1574
1556
1575
1557
1576
1558
1577
1559
1578
1579
1561
1580
14971
1562
1581
1563
1582
1564
1583
1565
1584
1566
1585
1567
1586
1568
1587
1569
1588
1570
1589
1571
1590
1572
1591
1573
1592
1574
1593
1575
1594
1576
1595
1577
1596
1578
1597
1579
1598
1599
1581
1600
14970
1582
1601
1583
1602
1584
1603
1585
1604
1586
1605
1587
1606
1588
1607
1589
1608
1590
1609
1591
1610
1592
1611
1593
1612
1594
1613
1595
1614
1596
1615
1597
1616
1598
1617
1599
1618
1619
1601
1620
14969
1602
1621
1603
1622
1604
1623
1605
1624
1606
1625
1607
1626
1608
1627
1609
1628
1610
1629
1611
1630
1612
1631
1613
1632
1614
1633
1615
1634
1616
1635
1617
1636
1618
1637
1619
1638
1639
1621
1640
14968
1622
1641
1623
1642
1624
1643
1625
1644
1626
1645
1627
1646
1628
1647
1629
1648
1630
1649
1631
1650
1632
1651
1633
1652
1634
1653
1635
1654
1636
1655
1637
1656
1638
1657
1639
1658
1659
1641
1660
14967
1642
1661
1643
1662
1644
1663
1645
1664
1646
1665
1647
1666
1648
1667
1649
1668
1650
1669
1651
1670
1652
1671
1653
1672
1654
1673
1655
1674
1656
1675
1657
1676
1658
1677
1659
1678
1679
1661
1680
14966
1662
1681
1663
1682
1664
1683
1665
1684
1666
1685
1667
1686
1668
1687
1669
1688
1670
1689
1671
1690
1672
1691
1673
1692
1674
1693
1675
1694
1676
1695
1677
1696
1678
1697
1679
1698
1699
1681
1700
14965
1682
1701
1683
1702
1684
1703
1685
1704
1686
1705
1687
1706
1688
1707
1689
1708
1690
1709
1691
1710
1692
1711
1693
1712
1694
1713
1695
1714
1696
1715
1697
1716
1698
1717
1699
1718
1719
1701
1720
14964
1702
1721
1703
1722
1704
1723
1705
1724
1706
1725
1707
1726
1708
1727
1709
1728
1710
1729
1711
1730
1712
1731
1713
1732
1714
1733
1715
1734
1716
1735
1717
1736
1718
1737
1719
1738
1739
1721
1740
14963
1722
1741
1723
1742
1724
1743
1725
1744
1726
1745
1727
1746
1728
1747
1729
1748
1730
1749
1731
1750
1732
1751
1733
1752
1734
1753
1735
1754
1736
1755
1737
1756
1738
1757
1739
1758
1759
1741
1760
14962
1742
1761
1743
1762
1744
1763
1745
1764
1746
1765
1747
1766
1748
1767
1749
1768
1750
1769
1751
1770
1752
1771
1753
1772
1754
1773
1755
1774
1756
1775
1757
1776
1758
1777
1759
1778
1779
1761
1780
14961
1762
1781
1763
1782
1764
1783
1765
1784
1766
1785
1767
1786
1768
1787
1769
1788
1770
1789
1771
1790
1772
1791
1773
1792
1774
1793
1775
1794
1776
1795
1777
1796
1778
1797
1779
1798
1799
1781
1800
14960
1782
1801
1783
1802
1784
1803
1785
1804
1786
1805
1787
1806
1788
1807
1789
1808
1790
1809
1791
1810
1792
1811
1793
1812
1794
1813
1795
1814
1796
1815
1797
1816
1798
1817
1799
1818
1819
1801
1820
14959
1802
1821
1803
1822
1804
1823
1805
1824
1806
1825
1807
1826
1808
1827
1809
1828
1810
1829
1811
1830
1812
1831
1813
1832
1814
1833
1815
1834
1816
1835
1817
1836
1818
1837
1819
1838
1839
1821
1840
14958
1822
1841
1823
1842
1824
1843
1825
1844
1826
1845
1827
1846
1828
1847
1829
1848
1830
1849
1831
1850
1832
1851
1833
1852
1834
1853
1835
1854
1836
1855
1837
1856
1838
1857
1839
1858
1859
1841
1860
14957
1842
1861
1843
1862
1844
1863
1845
1864
1846
1865
1847
1866
1848
1867
1849
1868
1850
1869
1851
1870
1852
1871
1853
1872
1854
1873
1855
1874
1856
1875
1857
1876
1858
1877
1859
1878
1879
1861
1880
14956
1862
1881
1863
1882
1864
1883
1865
1884
1866
1885
1867
1886
1868
1887
1869
1888
1870
1889
1871
1890
1872
1891
1873
1892
1874
1893
1875
1894
1876
1895
1877
1896
1878
1897
1879
1898
1899
1881
1900
14955
1882
1901
1883
1902
1884
1903
1885
1904
1886
1905
1887
1906
1888
1907
1889
1908
1890
1909
1891
1910
1892
1911
1893
1912
1894
1913
1895
1914
1896
1915
1897
1916
1898
1917
1899
1918
1919
1901
1920
14954
1902
1921
1903
1922
1904
1923
1905
1924
1906
1925
1907
1926
1908
1927
1909
1928
1910
1929
1911
1930
1912
1931
1913
1932
1914
1933
1915
1934
1916
1935
1917
1936
1918
1937
1919
1938
1939
1921
1940
14953
1922
1941
1923
1942
1924
1943
1925
1944
1926
1945
1927
1946
1928
1947
1929
1948
1930
1949
1931
1950
1932
1951
1933
1952
1934
1953
1935
1954
1936
1955
1937
1956
1938
1957
1939
1958
1959
1941
1960
14952
1942
1961
1943
1962
1944
1963
1945
1964
1946
1965
1947
1966
1948
1967
1949
1968
1950
1969
1951
1970
1952
1971
1953
1972
1954
1973
1955
1974
1956
1975
1957
1976
1958
1977
1959
1978
1979
1961
1980
14951
1962
1981
1963
1982
1964
1983
1965
1984
1966
1985
1967
1986
1968
1987
1969
1988
1970
1989
1971
1990
1972
1991
1973
1992
1974
1993
1975
1994
1976
1995
1977
1996
1978
1997
1979
1998
1999
1981
2000
14950
1982
2001
1983
2002
1984
2003
1985
2004
1986
2005
1987
2006
1988
2007
1989
2008
1990
2009
1991
2010
1992
2011
1993
2012
1994
2013
1995
2014
1996
2015
1997
2016
1998
2017
1999
2018
2019
2001
2020
14949
2002
2021
2003
2022
2004
2023
2005
2024
2006
2025
2007
2026
2008
2027
2009
2028
2010
2029
2011
2030
2012
2031
2013
2032
2014
2033
2015
2034
2016
2035
2017
2036
2018
2037
2019
2038
2039
2021
2040
14948
2022
2041
2023
2042
2024
2043
2025
2044
2026
2045
2027
2046
2028
2047
2029
2048
2030
2049
2031
2050
2032
2051
2033
2052
2034
2053
2035
2054
2036
2055
2037
2056
2038
2057
2039
2058
2059
2041
2060
14947
2042
2061
2043
2062
2044
2063
2045
2064
2046
2065
2047
2066
2048
2067
2049
2068
2050
2069
2051
2070
2052
2071
2053
2072
2054
2073
2055
2074
2056
2075
2057
2076
2058
2077
2059
2078
2079
2061
2080
14946
2062
2081
2063
2082
2064
2083
2065
2084
2066
2085
2067
2086
2068
2087
2069
2088
2070
2089
2071
2090
2072
2091
2073
2092
2074
2093
2075
2094
2076
2095
2077
2096
2078
2097
2079
2098
2099
2081
2100
14945
2082
2101
2083
2102
2084
2103
2085
2104
2086
2105
2087
2106
2088
2107
2089
2108
2090
2109
2091
2110
2092
2111
2093
2112
2094
2113
2095
2114
2096
2115
2097
2116
2098
2117
2099
2118
2119
2101
2120
14944
2102
2121
2103
2122
2104
2123
2105
2124
2106
2125
2107
2126
2108
2127
2109
2128
2110
2129
2111
2130
2112
2131
2113
2132
2114
2133
2115
2134
2116
2135
2117
2136
2118
2137
2119
2138
2139
2121
2140
14943
2122
2141
2123
2142
2124
2143
2125
2144
2126
2145
2127
2146
2128
2147
2129
2148
2130
2149
2131
2150
2132
2151
2133
2152
2134
2153
2135
2154
2136
2155
2137
2156
2138
2157
2139
2158
2159
2141
2160
14942
2142
2161
2143
2162
2144
2163
2145
2164
2146
2165
2147
2166
2148
2167
2149
2168
2150
2169
2151
2170
2152
2171
2153
2172
2154
2173
2155
2174
2156
2175
2157
2176
2158
2177
2159
2178
2179
2161
2180
14941
2162
2181
2163
2182
2164
2183
2165
2184
2166
2185
2167
2186
2168
2187
2169
2188
2170
2189
2171
2190
2172
2191
2173
2192
2174
2193
2175
2194
2176
2195
2177
2196
2178
2197
2179
2198
2199
2181
2200
14940
2182
2201
2183
2202
2184
2203
2185
2204
2186
2205
2187
2206
2188
2207
2189
2208
2190
2209
2191
2210
2192
2211
2193
2212
2194
2213
2195
2214
2196
2215
2197
2216
2198
2217
2199
2218
2219
2201
2220
14939
2202
2221
2203
2222
2204
2223
2205
2224
2206
2225
2207
2226
2208
2227
2209
2228
2210
2229
2211
2230
2212
2231
2213
2232
2214
2233
2215
2234
2216
2235
2217
2236
2218
2237
2219
2238
2239
2221
2240
14938
2222
2241
2223
2242
2224
2243
2225
2244
2226
2245
2227
2246
2228
2247
2229
2248
2230
2249
2231
2250
2232
2251
2233
2252
2234
2253
2235
2254
2236
2255
2237
2256
2238
2257
2239
2258
2259
2241
2260
14937
2242
2261
2243
2262
2244
2263
2245
2264
2246
2265
2247
2266
2248
2267
2249
2268
2250
2269
2251
2270
2252
2271
2253
2272
2254
2273
2255
2274
2256
2275
2257
2276
2258
2277
2259
2278
2279
2261
2280
14936
2262
2281
2263
2282
2264
2283
2265
2284
2266
2285
2267
2286
2268
2287
2269
2288
2270
2289
2271
2290
2272
2291
2273
2292
2274
2293
2275
2294
2276
2295
2277
2296
2278
2297
2279
2298
2299
2281
2300
14935
2282
2301
2283
2302
2284
2303
2285
2304
2286
2305
2287
2306
2288
2307
2289
2308
2290
2309
2291
2310
2292
2311
2293
2312
2294
2313
2295
2314
2296
2315
2297
2316
2298
2317
2299
2318
2319
2301
2320
14934
2302
2321
2303
2322
2304
2323
2305
2324
2306
2325
2307
2326
2308
2327
2309
2328
2310
2329
2311
2330
2312
2331
2313
2332
2314
2333
2315
2334
2316
2335
2317
2336
2318
2337
2319
2338
2339
2321
2340
14933
2322
2341
2323
2342
2324
2343
2325
2344
2326
2345
2327
2346
2328
2347
2329
2348
2330
2349
2331
2350
2332
2351
2333
2352
2334
2353
2335
2354
2336
2355
2337
2356
2338
2357
2339
2358
2359
2341
2360
14932
2342
2361
2343
2362
2344
2363
2345
2364
2346
2365
2347
2366
2348
2367
2349
2368
2350
2369
2351
2370
2352
2371
2353
2372
2354
2373
2355
2374
2356
2375
2357
2376
2358
2377
2359
2378
2379
2361
2380
14931
2362
2381
2363
2382
2364
2383
2365
2384
2366
2385
2367
2386
2368
2387
2369
2388
2370
2389
2371
2390
2372
2391
2373
2392
2374
2393
2375
2394
2376
2395
2377
2396
2378
2397
2379
2398
2399
2381
2400
14930
2382
2401
2383
2402
2384
2403
2385
2404
2386
2405
2387
2406
2388
2407
2389
2408
2390
2409
2391
2410
2392
2411
2393
2412
2394
2413
2395
2414
2396
2415
2397
2416
2398
2417
2399
2418
2419
2401
2420
14929
2402
2421
2403
2422
2404
2423
2405
2424
2406
2425
2407
2426
2408
2427
2409
2428
2410
2429
2411
2430
2412
2431
2413
2432
2414
2433
2415
2434
2416
2435
2417
2436
2418
2437
2419
2438
2439
2421
2440
14928
2422
2441
2423
2442
2424
2443
2425
2444
2426
2445
2427
2446
2428
2447
2429
2448
2430
2449
2431
2450
2432
2451
2433
2452
2434
2453
2435
2454
2436
2455
2437
2456
2438
2457
2439
2458
2459
2441
2460
14927
2442
2461
2443
2462
2444
2463
2445
2464
2446
2465
2447
2466
2448
2467
2449
2468
2450
2469
2451
2470
2452
2471
2453
2472
2454
2473
2455
2474
2456
2475
2457
2476
2458
2477
2459
2478
2479
2461
2480
14926
2462
2481
2463
2482
2464
2483
2465
2484
2466
2485
2467
2486
2468
2487
2469
2488
2470
2489
2471
2490
2472
2491
2473
2492
2474
2493
2475
2494
2476
2495
2477
2496
2478
2497
2479
2498
2499
2481
2500
14925
2482
2501
2483
2502
2484
2503
2485
2504
2486
2505
2487
2506
2488
2507
2489
2508
2490
2509
2491
2510
2492
2511
2493
2512
2494
2513
2495
2514
2496
2515
2497
2516
2498
2517
2499
2518
2519
2501
2520
14924
2502
2521
2503
2522
2504
2523
2505
2524
2506
2525
2507
2526
2508
2527
2509
2528
2510
2529
2511
2530
2512
2531
2513
2532
2514
2533
2515
2534
2516
2535
2517
2536
2518
2537
2519
2538
2539
2521
2540
14923
2522
2541
2523
2542
2524
2543
2525
2544
2526
2545
2527
2546
2528
2547
2529
2548
2530
2549
2531
2550
2532
2551
2533
2552
2534
2553
2535
2554
2536
2555
2537
2556
2538
2557
2539
2558
2559
2541
2560
14922
2542
2561
2543
2562
2544
2563
2545
2564
2546
2565
2547
2566
2548
2567
2549
2568
2550
2569
2551
2570
2552
2571
2553
2572
2554
2573
2555
2574
2556
2575
2557
2576
2558
2577
2559
2578
2579
2561
2580
14921
2562
2581
2563
2582
2564
2583
2565
2584
2566
2585
2567
2586
2568
2587
2569
2588
2570
2589
2571
2590
2572
2591
2573
2592
2574
2593
2575
2594
2576
2595
2577
2596
2578
2597
2579
2598
2599
2581
2600
14920
2582
2601
2583
2602
2584
2603
2585
2604
2586
2605
2587
2606
2588
2607
2589
2608
2590
2609
2591
2610
2592
2611
2593
2612
2594
2613
2595
2614
2596
2615
2597
2616
2598
2617
2599
2618
2619
2601
2620
14919
2602
2621
2603
2622
2604
2623
2605
2624
2606
2625
2607
2626
2608
2627
2609
2628
2610
2629
2611
2630
2612
2631
2613
2632
2614
2633
2615
2634
2616
2635
2617
2636
2618
2637
2619
2638
2639
2621
2640
14918
2622
2641
2623
2642
2624
2643
2625
2644
2626
2645
2627
2646
2628
2647
2629
2648
2630
2649
2631
2650
2632
2651
2633
2652
2634
2653
2635
2654
2636
2655
2637
2656
2638
2657
2639
2658
2659
2641
2660
14917
2642
2661
2643
2662
2644
2663
2645
2664
2646
2665
2647
2666
2648
2667
2649
2668
2650
2669
2651
2670
2652
2671
2653
2672
2654
2673
2655
2674
2656
2675
2657
2676
2658
2677
2659
2678
2679
2661
2680
14916
2662
2681
2663
2682
2664
2683
2665
2684
2666
2685
2667
2686
2668
2687
2669
2688
2670
2689
2671
2690
2672
2691
2673
2692
2674
2693
2675
2694
2676
2695
2677
2696
2678
2697
2679
2698
2699
2681
2700
14915
2682
2701
2683
2702
2684
2703
2685
2704
2686
2705
2687
2706
2688
2707
2689
2708
2690
2709
2691
2710
2692
2711
2693
2712
2694
2713
2695
2714
2696
2715
2697
2716
2698
2717
2699
2718
2719
2701
2720
14914
2702
2721
2703
2722
2704
2723
2705
2724
2706
2725
2707
2726
2708
2727
2709
2728
2710
2729
2711
2730
2712
2731
2713
2732
2714
2733
2715
2734
2716
2735
2717
2736
2718
2737
2719
2738
2739
2721
2740
14913
2722
2741
2723
2742
2724
2743
2725
2744
2726
2745
2727
2746
2728
2747
2729
2748
2730
2749
2731
2750
2732
2751
2733
2752
2734
2753
2735
2754
2736
2755
2737
2756
2738
2757
2739
2758
2759
2741
2760
14912
2742
2761
2743
2762
2744
2763
2745
2764
2746
2765
2747
2766
2748
2767
2749
2768
2750
2769
2751
2770
2752
2771
2753
2772
2754
2773
2755
2774
2756
2775
2757
2776
2758
2777
2759
2778
2779
2761
2780
14911
2762
2781
2763
2782
2764
2783
2765
2784
2766
2785
2767
2786
2768
2787
2769
2788
2770
2789
2771
2790
2772
2791
2773
2792
2774
2793
2775
2794
2776
2795
2777
2796
2778
2797
2779
2798
2799
2781
2800
14910
2782
2801
2783
2802
2784
2803
2785
2804
2786
2805
2787
2806
2788
2807
2789
2808
2790
2809
2791
2810
2792
2811
2793
2812
2794
2813
2795
2814
2796
2815
2797
2816
2798
2817
2799
2818
2819
2801
2820
14909
2802
2821
2803
2822
2804
2823
2805
2824
2806
2825
2807
2826
2808
2827
2809
2828
2810
2829
2811
2830
2812
2831
2813
2832
2814
2833
2815
2834
2816
2835
2817
2836
2818
2837
2819
2838
2839
2821
2840
14908
2822
2841
2823
2842
2824
2843
2825
2844
2826
2845
2827
2846
2828
2847
2829
2848
2830
2849
2831
2850
2832
2851
2833
2852
2834
2853
2835
2854
2836
2855
2837
2856
2838
2857
2839
2858
2859
2841
2860
14907
2842
2861
2843
2862
2844
2863
2845
2864
2846
2865
2847
2866
2848
2867
2849
2868
2850
2869
2851
2870
2852
2871
2853
2872
2854
2873
2855
2874
2856
2875
2857
2876
2858
2877
2859
2878
2879
2861
2880
14906
2862
2881
2863
2882
2864
2883
2865
2884
2866
2885
2867
2886
2868
2887
2869
2888
2870
2889
2871
2890
2872
2891
2873
2892
2874
2893
2875
2894
2876
2895
2877
2896
2878
2897
2879
2898
2899
2881
2900
14905
2882
2901
2883
2902
2884
2903
2885
2904
2886
2905
2887
2906
2888
2907
2889
2908
2890
2909
2891
2910
2892
2911
2893
2912
2894
2913
2895
2914
2896
2915
2897
2916
2898
2917
2899
2918
2919
2901
2920
14904
2902
2921
2903
2922
2904
2923
2905
2924
2906
2925
2907
2926
2908
2927
2909
2928
2910
2929
2911
2930
2912
2931
2913
2932
2914
2933
2915
2934
2916
2935
2917
2936
2918
2937
2919
2938
2939
2921
2940
14903
2922
2941
2923
2942
2924
2943
2925
2944
2926
2945
2927
2946
2928
2947
2929
2948
2930
2949
2931
2950
2932
2951
2933
2952
2934
2953
2935
2954
2936
2955
2937
2956
2938
2957
2939
2958
2959
2941
2960
14902
2942
2961
2943
2962
2944
2963
2945
2964
2946
2965
2947
2966
2948
2967
2949
2968
2950
2969
2951
2970
2952
2971
2953
2972
2954
2973
2955
2974
2956
2975
2957
2976
2958
2977
2959
2978
2979
2961
2980
14901
2962
2981
2963
2982
2964
2983
2965
2984
2966
2985
2967
2986
2968
2987
2969
2988
2970
2989
2971
2990
2972
2991
2973
2992
2974
2993
2975
2994
2976
2995
2977
2996
2978
2997
2979
2998
2999
2981
3000
14900
2982
3001
2983
3002
2984
3003
2985
3004
2986
3005
2987
3006
2988
3007
2989
3008
2990
3009
2991
3010
2992
3011
2993
3012
2994
3013
2995
3014
2996
3015
2997
3016
2998
3017
2999
3018
3019
3001
3020
14899
3002
3021
3003
3022
3004
3023
3005
3024
3006
3025
3007
3026
3008
3027
3009
3028
3010
3029
3011
3030
3012
3031
3013
3032
3014
3033
3015
3034
3016
3035
3017
3036
3018
3037
3019
3038
3039
3021
3040
14898
3022
3041
3023
3042
3024
3043
3025
3044
3026
3045
3027
3046
3028
3047
3029
3048
3030
3049
3031
3050
3032
3051
3033
3052
3034
3053
3035
3054
3036
3055
3037
3056
3038
3057
3039
3058
3059
3041
3060
14897
3042
3061
3043
3062
3044
3063
3045
3064
3046
3065
3047
3066
3048
3067
3049
3068
3050
3069
3051
3070
3052
3071
3053
3072
3054
3073
3055
3074
3056
3075
3057
3076
3058
3077
3059
3078
3079
3061
3080
14896
3062
3081
3063
3082
3064
3083
3065
3084
3066
3085
3067
3086
3068
3087
3069
3088
3070
3089
3071
3090
3072
3091
3073
3092
3074
3093
3075
3094
3076
3095
3077
3096
3078
3097
3079
3098
3099
3081
3100
14895
3082
3101
3083
3102
3084
3103
3085
3104
3086
3105
3087
3106
3088
3107
3089
3108
3090
3109
3091
3110
3092
3111
3093
3112
3094
3113
3095
3114
3096
3115
3097
3116
3098
3117
3099
3118
3119
3101
3120
14894
3102
3121
3103
3122
3104
3123
3105
3124
3106
3125
3107
3126
3108
3127
3109
3128
3110
3129
3111
3130
3112
3131
3113
3132
3114
3133
3115
3134
3116
3135
3117
3136
3118
3137
3119
3138
3139
3121
3140
14893
3122
3141
3123
3142
3124
3143
3125
3144
3126
3145
3127
3146
3128
3147
3129
3148
3130
3149
3131
3150
3132
3151
3133
3152
3134
3153
3135
3154
3136
3155
3137
3156
3138
3157
3139
3158
3159
3141
3160
14892
3142
3161
3143
3162
3144
3163
3145
3164
3146
3165
3147
3166
3148
3167
3149
3168
3150
3169
3151
3170
3152
3171
3153
3172
3154
3173
3155
3174
3156
3175
3157
3176
3158
3177
3159
3178
3179
3161
3180
14891
3162
3181
3163
3182
3164
3183
3165
3184
3166
3185
3167
3186
3168
3187
3169
3188
3170
3189
3171
3190
3172
3191
3173
3192
3174
3193
3175
3194
3176
3195
3177
3196
3178
3197
3179
3198
3199
3181
3200
14890
3182
3201
3183
3202
3184
3203
3185
3204
3186
3205
3187
3206
3188
3207
3189
3208
3190
3209
3191
3210
3192
3211
3193
3212
3194
3213
3195
3214
3196
3215
3197
3216
3198
3217
3199
3218
3219
3201
3220
14889
3202
3221
3203
3222
3204
3223
3205
3224
3206
3225
3207
3226
3208
3227
3209
3228
3210
3229
3211
3230
3212
3231
3213
3232
3214
3233
3215
3234
3216
3235
3217
3236
3218
3237
3219
3238
3239
3221
3240
14888
3222
3241
3223
3242
3224
3243
3225
3244
3226
3245
3227
3246
3228
3247
3229
3248
3230
3249
3231
3250
3232
3251
3233
3252
3234
3253
3235
3254
3236
3255
3237
3256
3238
3257
3239
3258
3259
3241
3260
14887
3242
3261
3243
3262
3244
3263
3245
3264
3246
3265
3247
3266
3248
3267
3249
3268
3250
3269
3251
3270
3252
3271
3253
3272
3254
3273
3255
3274
3256
3275
3257
3276
3258
3277
3259
3278
3279
3261
3280
14886
3262
3281
3263
3282
3264
3283
3265
3284
3266
3285
3267
3286
3268
3287
3269
3288
3270
3289
3271
3290
3272
3291
3273
3292
3274
3293
3275
3294
3276
3295
3277
3296
3278
3297
3279
3298
3299
3281
3300
14885
3282
3301
3283
3302
3284
3303
3285
3304
3286
3305
3287
3306
3288
3307
3289
3308
3290
3309
3291
3310
3292
3311
3293
3312
3294
3313
3295
3314
3296
3315
3297
3316
3298
3317
3299
3318
3319
3301
3320
14884
3302
3321
3303
3322
3304
3323
3305
3324
3306
3325
3307
3326
3308
3327
3309
3328
3310
3329
3311
3330
3312
3331
3313
3332
3314
3333
3315
3334
3316
3335
3317
3336
3318
3337
3319
3338
3339
3321
3340
14883
3322
3341
3323
3342
3324
3343
3325
3344
3326
3345
3327
3346
3328
3347
3329
3348
3330
3349
3331
3350
3332
3351
3333
3352
3334
3353
3335
3354
3336
3355
3337
3356
3338
3357
3339
3358
3359
3341
3360
14882
3342
3361
3343
3362
3344
3363
3345
3364
3346
3365
3347
3366
3348
3367
3349
3368
3350
3369
3351
3370
3352
3371
3353
3372
3354
3373
3355
3374
3356
3375
3357
3376
3358
3377
3359
3378
3379
3361
3380
14881
3362
3381
3363
3382
3364
3383
3365
3384
3366
3385
3367
3386
3368
3387
3369
3388
3370
3389
3371
3390
3372
3391
3373
3392
3374
3393
3375
3394
3376
3395
3377
3396
3378
3397
3379
3398
3399
3381
3400
14880
3382
3401
3383
3402
3384
3403
3385
3404
3386
3405
3387
3406
3388
3407
3389
3408
3390
3409
3391
3410
3392
3411
3393
3412
3394
3413
3395
3414
3396
3415
3397
3416
3398
3417
3399
3418
3419
3401
3420
14879
3402
3421
3403
3422
3404
3423
3405
3424
3406
3425
3407
3426
3408
3427
3409
3428
3410
3429
3411
3430
3412
3431
3413
3432
3414
3433
3415
3434
3416
3435
3417
3436
3418
3437
3419
3438
3439
3421
3440
14878
3422
3441
3423
3442
3424
3443
3425
3444
3426
3445
3427
3446
3428
3447
3429
3448
3430
3449
3431
3450
3432
3451
3433
3452
3434
3453
3435
3454
3436
3455
3437
3456
3438
3457
3439
3458
3459
3441
3460
14877
3442
3461
3443
3462
3444
3463
3445
3464
3446
3465
3447
3466
3448
3467
3449
3468
3450
3469
3451
3470
3452
3471
3453
3472
3454
3473
3455
3474
3456
3475
3457
3476
3458
3477
3459
3478
3479
3461
3480
14876
3462
3481
3463
3482
3464
3483
3465
3484
3466
3485
3467
3486
3468
3487
3469
3488
3470
3489
3471
3490
3472
3491
3473
3492
3474
3493
3475
3494
3476
3495
3477
3496
3478
3497
3479
3498
3499
3481
3500
14875
3482
3501
3483
3502
3484
3503
3485
3504
3486
3505
3487
3506
3488
3507
3489
3508
3490
3509
3491
3510
3492
3511
3493
3512
3494
3513
3495
3514
3496
3515
3497
3516
3498
3517
3499
3518
3519
3501
3520
14874
3502
3521
3503
3522
3504
3523
3505
3524
3506
3525
3507
3526
3508
3527
3509
3528
3510
3529
3511
3530
3512
3531
3513
3532
3514
3533
3515
3534
3516
3535
3517
3536
3518
3537
3519
3538
3539
3521
3540
14873
3522
3541
3523
3542
3524
3543
3525
3544
3526
3545
3527
3546
3528
3547
3529
3548
3530
3549
3531
3550
3532
3551
3533
3552
3534
3553
3535
3554
3536
3555
3537
3556
3538
3557
3539
3558
3559
3541
3560
14872
3542
3561
3543
3562
3544
3563
3545
3564
3546
3565
3547
3566
3548
3567
3549
3568
3550
3569
3551
3570
3552
3571
3553
3572
3554
3573
3555
3574
3556
3575
3557
3576
3558
3577
3559
3578
3579
3561
3580
14871
3562
3581
3563
3582
3564
3583
3565
3584
3566
3585
3567
3586
3568
3587
3569
3588
3570
3589
3571
3590
3572
3591
3573
3592
3574
3593
3575
3594
3576
3595
3577
3596
3578
3597
3579
3598
3599
3581
3600
14870
3582
3601
3583
3602
3584
3603
3585
3604
3586
3605
3587
3606
3588
3607
3589
3608
3590
3609
3591
3610
3592
3611
3593
3612
3594
3613
3595
3614
3596
3615
3597
3616
3598
3617
3599
3618
3619
3601
3620
14869
3602
3621
3603
3622
3604
3623
3605
3624
3606
3625
3607
3626
3608
3627
3609
3628
3610
3629
3611
3630
3612
3631
3613
3632
3614
3633
3615
3634
3616
3635
3617
3636
3618
3637
3619
3638
3639
3621
3640
14868
3622
3641
3623
3642
3624
3643
3625
3644
3626
3645
3627
3646
3628
3647
3629
3648
3630
3649
3631
3650
3632
3651
3633
3652
3634
3653
3635
3654
3636
3655
3637
3656
3638
3657
3639
3658
3659
3641
3660
14867
3642
3661
3643
3662
3644
3663
3645
3664
3646
3665
3647
3666
3648
3667
3649
3668
3650
3669
3651
3670
3652
3671
3653
3672
3654
3673
3655
3674
3656
3675
3657
3676
3658
3677
3659
3678
3679
3661
3680
14866
3662
3681
3663
3682
3664
3683
3665
3684
3666
3685
3667
3686
3668
3687
3669
3688
3670
3689
3671
3690
3672
3691
3673
3692
3674
3693
3675
3694
3676
3695
3677
3696
3678
3697
3679
3698
3699
3681
3700
14865
3682
3701
3683
3702
3684
3703
3685
3704
3686
3705
3687
3706
3688
3707
3689
3708
3690
3709
3691
3710
3692
3711
3693
3712
3694
3713
3695
3714
3696
3715
3697
3716
3698
3717
3699
3718
3719
3701
3720
14864
3702
3721
3703
3722
3704
3723
3705
3724
3706
3725
3707
3726
3708
3727
3709
3728
3710
3729
3711
3730
3712
3731
3713
3732
3714
3733
3715
3734
3716
3735
3717
3736
3718
3737
3719
3738
3739
3721
3740
14863
3722
3741
3723
3742
3724
3743
3725
3744
3726
3745
3727
3746
3728
3747
3729
3748
3730
3749
3731
3750
3732
3751
3733
3752
3734
3753
3735
3754
3736
3755
3737
3756
3738
3757
3739
3758
3759
3741
3760
14862
3742
3761
3743
3762
3744
3763
3745
3764
3746
3765
3747
3766
3748
3767
3749
3768
3750
3769
3751
3770
3752
3771
3753
3772
3754
3773
3755
3774
3756
3775
3757
3776
3758
3777
3759
3778
3779
3761
3780
14861
3762
3781
3763
3782
3764
3783
3765
3784
3766
3785
3767
3786
3768
3787
3769
3788
3770
3789
3771
3790
3772
3791
3773
3792
3774
3793
3775
3794
3776
3795
3777
3796
3778
3797
3779
3798
3799
3781
3800
14860
3782
3801
3783
3802
3784
3803
3785
3804
3786
3805
3787
3806
3788
3807
3789
3808
3790
3809
3791
3810
3792
3811
3793
3812
3794
3813
3795
3814
3796
3815
3797
3816
3798
3817
3799
3818
3819
3801
3820
14859
3802
3821
3803
3822
3804
3823
3805
3824
3806
3825
3807
3826
3808
3827
3809
3828
3810
3829
3811
3830
3812
3831
3813
3832
3814
3833
3815
3834
3816
3835
3817
3836
3818
3837
3819
3838
3839
3821
3840
14858
3822
3841
3823
3842
3824
3843
3825
3844
3826
3845
3827
3846
3828
3847
3829
3848
3830
3849
3831
3850
3832
3851
3833
3852
3834
3853
3835
3854
3836
3855
3837
3856
3838
3857
3839
3858
3859
3841
3860
14857
3842
3861
3843
3862
3844
3863
3845
3864
3846
3865
3847
3866
3848
3867
3849
3868
3850
3869
3851
3870
3852
3871
3853
3872
3854
3873
3855
3874
3856
3875
3857
3876
3858
3877
3859
3878
3879
3861
3880
14856
3862
3881
3863
3882
3864
3883
3865
3884
3866
3885
3867
3886
3868
3887
3869
3888
3870
3889
3871
3890
3872
3891
3873
3892
3874
3893
3875
3894
3876
3895
3877
3896
3878
3897
3879
3898
3899
3881
3900
14855
3882
3901
3883
3902
3884
3903
3885
3904
3886
3905
3887
3906
3888
3907
3889
3908
3890
3909
3891
3910
3892
3911
3893
3912
3894
3913
3895
3914
3896
3915
3897
3916
3898
3917
3899
3918
3919
3901
3920
14854
3902
3921
3903
3922
3904
3923
3905
3924
3906
3925
3907
3926
3908
3927
3909
3928
3910
3929
3911
3930
3912
3931
3913
3932
3914
3933
3915
3934
3916
3935
3917
3936
3918
3937
3919
3938
3939
3921
3940
14853
3922
3941
3923
3942
3924
3943
3925
3944
3926
3945
3927
3946
3928
3947
3929
3948
3930
3949
3931
3950
3932
3951
3933
3952
3934
3953
3935
3954
3936
3955
3937
3956
3938
3957
3939
3958
3959
3941
3960
14852
3942
3961
3943
3962
3944
3963
3945
3964
3946
3965
3947
3966
3948
3967
3949
3968
3950
3969
3951
3970
3952
3971
3953
3972
3954
3973
3955
3974
3956
3975
3957
3976
3958
3977
3959
3978
3979
3961
3980
14851
3962
3981
3963
3982
3964
3983
3965
3984
3966
3985
3967
3986
3968
3987
3969
3988
3970
3989
3971
3990
3972
3991
3973
3992
3974
3993
3975
3994
3976
3995
3977
3996
3978
3997
3979
3998
3999
3981
4000
14850
3982
4001
3983
4002
3984
4003
3985
4004
3986
4005
3987
4006
3988
4007
3989
4008
3990
4009
3991
4010
3992
4011
3993
4012
3994
4013
3995
4014
3996
4015
3997
4016
3998
4017
3999
4018
4019
4001
4020
14849
4002
4021
4003
4022
4004
4023
4005
4024
4006
4025
4007
4026
4008
4027
4009
4028
4010
4029
4011
4030
4012
4031
4013
4032
4014
4033
4015
4034
4016
4035
4017
4036
4018
4037
4019
4038
4039
4021
4040
14848
4022
4041
4023
4042
4024
4043
4025
4044
4026
4045
4027
4046
4028
4047
4029
4048
4030
4049
4031
4050
4032
4051
4033
4052
4034
4053
4035
4054
4036
4055
4037
4056
4038
4057
4039
4058
4059
4041
4060
14847
4042
4061
4043
4062
4044
4063
4045
4064
4046
4065
4047
4066
4048
4067
4049
4068
4050
4069
4051
4070
4052
4071
4053
4072
4054
4073
4055
4074
4056
4075
4057
4076
4058
4077
4059
4078
4079
4061
4080
14846
4062
4081
4063
4082
4064
4083
4065
4084
4066
4085
4067
4086
4068
4087
4069
4088
4070
4089
4071
4090
4072
4091
4073
4092
4074
4093
4075
4094
4076
4095
4077
4096
4078
4097
4079
4098
4099
4081
4100
14845
4082
4101
4083
4102
4084
4103
4085
4104
4086
4105
4087
4106
4088
4107
4089
4108
4090
4109
4091
4110
4092
4111
4093
4112
4094
4113
4095
4114
4096
4115
4097
4116
4098
4117
4099
4118
4119
4101
4120
14844
4102
4121
4103
4122
4104
4123
4105
4124
4106
4125
4107
4126
4108
4127
4109
4128
4110
4129
4111
4130
4112
4131
4113
4132
4114
4133
4115
4134
4116
4135
4117
4136
4118
4137
4119
4138
4139
4121
4140
14843
4122
4141
4123
4142
4124
4143
4125
4144
4126
4145
4127
4146
4128
4147
4129
4148
4130
4149
4131
4150
4132
4151
4133
4152
4134
4153
4135
4154
4136
4155
4137
4156
4138
4157
4139
4158
4159
4141
4160
14842
4142
4161
4143
4162
4144
4163
4145
4164
4146
4165
4147
4166
4148
4167
4149
4168
4150
4169
4151
4170
4152
4171
4153
4172
4154
4173
4155
4174
4156
4175
4157
4176
4158
4177
4159
4178
4179
4161
4180
14841
4162
4181
4163
4182
4164
4183
4165
4184
4166
4185
4167
4186
4168
4187
4169
4188
4170
4189
4171
4190
4172
4191
4173
4192
4174
4193
4175
4194
4176
4195
4177
4196
4178
4197
4179
4198
4199
4181
4200
14840
4182
4201
4183
4202
4184
4203
4185
4204
4186
4205
4187
4206
4188
4207
4189
4208
4190
4209
4191
4210
4192
4211
4193
4212
4194
4213
4195
4214
4196
4215
4197
4216
4198
4217
4199
4218
4219
4201
4220
14839
4202
4221
4203
4222
4204
4223
4205
4224
4206
4225
4207
4226
4208
4227
4209
4228
4210
4229
4211
4230
4212
4231
4213
4232
4214
4233
4215
4234
4216
4235
4217
4236
4218
4237
4219
4238
4239
4221
4240
14838
4222
4241
4223
4242
4224
4243
4225
4244
4226
4245
4227
4246
4228
4247
4229
4248
4230
4249
4231
4250
4232
4251
4233
4252
4234
4253
4235
4254
4236
4255
4237
4256
4238
4257
4239
4258
4259
4241
4260
14837
4242
4261
4243
4262
4244
4263
4245
4264
4246
4265
4247
4266
4248
4267
4249
4268
4250
4269
4251
4270
4252
4271
4253
4272
4254
4273
4255
4274
4256
4275
4257
4276
4258
4277
4259
4278
4279
4261
4280
14836
4262
4281
4263
4282
4264
4283
4265
4284
4266
4285
4267
4286
4268
4287
4269
4288
4270
4289
4271
4290
4272
4291
4273
4292
4274
4293
4275
4294
4276
4295
4277
4296
4278
4297
4279
4298
4299
4281
4300
14835
4282
4301
4283
4302
4284
4303
4285
4304
4286
4305
4287
4306
4288
4307
4289
4308
4290
4309
4291
4310
4292
4311
4293
4312
4294
4313
4295
4314
4296
4315
4297
4316
4298
4317
4299
4318
4319
4301
4320
14834
4302
4321
4303
4322
4304
4323
4305
4324
4306
4325
4307
4326
4308
4327
4309
4328
4310
4329
4311
4330
4312
4331
4313
4332
4314
4333
4315
4334
4316
4335
4317
4336
4318
4337
4319
4338
4339
4321
4340
14833
4322
4341
4323
4342
4324
4343
4325
4344
4326
4345
4327
4346
4328
4347
4329
4348
4330
4349
4331
4350
4332
4351
4333
4352
4334
4353
4335
4354
4336
4355
4337
4356
4338
4357
4339
4358
4359
4341
4360
14832
4342
4361
4343
4362
4344
4363
4345
4364
4346
4365
4347
4366
4348
4367
4349
4368
4350
4369
4351
4370
4352
4371
4353
4372
4354
4373
4355
4374
4356
4375
4357
4376
4358
4377
4359
4378
4379
4361
4380
14831
4362
4381
4363
4382
4364
4383
4365
4384
4366
4385
4367
4386
4368
4387
4369
4388
4370
4389
4371
4390
4372
4391
4373
4392
4374
4393
4375
4394
4376
4395
4377
4396
4378
4397
4379
4398
4399
4381
4400
14830
4382
4401
4383
4402
4384
4403
4385
4404
4386
4405
4387
4406
4388
4407
4389
4408
4390
4409
4391
4410
4392
4411
4393
4412
4394
4413
4395
4414
4396
4415
4397
4416
4398
4417
4399
4418
4419
4401
4420
14829
4402
4421
4403
4422
4404
4423
4405
4424
4406
4425
4407
4426
4408
4427
4409
4428
4410
4429
4411
4430
4412
4431
4413
4432
4414
4433
4415
4434
4416
4435
4417
4436
4418
4437
4419
4438
4439
4421
4440
14828
4422
4441
4423
4442
4424
4443
4425
4444
4426
4445
4427
4446
4428
4447
4429
4448
4430
4449
4431
4450
4432
4451
4433
4452
4434
4453
4435
4454
4436
4455
4437
4456
4438
4457
4439
4458
4459
4441
4460
14827
4442
4461
4443
4462
4444
4463
4445
4464
4446
4465
4447
4466
4448
4467
4449
4468
4450
4469
4451
4470
4452
4471
4453
4472
4454
4473
4455
4474
4456
4475
4457
4476
4458
4477
4459
4478
4479
4461
4480
14826
4462
4481
4463
4482
4464
4483
4465
4484
4466
4485
4467
4486
4468
4487
4469
4488
4470
4489
4471
4490
4472
4491
4473
4492
4474
4493
4475
4494
4476
4495
4477
4496
4478
4497
4479
4498
4499
4481
4500
14825
4482
4501
4483
4502
4484
4503
4485
4504
4486
4505
4487
4506
4488
4507
4489
4508
4490
4509
4491
4510
4492
4511
4493
4512
4494
4513
4495
4514
4496
4515
4497
4516
4498
4517
4499
4518
4519
4501
4520
14824
4502
4521
4503
4522
4504
4523
4505
4524
4506
4525
4507
4526
4508
4527
4509
4528
4510
4529
4511
4530
4512
4531
4513
4532
4514
4533
4515
4534
4516
4535
4517
4536
4518
4537
4519
4538
4539
4521
4540
14823
4522
4541
4523
4542
4524
4543
4525
4544
4526
4545
4527
4546
4528
4547
4529
4548
4530
4549
4531
4550
4532
4551
4533
4552
4534
4553
4535
4554
4536
4555
4537
4556
4538
4557
4539
4558
4559
4541
4560
14822
4542
4561
4543
4562
4544
4563
4545
4564
4546
4565
4547
4566
4548
4567
4549
4568
4550
4569
4551
4570
4552
4571
4553
4572
4554
4573
4555
4574
4556
4575
4557
4576
4558
4577
4559
4578
4579
4561
4580
14821
4562
4581
4563
4582
4564
4583
4565
4584
4566
4585
4567
4586
4568
4587
4569
4588
4570
4589
4571
4590
4572
4591
4573
4592
4574
4593
4575
4594
4576
4595
4577
4596
4578
4597
4579
4598
4599
4581
4600
14820
4582
4601
4583
4602
4584
4603
4585
4604
4586
4605
4587
4606
4588
4607
4589
4608
4590
4609
4591
4610
4592
4611
4593
4612
4594
4613
4595
4614
4596
4615
4597
4616
4598
4617
4599
4618
4619
4601
4620
14819
4602
4621
4603
4622
4604
4623
4605
4624
4606
4625
4607
4626
4608
4627
4609
4628
4610
4629
4611
4630
4612
4631
4613
4632
4614
4633
4615
4634
4616
4635
4617
4636
4618
4637
4619
4638
4639
4621
4640
14818
4622
4641
4623
4642
4624
4643
4625
4644
4626
4645
4627
4646
4628
4647
4629
4648
4630
4649
4631
4650
4632
4651
4633
4652
4634
4653
4635
4654
4636
4655
4637
4656
4638
4657
4639
4658
4659
4641
4660
14817
4642
4661
4643
4662
4644
4663
4645
4664
4646
4665
4647
4666
4648
4667
4649
4668
4650
4669
4651
4670
4652
4671
4653
4672
4654
4673
4655
4674
4656
4675
4657
4676
4658
4677
4659
4678
4679
4661
4680
14816
4662
4681
4663
4682
4664
4683
4665
4684
4666
4685
4667
4686
4668
4687
4669
4688
4670
4689
4671
4690
4672
4691
4673
4692
4674
4693
4675
4694
4676
4695
4677
4696
4678
4697
4679
4698
4699
4681
4700
14815
4682
4701
4683
4702
4684
4703
4685
4704
4686
4705
4687
4706
4688
4707
4689
4708
4690
4709
4691
4710
4692
4711
4693
4712
4694
4713
4695
4714
4696
4715
4697
4716
4698
4717
4699
4718
4719
4701
4720
14814
4702
4721
4703
4722
4704
4723
4705
4724
4706
4725
4707
4726
4708
4727
4709
4728
4710
4729
4711
4730
4712
4731
4713
4732
4714
4733
4715
4734
4716
4735
4717
4736
4718
4737
4719
4738
4739
4721
4740
14813
4722
4741
4723
4742
4724
4743
4725
4744
4726
4745
4727
4746
4728
4747
4729
4748
4730
4749
4731
4750
4732
4751
4733
4752
4734
4753
4735
4754
4736
4755
4737
4756
4738
4757
4739
4758
4759
4741
4760
14812
4742
4761
4743
4762
4744
4763
4745
4764
4746
4765
4747
4766
4748
4767
4749
4768
4750
4769
4751
4770
4752
4771
4753
4772
4754
4773
4755
4774
4756
4775
4757
4776
4758
4777
4759
4778
4779
4761
4780
14811
4762
4781
4763
4782
4764
4783
4765
4784
4766
4785
4767
4786
4768
4787
4769
4788
4770
4789
4771
4790
4772
4791
4773
4792
4774
4793
4775
4794
4776
4795
4777
4796
4778
4797
4779
4798
4799
4781
4800
14810
4782
4801
4783
4802
4784
4803
4785
4804
4786
4805
4787
4806
4788
4807
4789
4808
4790
4809
4791
4810
4792
4811
4793
4812
4794
4813
4795
4814
4796
4815
4797
4816
4798
4817
4799
4818
4819
4801
4820
14809
4802
4821
4803
4822
4804
4823
4805
4824
4806
4825
4807
4826
4808
4827
4809
4828
4810
4829
4811
4830
4812
4831
4813
4832
4814
4833
4815
4834
4816
4835
4817
4836
4818
4837
4819
4838
4839
4821
4840
14808
4822
4841
4823
4842
4824
4843
4825
4844
4826
4845
4827
4846
4828
4847
4829
4848
4830
4849
4831
4850
4832
4851
4833
4852
4834
4853
4835
4854
4836
4855
4837
4856
4838
4857
4839
4858
4859
4841
4860
14807
4842
4861
4843
4862
4844
4863
4845
4864
4846
4865
4847
4866
4848
4867
4849
4868
4850
4869
4851
4870
4852
4871
4853
4872
4854
4873
4855
4874
4856
4875
4857
4876
4858
4877
4859
4878
4879
4861
4880
14806
4862
4881
4863
4882
4864
4883
4865
4884
4866
4885
4867
4886
4868
4887
4869
4888
4870
4889
4871
4890
4872
4891
4873
4892
4874
4893
4875
4894
4876
4895
4877
4896
4878
4897
4879
4898
4899
4881
4900
14805
4882
4901
4883
4902
4884
4903
4885
4904
4886
4905
4887
4906
4888
4907
4889
4908
4890
4909
4891
4910
4892
4911
4893
4912
4894
4913
4895
4914
4896
4915
4897
4916
4898
4917
4899
4918
4919
4901
4920
14804
4902
4921
4903
4922
4904
4923
4905
4924
4906
4925
4907
4926
4908
4927
4909
4928
4910
4929
4911
4930
4912
4931
4913
4932
4914
4933
4915
4934
4916
4935
4917
4936
4918
4937
4919
4938
4939
4921
4940
14803
4922
4941
4923
4942
4924
4943
4925
4944
4926
4945
4927
4946
4928
4947
4929
4948
4930
4949
4931
4950
4932
4951
4933
4952
4934
4953
4935
4954
4936
4955
4937
4956
4938
4957
4939
4958
4959
4941
4960
14802
4942
4961
4943
4962
4944
4963
4945
4964
4946
4965
4947
4966
4948
4967
4949
4968
4950
4969
4951
4970
4952
4971
4953
4972
4954
4973
4955
4974
4956
4975
4957
4976
4958
4977
4959
4978
4979
4961
4980
14801
4962
4981
4963
4982
4964
4983
4965
4984
4966
4985
4967
4986
4968
4987
4969
4988
4970
4989
4971
4990
4972
4991
4973
4992
4974
4993
4975
4994
4976
4995
4977
4996
4978
4997
4979
4998
4999
4981
14800
4982
4983
4984
4985
4986
4987
4988
4989
4990
4991
4992
4993
4994
4995
4996
4997
4998
4999
5001
5040
5002
5041
5003
5042
5004
5043
5005
5044
5006
5045
5007
5046
5008
5047
5009
5048
5010
5049
5011
5050
5012
5051
5013
5052
5014
5053
5015
5054
5016
5055
5017
5056
5018
5057
5019
5058
5020
5059
5021
5060
5022
5061
5023
5062
5024
5063
5025
5064
5026
5065
5027
5066
5028
5067
5029
5068
5030
5069
5031
5070
5032
5071
5033
5072
5034
5073
5035
5074
5036
5075
5037
5076
5038
5077
5039
5078
5079
5041
5080
5042
5081
5043
5082
5044
5083
5045
5084
5046
5085
5047
5086
5048
5087
5049
5088
5050
5089
5051
5090
5052
5091
5053
5092
5054
5093
5055
5094
5056
5095
5057
5096
5058
5097
5059
5098
5060
5099
5061
5100
5062
5101
5063
5102
5064
5103
5065
5104
5066
5105
5067
5106
5068
5107
5069
5108
5070
5109
5071
5110
5072
5111
5073
5112
5074
5113
5075
5114
5076
5115
5077
5116
5078
5117
5079
5118
5119
5081
5120
5082
5121
5083
5122
5084
5123
5085
5124
5086
5125
5087
5126
5088
5127
5089
5128
5090
5129
5091
5130
5092
5131
5093
5132
5094
5133
5095
5134
5096
5135
5097
5136
5098
5137
5099
5138
5100
5139
5101
5140
5102
5141
5103
5142
5104
5143
5105
5144
5106
5145
5107
5146
5108
5147
5109
5148
5110
5149
5111
5150
5112
5151
5113
5152
5114
5153
5115
5154
5116
5155
5117
5156
5118
5157
5119
5158
5159
5121
5160
5122
5161
5123
5162
5124
5163
5125
5164
5126
5165
5127
5166
5128
5167
5129
5168
5130
5169
5131
5170
5132
5171
5133
5172
5134
5173
5135
5174
5136
5175
5137
5176
5138
5177
5139
5178
5140
5179
5141
5180
5142
5181
5143
5182
5144
5183
5145
5184
5146
5185
5147
5186
5148
5187
5149
5188
5150
5189
5151
5190
5152
5191
5153
5192
5154
5193
5155
5194
5156
5195
5157
5196
5158
5197
5159
5198
5199
5161
5200
5162
5201
5163
5202
5164
5203
5165
5204
5166
5205
5167
5206
5168
5207
5169
5208
5170
5209
5171
5210
5172
5211
5173
5212
5174
5213
5175
5214
5176
5215
5177
5216
5178
5217
5179
5218
5180
5219
5181
5220
5182
5221
5183
5222
5184
5223
5185
5224
5186
5225
5187
5226
5188
5227
5189
5228
5190
5229
5191
5230
5192
5231
5193
5232
5194
5233
5195
5234
5196
5235
5197
5236
5198
5237
5199
5238
5239
5201
5240
5202
5241
5203
5242
5204
5243
5205
5244
5206
5245
5207
5246
5208
5247
5209
5248
5210
5249
5211
5250
5212
5251
5213
5252
5214
5253
5215
5254
5216
5255
5217
5256
5218
5257
5219
5258
5220
5259
5221
5260
5222
5261
5223
5262
5224
5263
5225
5264
5226
5265
5227
5266
5228
5267
5229
5268
5230
5269
5231
5270
5232
5271
5233
5272
5234
5273
5235
5274
5236
5275
5237
5276
5238
5277
5239
5278
5279
5241
5280
5242
5281
5243
5282
5244
5283
5245
5284
5246
5285
5247
5286
5248
5287
5249
5288
5250
5289
5251
5290
5252
5291
5253
5292
5254
5293
5255
5294
5256
5295
5257
5296
5258
5297
5259
5298
5260
5299
5261
5300
5262
5301
5263
5302
5264
5303
5265
5304
5266
5305
5267
5306
5268
5307
5269
5308
5270
5309
5271
5310
5272
5311
5273
5312
5274
5313
5275
5314
5276
5315
5277
5316
5278
5317
5279
5318
5319
5281
5320
5282
5321
5283
5322
5284
5323
5285
5324
5286
5325
5287
5326
5288
5327
5289
5328
5290
5329
5291
5330
5292
5331
5293
5332
5294
5333
5295
5334
5296
5335
5297
5336
5298
5337
5299
5338
5300
5339
5301
5340
5302
5341
5303
5342
5304
5343
5305
5344
5306
5345
5307
5346
5308
5347
5309
5348
5310
5349
5311
5350
5312
5351
5313
5352
5314
5353
5315
5354
5316
5355
5317
5356
5318
5357
5319
5358
5359
5321
5360
5322
5361
5323
5362
5324
5363
5325
5364
5326
5365
5327
5366
5328
5367
5329
5368
5330
5369
5331
5370
5332
5371
5333
5372
5334
5373
5335
5374
5336
5375
5337
5376
5338
5377
5339
5378
5340
5379
5341
5380
5342
5381
5343
5382
5344
5383
5345
5384
5346
5385
5347
5386
5348
5387
5349
5388
5350
5389
5351
5390
5352
5391
5353
5392
5354
5393
5355
5394
5356
5395
5357
5396
5358
5397
5359
5398
5399
5361
5400
5362
5401
5363
5402
5364
5403
5365
5404
5366
5405
5367
5406
5368
5407
5369
5408
5370
5409
5371
5410
5372
5411
5373
5412
5374
5413
5375
5414
5376
5415
5377
5416
5378
5417
5379
5418
5380
5419
5381
5420
5382
5421
5383
5422
5384
5423
5385
5424
5386
5425
5387
5426
5388
5427
5389
5428
5390
5429
5391
5430
5392
5431
5393
5432
5394
5433
5395
5434
5396
5435
5397
5436
5398
5437
5399
5438
5439
5401
5440
5402
5441
5403
5442
5404
5443
5405
5444
5406
5445
5407
5446
5408
5447
5409
5448
5410
5449
5411
5450
5412
5451
5413
5452
5414
5453
5415
5454
5416
5455
5417
5456
5418
5457
5419
5458
5420
5459
5421
5460
5422
5461
5423
5462
5424
5463
5425
5464
5426
5465
5427
5466
5428
5467
5429
5468
5430
5469
5431
5470
5432
5471
5433
5472
5434
5473
5435
5474
5436
5475
5437
5476
5438
5477
5439
5478
5479
5441
5480
5442
5481
5443
5482
5444
5483
5445
5484
5446
5485
5447
5486
5448
5487
5449
5488
5450
5489
5451
5490
5452
5491
5453
5492
5454
5493
5455
5494
5456
5495
5457
5496
5458
5497
5459
5498
5460
5499
5461
5500
5462
5501
5463
5502
5464
5503
5465
5504
5466
5505
5467
5506
5468
5507
5469
5508
5470
5509
5471
5510
5472
5511
5473
5512
5474
5513
5475
5514
5476
5515
5477
5516
5478
5517
5479
5518
5519
5481
5520
5482
5521
5483
5522
5484
5523
5485
5524
5486
5525
5487
5526
5488
5527
5489
5528
5490
5529
5491
5530
5492
5531
5493
5532
5494
5533
5495
5534
5496
5535
5497
5536
5498
5537
5499
5538
5500
5539
5501
5540
5502
5541
5503
5542
5504
5543
5505
5544
5506
5545
5507
5546
5508
5547
5509
5548
5510
5549
5511
5550
5512
5551
5513
5552
5514
5553
5515
5554
5516
5555
5517
5556
5518
5557
5519
5558
5559
5521
5560
5522
5561
5523
5562
5524
5563
5525
5564
5526
5565
5527
5566
5528
5567
5529
5568
5530
5569
5531
5570
5532
5571
5533
5572
5534
5573
5535
5574
5536
5575
5537
5576
5538
5577
5539
5578
5540
5579
5541
5580
5542
5581
5543
5582
5544
5583
5545
5584
5546
5585
5547
5586
5548
5587
5549
5588
5550
5589
5551
5590
5552
5591
5553
5592
5554
5593
5555
5594
5556
5595
5557
5596
5558
5597
5559
5598
5599
5561
5600
5562
5601
5563
5602
5564
5603
5565
5604
5566
5605
5567
5606
5568
5607
5569
5608
5570
5609
5571
5610
5572
5611
5573
5612
5574
5613
5575
5614
5576
5615
5577
5616
5578
5617
5579
5618
5580
5619
5581
5620
5582
5621
5583
5622
5584
5623
5585
5624
5586
5625
5587
5626
5588
5627
5589
5628
5590
5629
5591
5630
5592
5631
5593
5632
5594
5633
5595
5634
5596
5635
5597
5636
5598
5637
5599
5638
5639
5601
5640
5602
5641
5603
5642
5604
5643
5605
5644
5606
5645
5607
5646
5608
5647
5609
5648
5610
5649
5611
5650
5612
5651
5613
5652
5614
5653
5615
5654
5616
5655
5617
5656
5618
5657
5619
5658
5620
5659
5621
5660
5622
5661
5623
5662
5624
5663
5625
5664
5626
5665
5627
5666
5628
5667
5629
5668
5630
5669
5631
5670
5632
5671
5633
5672
5634
5673
5635
5674
5636
5675
5637
5676
5638
5677
5639
5678
5679
5641
5680
5642
5681
5643
5682
5644
5683
5645
5684
5646
5685
5647
5686
5648
5687
5649
5688
5650
5689
5651
5690
5652
5691
5653
5692
5654
5693
5655
5694
5656
5695
5657
5696
5658
5697
5659
5698
5660
5699
5661
5700
5662
5701
5663
5702
5664
5703
5665
5704
5666
5705
5667
5706
5668
5707
5669
5708
5670
5709
5671
5710
5672
5711
5673
5712
5674
5713
5675
5714
5676
5715
5677
5716
5678
5717
5679
5718
5719
5681
5720
5682
5721
5683
5722
5684
5723
5685
5724
5686
5725
5687
5726
5688
5727
5689
5728
5690
5729
5691
5730
5692
5731
5693
5732
5694
5733
5695
5734
5696
5735
5697
5736
5698
5737
5699
5738
5700
5739
5701
5740
5702
5741
5703
5742
5704
5743
5705
5744
5706
5745
5707
5746
5708
5747
5709
5748
5710
5749
5711
5750
5712
5751
5713
5752
5714
5753
5715
5754
5716
5755
5717
5756
5718
5757
5719
5758
5759
5721
5760
5722
5761
5723
5762
5724
5763
5725
5764
5726
5765
5727
5766
5728
5767
5729
5768
5730
5769
5731
5770
5732
5771
5733
5772
5734
5773
5735
5774
5736
5775
5737
5776
5738
5777
5739
5778
5740
5779
5741
5780
5742
5781
5743
5782
5744
5783
5745
5784
5746
5785
5747
5786
5748
5787
5749
5788
5750
5789
5751
5790
5752
5791
5753
5792
5754
5793
5755
5794
5756
5795
5757
5796
5758
5797
5759
5798
5799
5761
5800
5762
5801
5763
5802
5764
5803
5765
5804
5766
5805
5767
5806
5768
5807
5769
5808
5770
5809
5771
5810
5772
5811
5773
5812
5774
5813
5775
5814
5776
5815
5777
5816
5778
5817
5779
5818
5780
5819
5781
5820
5782
5821
5783
5822
5784
5823
5785
5824
5786
5825
5787
5826
5788
5827
5789
5828
5790
5829
5791
5830
5792
5831
5793
5832
5794
5833
5795
5834
5796
5835
5797
5836
5798
5837
5799
5838
5839
5801
5840
5802
5841
5803
5842
5804
5843
5805
5844
5806
5845
5807
5846
5808
5847
5809
5848
5810
5849
5811
5850
5812
5851
5813
5852
5814
5853
5815
5854
5816
5855
5817
5856
5818
5857
5819
5858
5820
5859
5821
5860
5822
5861
5823
5862
5824
5863
5825
5864
5826
5865
5827
5866
5828
5867
5829
5868
5830
5869
5831
5870
5832
5871
5833
5872
5834
5873
5835
5874
5836
5875
5837
5876
5838
5877
5839
5878
5879
5841
5880
5842
5881
5843
5882
5844
5883
5845
5884
5846
5885
5847
5886
5848
5887
5849
5888
5850
5889
5851
5890
5852
5891
5853
5892
5854
5893
5855
5894
5856
5895
5857
5896
5858
5897
5859
5898
5860
5899
5861
5900
5862
5901
5863
5902
5864
5903
5865
5904
5866
5905
5867
5906
5868
5907
5869
5908
5870
5909
5871
5910
5872
5911
5873
5912
5874
5913
5875
5914
5876
5915
5877
5916
5878
5917
5879
5918
5919
5881
5920
5882
5921
5883
5922
5884
5923
5885
5924
5886
5925
5887
5926
5888
5927
5889
5928
5890
5929
5891
5930
5892
5931
5893
5932
5894
5933
5895
5934
5896
5935
5897
5936
5898
5937
5899
5938
5900
5939
5901
5940
5902
5941
5903
5942
5904
5943
5905
5944
5906
5945
5907
5946
5908
5947
5909
5948
5910
5949
5911
5950
5912
5951
5913
5952
5914
5953
5915
5954
5916
5955
5917
5956
5918
5957
5919
5958
5959
5921
5960
5922
5961
5923
5962
5924
5963
5925
5964
5926
5965
5927
5966
5928
5967
5929
5968
5930
5969
5931
5970
5932
5971
5933
5972
5934
5973
5935
5974
5936
5975
5937
5976
5938
5977
5939
5978
5940
5979
5941
5980
5942
5981
5943
5982
5944
5983
5945
5984
5946
5985
5947
5986
5948
5987
5949
5988
5950
5989
5951
5990
5952
5991
5953
5992
5954
5993
5955
5994
5956
5995
5957
5996
5958
5997
5959
5998
5999
5961
6000
5962
6001
5963
6002
5964
6003
5965
6004
5966
6005
5967
6006
5968
6007
5969
6008
5970
6009
5971
6010
5972
6011
5973
6012
5974
6013
5975
6014
5976
6015
5977
6016
5978
6017
5979
6018
5980
6019
5981
6020
5982
6021
5983
6022
5984
6023
5985
6024
5986
6025
5987
6026
5988
6027
5989
6028
5990
6029
5991
6030
5992
6031
5993
6032
5994
6033
5995
6034
5996
6035
5997
6036
5998
6037
5999
6038
6039
6001
6040
6002
6041
6003
6042
6004
6043
6005
6044
6006
6045
6007
6046
6008
6047
6009
6048
6010
6049
6011
6050
6012
6051
6013
6052
6014
6053
6015
6054
6016
6055
6017
6056
6018
6057
6019
6058
6020
6059
6021
6060
6022
6061
6023
6062
6024
6063
6025
6064
6026
6065
6027
6066
6028
6067
6029
6068
6030
6069
6031
6070
6032
6071
6033
6072
6034
6073
6035
6074
6036
6075
6037
6076
6038
6077
6039
6078
6079
6041
6080
6042
6081
6043
6082
6044
6083
6045
6084
6046
6085
6047
6086
6048
6087
6049
6088
6050
6089
6051
6090
6052
6091
6053
6092
6054
6093
6055
6094
6056
6095
6057
6096
6058
6097
6059
6098
6060
6099
6061
6100
6062
6101
6063
6102
6064
6103
6065
6104
6066
6105
6067
6106
6068
6107
6069
6108
6070
6109
6071
6110
6072
6111
6073
6112
6074
6113
6075
6114
6076
6115
6077
6116
6078
6117
6079
6118
6119
6081
6120
6082
6121
6083
6122
6084
6123
6085
6124
6086
6125
6087
6126
6088
6127
6089
6128
6090
6129
6091
6130
6092
6131
6093
6132
6094
6133
6095
6134
6096
6135
6097
6136
6098
6137
6099
6138
6100
6139
6101
6140
6102
6141
6103
6142
6104
6143
6105
6144
6106
6145
6107
6146
6108
6147
6109
6148
6110
6149
6111
6150
6112
6151
6113
6152
6114
6153
6115
6154
6116
6155
6117
6156
6118
6157
6119
6158
6159
6121
6160
6122
6161
6123
6162
6124
6163
6125
6164
6126
6165
6127
6166
6128
6167
6129
6168
6130
6169
6131
6170
6132
6171
6133
6172
6134
6173
6135
6174
6136
6175
6137
6176
6138
6177
6139
6178
6140
6179
6141
6180
6142
6181
6143
6182
6144
6183
6145
6184
6146
6185
6147
6186
6148
6187
6149
6188
6150
6189
6151
6190
6152
6191
6153
6192
6154
6193
6155
6194
6156
6195
6157
6196
6158
6197
6159
6198
6199
6161
6200
6162
6201
6163
6202
6164
6203
6165
6204
6166
6205
6167
6206
6168
6207
6169
6208
6170
6209
6171
6210
6172
6211
6173
6212
6174
6213
6175
6214
6176
6215
6177
6216
6178
6217
6179
6218
6180
6219
6181
6220
6182
6221
6183
6222
6184
6223
6185
6224
6186
6225
6187
6226
6188
6227
6189
6228
6190
6229
6191
6230
6192
6231
6193
6232
6194
6233
6195
6234
6196
6235
6197
6236
6198
6237
6199
6238
6239
6201
6240
6202
6241
6203
6242
6204
6243
6205
6244
6206
6245
6207
6246
6208
6247
6209
6248
6210
6249
6211
6250
6212
6251
6213
6252
6214
6253
6215
6254
6216
6255
6217
6256
6218
6257
6219
6258
6220
6259
6221
6260
6222
6261
6223
6262
6224
6263
6225
6264
6226
6265
6227
6266
6228
6267
6229
6268
6230
6269
6231
6270
6232
6271
6233
6272
6234
6273
6235
6274
6236
6275
6237
6276
6238
6277
6239
6278
6279
6241
6280
6242
6281
6243
6282
6244
6283
6245
6284
6246
6285
6247
6286
6248
6287
6249
6288
6250
6289
6251
6290
6252
6291
6253
6292
6254
6293
6255
6294
6256
6295
6257
6296
6258
6297
6259
6298
6260
6299
6261
6300
6262
6301
6263
6302
6264
6303
6265
6304
6266
6305
6267
6306
6268
6307
6269
6308
6270
6309
6271
6310
6272
6311
6273
6312
6274
6313
6275
6314
6276
6315
6277
6316
6278
6317
6279
6318
6319
6281
6320
6282
6321
6283
6322
6284
6323
6285
6324
6286
6325
6287
6326
6288
6327
6289
6328
6290
6329
6291
6330
6292
6331
6293
6332
6294
6333
6295
6334
6296
6335
6297
6336
6298
6337
6299
6338
6300
6339
6301
6340
6302
6341
6303
6342
6304
6343
6305
6344
6306
6345
6307
6346
6308
6347
6309
6348
6310
6349
6311
6350
6312
6351
6313
6352
6314
6353
6315
6354
6316
6355
6317
6356
6318
6357
6319
6358
6359
6321
6360
6322
6361
6323
6362
6324
6363
6325
6364
6326
6365
6327
6366
6328
6367
6329
6368
6330
6369
6331
6370
6332
6371
6333
6372
6334
6373
6335
6374
6336
6375
6337
6376
6338
6377
6339
6378
6340
6379
6341
6380
6342
6381
6343
6382
6344
6383
6345
6384
6346
6385
6347
6386
6348
6387
6349
6388
6350
6389
6351
6390
6352
6391
6353
6392
6354
6393
6355
6394
6356
6395
6357
6396
6358
6397
6359
6398
6399
6361
6400
6362
6401
6363
6402
6364
6403
6365
6404
6366
6405
6367
6406
6368
6407
6369
6408
6370
6409
6371
6410
6372
6411
6373
6412
6374
6413
6375
6414
6376
6415
6377
6416
6378
6417
6379
6418
6380
6419
6381
6420
6382
6421
6383
6422
6384
6423
6385
6424
6386
6425
6387
6426
6388
6427
6389
6428
6390
6429
6391
6430
6392
6431
6393
6432
6394
6433
6395
6434
6396
6435
6397
6436
6398
6437
6399
6438
6439
6401
6440
6402
6441
6403
6442
6404
6443
6405
6444
6406
6445
6407
6446
6408
6447
6409
6448
6410
6449
6411
6450
6412
6451
6413
6452
6414
6453
6415
6454
6416
6455
6417
6456
6418
6457
6419
6458
6420
6459
6421
6460
6422
6461
6423
6462
6424
6463
6425
6464
6426
6465
6427
6466
6428
6467
6429
6468
6430
6469
6431
6470
6432
6471
6433
6472
6434
6473
6435
6474
6436
6475
6437
6476
6438
6477
6439
6478
6479
6441
6480
6442
6481
6443
6482
6444
6483
6445
6484
6446
6485
6447
6486
6448
6487
6449
6488
6450
6489
6451
6490
6452
6491
6453
6492
6454
6493
6455
6494
6456
6495
6457
6496
6458
6497
6459
6498
6460
6499
6461
6500
6462
6501
6463
6502
6464
6503
6465
6504
6466
6505
6467
6506
6468
6507
6469
6508
6470
6509
6471
6510
6472
6511
6473
6512
6474
6513
6475
6514
6476
6515
6477
6516
6478
6517
6479
6518
6519
6481
6520
6482
6521
6483
6522
6484
6523
6485
6524
6486
6525
6487
6526
6488
6527
6489
6528
6490
6529
6491
6530
6492
6531
6493
6532
6494
6533
6495
6534
6496
6535
6497
6536
6498
6537
6499
6538
6500
6539
6501
6540
6502
6541
6503
6542
6504
6543
6505
6544
6506
6545
6507
6546
6508
6547
6509
6548
6510
6549
6511
6550
6512
6551
6513
6552
6514
6553
6515
6554
6516
6555
6517
6556
6518
6557
6519
6558
6559
6521
6560
6522
6561
6523
6562
6524
6563
6525
6564
6526
6565
6527
6566
6528
6567
6529
6568
6530
6569
6531
6570
6532
6571
6533
6572
6534
6573
6535
6574
6536
6575
6537
6576
6538
6577
6539
6578
6540
6579
6541
6580
6542
6581
6543
6582
6544
6583
6545
6584
6546
6585
6547
6586
6548
6587
6549
6588
6550
6589
6551
6590
6552
6591
6553
6592
6554
6593
6555
6594
6556
6595
6557
6596
6558
6597
6559
6598
6599
6561
6600
6562
6601
6563
6602
6564
6603
6565
6604
6566
6605
6567
6606
6568
6607
6569
6608
6570
6609
6571
6610
6572
6611
6573
6612
6574
6613
6575
6614
6576
6615
6577
6616
6578
6617
6579
6618
6580
6619
6581
6620
6582
6621
6583
6622
6584
6623
6585
6624
6586
6625
6587
6626
6588
6627
6589
6628
6590
6629
6591
6630
6592
6631
6593
6632
6594
6633
6595
6634
6596
6635
6597
6636
6598
6637
6599
6638
6639
6601
6640
6602
6641
6603
6642
6604
6643
6605
6644
6606
6645
6607
6646
6608
6647
6609
6648
6610
6649
6611
6650
6612
6651
6613
6652
6614
6653
6615
6654
6616
6655
6617
6656
6618
6657
6619
6658
6620
6659
6621
6660
6622
6661
6623
6662
6624
6663
6625
6664
6626
6665
6627
6666
6628
6667
6629
6668
6630
6669
6631
6670
6632
6671
6633
6672
6634
6673
6635
6674
6636
6675
6637
6676
6638
6677
6639
6678
6679
15000
6641
6680
6642
6681
6643
6682
6644
6683
6645
6684
6646
6685
6647
6686
6648
6687
6649
6688
6650
6689
6651
6690
6652
6691
6653
6692
6654
6693
6655
6694
6656
6695
6657
6696
6658
6697
6659
6698
6660
6699
6661
6700
6662
6701
6663
6702
6664
6703
6665
6704
6666
6705
6667
6706
6668
6707
6669
6708
6670
6709
6671
6710
6672
6711
6673
6712
6674
6713
6675
6714
6676
6715
6677
6716
6678
6717
6679
6718
6719
15015
6681
6720
6682
6721
6683
6722
6684
6723
6685
6724
6686
6725
6687
6726
6688
6727
6689
6728
6690
6729
6691
6730
6692
6731
6693
6732
6694
6733
6695
6734
6696
6735
6697
6736
6698
6737
6699
6738
6700
6739
6701
6740
6702
6741
6703
6742
6704
6743
6705
6744
6706
6745
6707
6746
6708
6747
6709
6748
6710
6749
6711
6750
6712
6751
6713
6752
6714
6753
6715
6754
6716
6755
6717
6756
6718
6757
6719
6758
6759
15030
6721
6760
6722
6761
6723
6762
6724
6763
6725
6764
6726
6765
6727
6766
6728
6767
6729
6768
6730
6769
6731
6770
6732
6771
6733
6772
6734
6773
6735
6774
6736
6775
6737
6776
6738
6777
6739
6778
6740
6779
6741
6780
6742
6781
6743
6782
6744
6783
6745
6784
6746
6785
6747
6786
6748
6787
6749
6788
6750
6789
6751
6790
6752
6791
6753
6792
6754
6793
6755
6794
6756
6795
6757
6796
6758
6797
6759
6798
6799
15045
6761
6800
6762
6801
6763
6802
6764
6803
6765
6804
6766
6805
6767
6806
6768
6807
6769
6808
6770
6809
6771
6810
6772
6811
6773
6812
6774
6813
6775
6814
6776
6815
6777
6816
6778
6817
6779
6818
6780
6819
6781
6820
6782
6821
6783
6822
6784
6823
6785
6824
6786
6825
6787
6826
6788
6827
6789
6828
6790
6829
6791
6830
6792
6831
6793
6832
6794
6833
6795
6834
6796
6835
6797
6836
6798
6837
6799
6838
6839
15060
6801
6840
6802
6841
6803
6842
6804
6843
6805
6844
6806
6845
6807
6846
6808
6847
6809
6848
6810
6849
6811
6850
6812
6851
6813
6852
6814
6853
6815
6854
6816
6855
6817
6856
6818
6857
6819
6858
6820
6859
6821
6860
6822
6861
6823
6862
6824
6863
6825
6864
6826
6865
6827
6866
6828
6867
6829
6868
6830
6869
6831
6870
6832
6871
6833
6872
6834
6873
6835
6874
6836
6875
6837
6876
6838
6877
6839
6878
6879
15075
6841
6880
6842
6881
6843
6882
6844
6883
6845
6884
6846
6885
6847
6886
6848
6887
6849
6888
6850
6889
6851
6890
6852
6891
6853
6892
6854
6893
6855
6894
6856
6895
6857
6896
6858
6897
6859
6898
6860
6899
6861
6900
6862
6901
6863
6902
6864
6903
6865
6904
6866
6905
6867
6906
6868
6907
6869
6908
6870
6909
6871
6910
6872
6911
6873
6912
6874
6913
6875
6914
6876
6915
6877
6916
6878
6917
6879
6918
6919
15090
6881
6920
6882
6921
6883
6922
6884
6923
6885
6924
6886
6925
6887
6926
6888
6927
6889
6928
6890
6929
6891
6930
6892
6931
6893
6932
6894
6933
6895
6934
6896
6935
6897
6936
6898
6937
6899
6938
6900
6939
6901
6940
6902
6941
6903
6942
6904
6943
6905
6944
6906
6945
6907
6946
6908
6947
6909
6948
6910
6949
6911
6950
6912
6951
6913
6952
6914
6953
6915
6954
6916
6955
6917
6956
6918
6957
6919
6958
6959
15105
6921
6960
6922
6961
6923
6962
6924
6963
6925
6964
6926
6965
6927
6966
6928
6967
6929
6968
6930
6969
6931
6970
6932
6971
6933
6972
6934
6973
6935
6974
6936
6975
6937
6976
6938
6977
6939
6978
6940
6979
6941
6980
6942
6981
6943
6982
6944
6983
6945
6984
6946
6985
6947
6986
6948
6987
6949
6988
6950
6989
6951
6990
6952
6991
6953
6992
6954
6993
6955
6994
6956
6995
6957
6996
6958
6997
6959
6998
6999
15120
6961
14800
6962
14600
6963
14400
6964
14200
6965
14000
6966
13800
6967
13600
6968
13400
6969
13200
6970
13000
6971
12800
6972
12600
6973
12400
6974
12200
6975
12000
6976
11800
6977
11600
6978
11400
6979
11200
6980
11000
6981
10800
6982
10600
6983
10400
6984
10200
6985
10000
6986
9800
6987
9600
6988
9400
6989
9200
6990
9000
6991
8800
6992
8600
6993
8400
6994
8200
6995
8000
6996
7800
6997
7600
6998
7400
6999
7200
7000
15135
7001
7200
7002
7201
7003
7202
7004
7203
7005
7204
7006
7205
7007
7206
7008
7207
7009
7208
7010
7209
7011
7210
7012
7211
7013
7212
7014
7213
7015
7214
7016
7215
7017
7216
7018
7217
7019
7218
7020
7219
7021
7220
7022
7221
7023
7222
7024
7223
7025
7224
7026
7225
7027
7226
7028
7227
7029
7228
7030
7229
7031
7230
7032
7231
7033
7232
7034
7233
7035
7234
7036
7235
7037
7236
7038
7237
7039
7238
7040
7239
7041
7240
7042
7241
7043
7242
7044
7243
7045
7244
7046
7245
7047
7246
7048
7247
7049
7248
7050
7249
7051
7250
7052
7251
7053
7252
7054
7253
7055
7254
7056
7255
7057
7256
7058
7257
7059
7258
7060
7259
7061
7260
7062
7261
7063
7262
7064
7263
7065
7264
7066
7265
7067
7266
7068
7267
7069
7268
7070
7269
7071
7270
7072
7271
7073
7272
7074
7273
7075
7274
7076
7275
7077
7276
7078
7277
7079
7278
7080
7279
7081
7280
7082
7281
7083
7282
7084
7283
7085
7284
7086
7285
7087
7286
7088
7287
7089
7288
7090
7289
7091
7290
7092
7291
7093
7292
7094
7293
7095
7294
7096
7295
7097
7296
7098
7297
7099
7298
7100
7299
7101
7300
7102
7301
7103
7302
7104
7303
7105
7304
7106
7305
7107
7306
7108
7307
7109
7308
7110
7309
7111
7310
7112
7311
7113
7312
7114
7313
7115
7314
7116
7315
7117
7316
7118
7317
7119
7318
7120
7319
7121
7320
7122
7321
7123
7322
7124
7323
7125
7324
7126
7325
7127
7326
7128
7327
7129
7328
7130
7329
7131
7330
7132
7331
7133
7332
7134
7333
7135
7334
7136
7335
7137
7336
7138
7337
7139
7338
7140
7339
7141
7340
7142
7341
7143
7342
7144
7343
7145
7344
7146
7345
7147
7346
7148
7347
7149
7348
7150
7349
7151
7350
7152
7351
7153
7352
7154
7353
7155
7354
7156
7355
7157
7356
7158
7357
7159
7358
7160
7359
7161
7360
7162
7361
7163
7362
7164
7363
7165
7364
7166
7365
7167
7366
7168
7367
7169
7368
7170
7369
7171
7370
7172
7371
7173
7372
7174
7373
7175
7374
7176
7375
7177
7376
7178
7377
7179
7378
7180
7379
7181
7380
7182
7381
7183
7382
7184
7383
7185
7384
7186
7385
7187
7386
7188
7387
7189
7388
7190
7389
7191
7390
7192
7391
7193
7392
7194
7393
7195
7394
7196
7395
7197
7396
7198
7397
7199
7398
7399
7201
7400
7202
7401
7203
7402
7204
7403
7205
7404
7206
7405
7207
7406
7208
7407
7209
7408
7210
7409
7211
7410
7212
7411
7213
7412
7214
7413
7215
7414
7216
7415
7217
7416
7218
7417
7219
7418
7220
7419
7221
7420
7222
7421
7223
7422
7224
7423
7225
7424
7226
7425
7227
7426
7228
7427
7229
7428
7230
7429
7231
7430
7232
7431
7233
7432
7234
7433
7235
7434
7236
7435
7237
7436
7238
7437
7239
7438
7240
7439
7241
7440
7242
7441
7243
7442
7244
7443
7245
7444
7246
7445
7247
7446
7248
7447
7249
7448
7250
7449
7251
7450
7252
7451
7253
7452
7254
7453
7255
7454
7256
7455
7257
7456
7258
7457
7259
7458
7260
7459
7261
7460
7262
7461
7263
7462
7264
7463
7265
7464
7266
7465
7267
7466
7268
7467
7269
7468
7270
7469
7271
7470
7272
7471
7273
7472
7274
7473
7275
7474
7276
7475
7277
7476
7278
7477
7279
7478
7280
7479
7281
7480
7282
7481
7283
7482
7284
7483
7285
7484
7286
7485
7287
7486
7288
7487
7289
7488
7290
7489
7291
7490
7292
7491
7293
7492
7294
7493
7295
7494
7296
7495
7297
7496
7298
7497
7299
7498
7300
7499
7301
7500
7302
7501
7303
7502
7304
7503
7305
7504
7306
7505
7307
7506
7308
7507
7309
7508
7310
7509
7311
7510
7312
7511
7313
7512
7314
7513
7315
7514
7316
7515
7317
7516
7318
7517
7319
7518
7320
7519
7321
7520
7322
7521
7323
7522
7324
7523
7325
7524
7326
7525
7327
7526
7328
7527
7329
7528
7330
7529
7331
7530
7332
7531
7333
7532
7334
7533
7335
7534
7336
7535
7337
7536
7338
7537
7339
7538
7340
7539
7341
7540
7342
7541
7343
7542
7344
7543
7345
7544
7346
7545
7347
7546
7348
7547
7349
7548
7350
7549
7351
7550
7352
7551
7353
7552
7354
7553
7355
7554
7356
7555
7357
7556
7358
7557
7359
7558
7360
7559
7361
7560
7362
7561
7363
7562
7364
7563
7365
7564
7366
7565
7367
7566
7368
7567
7369
7568
7370
7569
7371
7570
7372
7571
7373
7572
7374
7573
7375
7574
7376
7575
7377
7576
7378
7577
7379
7578
7380
7579
7381
7580
7382
7581
7383
7582
7384
7583
7385
7584
7386
7585
7387
7586
7388
7587
7389
7588
7390
7589
7391
7590
7392
7591
7393
7592
7394
7593
7395
7594
7396
7595
7397
7596
7398
7597
7399
7598
7599
7401
7600
7402
7601
7403
7602
7404
7603
7405
7604
7406
7605
7407
7606
7408
7607
7409
7608
7410
7609
7411
7610
7412
7611
7413
7612
7414
7613
7415
7614
7416
7615
7417
7616
7418
7617
7419
7618
7420
7619
7421
7620
7422
7621
7423
7622
7424
7623
7425
7624
7426
7625
7427
7626
7428
7627
7429
7628
7430
7629
7431
7630
7432
7631
7433
7632
7434
7633
7435
7634
7436
7635
7437
7636
7438
7637
7439
7638
7440
7639
7441
7640
7442
7641
7443
7642
7444
7643
7445
7644
7446
7645
7447
7646
7448
7647
7449
7648
7450
7649
7451
7650
7452
7651
7453
7652
7454
7653
7455
7654
7456
7655
7457
7656
7458
7657
7459
7658
7460
7659
7461
7660
7462
7661
7463
7662
7464
7663
7465
7664
7466
7665
7467
7666
7468
7667
7469
7668
7470
7669
7471
7670
7472
7671
7473
7672
7474
7673
7475
7674
7476
7675
7477
7676
7478
7677
7479
7678
7480
7679
7481
7680
7482
7681
7483
7682
7484
7683
7485
7684
7486
7685
7487
7686
7488
7687
7489
7688
7490
7689
7491
7690
7492
7691
7493
7692
7494
7693
7495
7694
7496
7695
7497
7696
7498
7697
7499
7698
7500
7699
7501
7700
7502
7701
7503
7702
7504
7703
7505
7704
7506
7705
7507
7706
7508
7707
7509
7708
7510
7709
7511
7710
7512
7711
7513
7712
7514
7713
7515
7714
7516
7715
7517
7716
7518
7717
7519
7718
7520
7719
7521
7720
7522
7721
7523
7722
7524
7723
7525
7724
7526
7725
7527
7726
7528
7727
7529
7728
7530
7729
7531
7730
7532
7731
7533
7732
7534
7733
7535
7734
7536
7735
7537
7736
7538
7737
7539
7738
7540
7739
7541
7740
7542
7741
7543
7742
7544
7743
7545
7744
7546
7745
7547
7746
7548
7747
7549
7748
7550
7749
7551
7750
7552
7751
7553
7752
7554
7753
7555
7754
7556
7755
7557
7756
7558
7757
7559
7758
7560
7759
7561
7760
7562
7761
7563
7762
7564
7763
7565
7764
7566
7765
7567
7766
7568
7767
7569
7768
7570
7769
7571
7770
7572
7771
7573
7772
7574
7773
7575
7774
7576
7775
7577
7776
7578
7777
7579
7778
7580
7779
7581
7780
7582
7781
7583
7782
7584
7783
7585
7784
7586
7785
7587
7786
7588
7787
7589
7788
7590
7789
7591
7790
7592
7791
7593
7792
7594
7793
7595
7794
7596
7795
7597
7796
7598
7797
7599
7798
7799
7601
7800
7602
7801
7603
7802
7604
7803
7605
7804
7606
7805
7607
7806
7608
7807
7609
7808
7610
7809
7611
7810
7612
7811
7613
7812
7614
7813
7615
7814
7616
7815
7617
7816
7618
7817
7619
7818
7620
7819
7621
7820
7622
7821
7623
7822
7624
7823
7625
7824
7626
7825
7627
7826
7628
7827
7629
7828
7630
7829
7631
7830
7632
7831
7633
7832
7634
7833
7635
7834
7636
7835
7637
7836
7638
7837
7639
7838
7640
7839
7641
7840
7642
7841
7643
7842
7644
7843
7645
7844
7646
7845
7647
7846
7648
7847
7649
7848
7650
7849
7651
7850
7652
7851
7653
7852
7654
7853
7655
7854
7656
7855
7657
7856
7658
7857
7659
7858
7660
7859
7661
7860
7662
7861
7663
7862
7664
7863
7665
7864
7666
7865
7667
7866
7668
7867
7669
7868
7670
7869
7671
7870
7672
7871
7673
7872
7674
7873
7675
7874
7676
7875
7677
7876
7678
7877
7679
7878
7680
7879
7681
7880
7682
7881
7683
7882
7684
7883
7685
7884
7686
7885
7687
7886
7688
7887
7689
7888
7690
7889
7691
7890
7692
7891
7693
7892
7694
7893
7695
7894
7696
7895
7697
7896
7698
7897
7699
7898
7700
7899
7701
7900
7702
7901
7703
7902
7704
7903
7705
7904
7706
7905
7707
7906
7708
7907
7709
7908
7710
7909
7711
7910
7712
7911
7713
7912
7714
7913
7715
7914
7716
7915
7717
7916
7718
7917
7719
7918
7720
7919
7721
7920
7722
7921
7723
7922
7724
7923
7725
7924
7726
7925
7727
7926
7728
7927
7729
7928
7730
7929
7731
7930
7732
7931
7733
7932
7734
7933
7735
7934
7736
7935
7737
7936
7738
7937
7739
7938
7740
7939
7741
7940
7742
7941
7743
7942
7744
7943
7745
7944
7746
7945
7747
7946
7748
7947
7749
7948
7750
7949
7751
7950
7752
7951
7753
7952
7754
7953
7755
7954
7756
7955
7757
7956
7758
7957
7759
7958
7760
7959
7761
7960
7762
7961
7763
7962
7764
7963
7765
7964
7766
7965
7767
7966
7768
7967
7769
7968
7770
7969
7771
7970
7772
7971
7773
7972
7774
7973
7775
7974
7776
7975
7777
7976
7778
7977
7779
7978
7780
7979
7781
7980
7782
7981
7783
7982
7784
7983
7785
7984
7786
7985
7787
7986
7788
7987
7789
7988
7790
7989
7791
7990
7792
7991
7793
7992
7794
7993
7795
7994
7796
7995
7797
7996
7798
7997
7799
7998
7999
7801
8000
7802
8001
7803
8002
7804
8003
7805
8004
7806
8005
7807
8006
7808
8007
7809
8008
7810
8009
7811
8010
7812
8011
7813
8012
7814
8013
7815
8014
7816
8015
7817
8016
7818
8017
7819
8018
7820
8019
7821
8020
7822
8021
7823
8022
7824
8023
7825
8024
7826
8025
7827
8026
7828
8027
7829
8028
7830
8029
7831
8030
7832
8031
7833
8032
7834
8033
7835
8034
7836
8035
7837
8036
7838
8037
7839
8038
7840
8039
7841
8040
7842
8041
7843
8042
7844
8043
7845
8044
7846
8045
7847
8046
7848
8047
7849
8048
7850
8049
7851
8050
7852
8051
7853
8052
7854
8053
7855
8054
7856
8055
7857
8056
7858
8057
7859
8058
7860
8059
7861
8060
7862
8061
7863
8062
7864
8063
7865
8064
7866
8065
7867
8066
7868
8067
7869
8068
7870
8069
7871
8070
7872
8071
7873
8072
7874
8073
7875
8074
7876
8075
7877
8076
7878
8077
7879
8078
7880
8079
7881
8080
7882
8081
7883
8082
7884
8083
7885
8084
7886
8085
7887
8086
7888
8087
7889
8088
7890
8089
7891
8090
7892
8091
7893
8092
7894
8093
7895
8094
7896
8095
7897
8096
7898
8097
7899
8098
7900
8099
7901
8100
7902
8101
7903
8102
7904
8103
7905
8104
7906
8105
7907
8106
7908
8107
7909
8108
7910
8109
7911
8110
7912
8111
7913
8112
7914
8113
7915
8114
7916
8115
7917
8116
7918
8117
7919
8118
7920
8119
7921
8120
7922
8121
7923
8122
7924
8123
7925
8124
7926
8125
7927
8126
7928
8127
7929
8128
7930
8129
7931
8130
7932
8131
7933
8132
7934
8133
7935
8134
7936
8135
7937
8136
7938
8137
7939
8138
7940
8139
7941
8140
7942
8141
7943
8142
7944
8143
7945
8144
7946
8145
7947
8146
7948
8147
7949
8148
7950
8149
7951
8150
7952
8151
7953
8152
7954
8153
7955
8154
7956
8155
7957
8156
7958
8157
7959
8158
7960
8159
7961
8160
7962
8161
7963
8162
7964
8163
7965
8164
7966
8165
7967
8166
7968
8167
7969
8168
7970
8169
7971
8170
7972
8171
7973
8172
7974
8173
7975
8174
7976
8175
7977
8176
7978
8177
7979
8178
7980
8179
7981
8180
7982
8181
7983
8182
7984
8183
7985
8184
7986
8185
7987
8186
7988
8187
7989
8188
7990
8189
7991
8190
7992
8191
7993
8192
7994
8193
7995
8194
7996
8195
7997
8196
7998
8197
7999
8198
8199
8001
8200
8002
8201
8003
8202
8004
8203
8005
8204
8006
8205
8007
8206
8008
8207
8009
8208
8010
8209
8011
8210
8012
8211
8013
8212
8014
8213
8015
8214
8016
8215
8017
8216
8018
8217
8019
8218
8020
8219
8021
8220
8022
8221
8023
8222
8024
8223
8025
8224
8026
8225
8027
8226
8028
8227
8029
8228
8030
8229
8031
8230
8032
8231
8033
8232
8034
8233
8035
8234
8036
8235
8037
8236
8038
8237
8039
8238
8040
8239
8041
8240
8042
8241
8043
8242
8044
8243
8045
8244
8046
8245
8047
8246
8048
8247
8049
8248
8050
8249
8051
8250
8052
8251
8053
8252
8054
8253
8055
8254
8056
8255
8057
8256
8058
8257
8059
8258
8060
8259
8061
8260
8062
8261
8063
8262
8064
8263
8065
8264
8066
8265
8067
8266
8068
8267
8069
8268
8070
8269
8071
8270
8072
8271
8073
8272
8074
8273
8075
8274
8076
8275
8077
8276
8078
8277
8079
8278
8080
8279
8081
8280
8082
8281
8083
8282
8084
8283
8085
8284
8086
8285
8087
8286
8088
8287
8089
8288
8090
8289
8091
8290
8092
8291
8093
8292
8094
8293
8095
8294
8096
8295
8097
8296
8098
8297
8099
8298
8100
8299
8101
8300
8102
8301
8103
8302
8104
8303
8105
8304
8106
8305
8107
8306
8108
8307
8109
8308
8110
8309
8111
8310
8112
8311
8113
8312
8114
8313
8115
8314
8116
8315
8117
8316
8118
8317
8119
8318
8120
8319
8121
8320
8122
8321
8123
8322
8124
8323
8125
8324
8126
8325
8127
8326
8128
8327
8129
8328
8130
8329
8131
8330
8132
8331
8133
8332
8134
8333
8135
8334
8136
8335
8137
8336
8138
8337
8139
8338
8140
8339
8141
8340
8142
8341
8143
8342
8144
8343
8145
8344
8146
8345
8147
8346
8148
8347
8149
8348
8150
8349
8151
8350
8152
8351
8153
8352
8154
8353
8155
8354
8156
8355
8157
8356
8158
8357
8159
8358
8160
8359
8161
8360
8162
8361
8163
8362
8164
8363
8165
8364
8166
8365
8167
8366
8168
8367
8169
8368
8170
8369
8171
8370
8172
8371
8173
8372
8174
8373
8175
8374
8176
8375
8177
8376
8178
8377
8179
8378
8180
8379
8181
8380
8182
8381
8183
8382
8184
8383
8185
8384
8186
8385
8187
8386
8188
8387
8189
8388
8190
8389
8191
8390
8192
8391
8193
8392
8194
8393
8195
8394
8196
8395
8197
8396
8198
8397
8199
8398
8399
8201
8400
8202
8401
8203
8402
8204
8403
8205
8404
8206
8405
8207
8406
8208
8407
8209
8408
8210
8409
8211
8410
8212
8411
8213
8412
8214
8413
8215
8414
8216
8415
8217
8416
8218
8417
8219
8418
8220
8419
8221
8420
8222
8421
8223
8422
8224
8423
8225
8424
8226
8425
8227
8426
8228
8427
8229
8428
8230
8429
8231
8430
8232
8431
8233
8432
8234
8433
8235
8434
8236
8435
8237
8436
8238
8437
8239
8438
8240
8439
8241
8440
8242
8441
8243
8442
8244
8443
8245
8444
8246
8445
8247
8446
8248
8447
8249
8448
8250
8449
8251
8450
8252
8451
8253
8452
8254
8453
8255
8454
8256
8455
8257
8456
8258
8457
8259
8458
8260
8459
8261
8460
8262
8461
8263
8462
8264
8463
8265
8464
8266
8465
8267
8466
8268
8467
8269
8468
8270
8469
8271
8470
8272
8471
8273
8472
8274
8473
8275
8474
8276
8475
8277
8476
8278
8477
8279
8478
8280
8479
8281
8480
8282
8481
8283
8482
8284
8483
8285
8484
8286
8485
8287
8486
8288
8487
8289
8488
8290
8489
8291
8490
8292
8491
8293
8492
8294
8493
8295
8494
8296
8495
8297
8496
8298
8497
8299
8498
8300
8499
8301
8500
8302
8501
8303
8502
8304
8503
8305
8504
8306
8505
8307
8506
8308
8507
8309
8508
8310
8509
8311
8510
8312
8511
8313
8512
8314
8513
8315
8514
8316
8515
8317
8516
8318
8517
8319
8518
8320
8519
8321
8520
8322
8521
8323
8522
8324
8523
8325
8524
8326
8525
8327
8526
8328
8527
8329
8528
8330
8529
8331
8530
8332
8531
8333
8532
8334
8533
8335
8534
8336
8535
8337
8536
8338
8537
8339
8538
8340
8539
8341
8540
8342
8541
8343
8542
8344
8543
8345
8544
8346
8545
8347
8546
8348
8547
8349
8548
8350
8549
8351
8550
8352
8551
8353
8552
8354
8553
8355
8554
8356
8555
8357
8556
8358
8557
8359
8558
8360
8559
8361
8560
8362
8561
8363
8562
8364
8563
8365
8564
8366
8565
8367
8566
8368
8567
8369
8568
8370
8569
8371
8570
8372
8571
8373
8572
8374
8573
8375
8574
8376
8575
8377
8576
8378
8577
8379
8578
8380
8579
8381
8580
8382
8581
8383
8582
8384
8583
8385
8584
8386
8585
8387
8586
8388
8587
8389
8588
8390
8589
8391
8590
8392
8591
8393
8592
8394
8593
8395
8594
8396
8595
8397
8596
8398
8597
8399
8598
8599
8401
8600
8402
8601
8403
8602
8404
8603
8405
8604
8406
8605
8407
8606
8408
8607
8409
8608
8410
8609
8411
8610
8412
8611
8413
8612
8414
8613
8415
8614
8416
8615
8417
8616
8418
8617
8419
8618
8420
8619
8421
8620
8422
8621
8423
8622
8424
8623
8425
8624
8426
8625
8427
8626
8428
8627
8429
8628
8430
8629
8431
8630
8432
8631
8433
8632
8434
8633
8435
8634
8436
8635
8437
8636
8438
8637
8439
8638
8440
8639
8441
8640
8442
8641
8443
8642
8444
8643
8445
8644
8446
8645
8447
8646
8448
8647
8449
8648
8450
8649
8451
8650
8452
8651
8453
8652
8454
8653
8455
8654
8456
8655
8457
8656
8458
8657
8459
8658
8460
8659
8461
8660
8462
8661
8463
8662
8464
8663
8465
8664
8466
8665
8467
8666
8468
8667
8469
8668
8470
8669
8471
8670
8472
8671
8473
8672
8474
8673
8475
8674
8476
8675
8477
8676
8478
8677
8479
8678
8480
8679
8481
8680
8482
8681
8483
8682
8484
8683
8485
8684
8486
8685
8487
8686
8488
8687
8489
8688
8490
8689
8491
8690
8492
8691
8493
8692
8494
8693
8495
8694
8496
8695
8497
8696
8498
8697
8499
8698
8500
8699
8501
8700
8502
8701
8503
8702
8504
8703
8505
8704
8506
8705
8507
8706
8508
8707
8509
8708
8510
8709
8511
8710
8512
8711
8513
8712
8514
8713
8515
8714
8516
8715
8517
8716
8518
8717
8519
8718
8520
8719
8521
8720
8522
8721
8523
8722
8524
8723
8525
8724
8526
8725
8527
8726
8528
8727
8529
8728
8530
8729
8531
8730
8532
8731
8533
8732
8534
8733
8535
8734
8536
8735
8537
8736
8538
8737
8539
8738
8540
8739
8541
8740
8542
8741
8543
8742
8544
8743
8545
8744
8546
8745
8547
8746
8548
8747
8549
8748
8550
8749
8551
8750
8552
8751
8553
8752
8554
8753
8555
8754
8556
8755
8557
8756
8558
8757
8559
8758
8560
8759
8561
8760
8562
8761
8563
8762
8564
8763
8565
8764
8566
8765
8567
8766
8568
8767
8569
8768
8570
8769
8571
8770
8572
8771
8573
8772
8574
8773
8575
8774
8576
8775
8577
8776
8578
8777
8579
8778
8580
8779
8581
8780
8582
8781
8583
8782
8584
8783
8585
8784
8586
8785
8587
8786
8588
8787
8589
8788
8590
8789
8591
8790
8592
8791
8593
8792
8594
8793
8595
8794
8596
8795
8597
8796
8598
8797
8599
8798
8799
8601
8800
8602
8801
8603
8802
8604
8803
8605
8804
8606
8805
8607
8806
8608
8807
8609
8808
8610
8809
8611
8810
8612
8811
8613
8812
8614
8813
8615
8814
8616
8815
8617
8816
8618
8817
8619
8818
8620
8819
8621
8820
8622
8821
8623
8822
8624
8823
8625
8824
8626
8825
8627
8826
8628
8827
8629
8828
8630
8829
8631
8830
8632
8831
8633
8832
8634
8833
8635
8834
8636
8835
8637
8836
8638
8837
8639
8838
8640
8839
8641
8840
8642
8841
8643
8842
8644
8843
8645
8844
8646
8845
8647
8846
8648
8847
8649
8848
8650
8849
8651
8850
8652
8851
8653
8852
8654
8853
8655
8854
8656
8855
8657
8856
8658
8857
8659
8858
8660
8859
8661
8860
8662
8861
8663
8862
8664
8863
8665
8864
8666
8865
8667
8866
8668
8867
8669
8868
8670
8869
8671
8870
8672
8871
8673
8872
8674
8873
8675
8874
8676
8875
8677
8876
8678
8877
8679
8878
8680
8879
8681
8880
8682
8881
8683
8882
8684
8883
8685
8884
8686
8885
8687
8886
8688
8887
8689
8888
8690
8889
8691
8890
8692
8891
8693
8892
8694
8893
8695
8894
8696
8895
8697
8896
8698
8897
8699
8898
8700
8899
8701
8900
8702
8901
8703
8902
8704
8903
8705
8904
8706
8905
8707
8906
8708
8907
8709
8908
8710
8909
8711
8910
8712
8911
8713
8912
8714
8913
8715
8914
8716
8915
8717
8916
8718
8917
8719
8918
8720
8919
8721
8920
8722
8921
8723
8922
8724
8923
8725
8924
8726
8925
8727
8926
8728
8927
8729
8928
8730
8929
8731
8930
8732
8931
8733
8932
8734
8933
8735
8934
8736
8935
8737
8936
8738
8937
8739
8938
8740
8939
8741
8940
8742
8941
8743
8942
8744
8943
8745
8944
8746
8945
8747
8946
8748
8947
8749
8948
8750
8949
8751
8950
8752
8951
8753
8952
8754
8953
8755
8954
8756
8955
8757
8956
8758
8957
8759
8958
8760
8959
8761
8960
8762
8961
8763
8962
8764
8963
8765
8964
8766
8965
8767
8966
8768
8967
8769
8968
8770
8969
8771
8970
8772
8971
8773
8972
8774
8973
8775
8974
8776
8975
8777
8976
8778
8977
8779
8978
8780
8979
8781
8980
8782
8981
8783
8982
8784
8983
8785
8984
8786
8985
8787
8986
8788
8987
8789
8988
8790
8989
8791
8990
8792
8991
8793
8992
8794
8993
8795
8994
8796
8995
8797
8996
8798
8997
8799
8998
8999
8801
9000
8802
9001
8803
9002
8804
9003
8805
9004
8806
9005
8807
9006
8808
9007
8809
9008
8810
9009
8811
9010
8812
9011
8813
9012
8814
9013
8815
9014
8816
9015
8817
9016
8818
9017
8819
9018
8820
9019
8821
9020
8822
9021
8823
9022
8824
9023
8825
9024
8826
9025
8827
9026
8828
9027
8829
9028
8830
9029
8831
9030
8832
9031
8833
9032
8834
9033
8835
9034
8836
9035
8837
9036
8838
9037
8839
9038
8840
9039
8841
9040
8842
9041
8843
9042
8844
9043
8845
9044
8846
9045
8847
9046
8848
9047
8849
9048
8850
9049
8851
9050
8852
9051
8853
9052
8854
9053
8855
9054
8856
9055
8857
9056
8858
9057
8859
9058
8860
9059
8861
9060
8862
9061
8863
9062
8864
9063
8865
9064
8866
9065
8867
9066
8868
9067
8869
9068
8870
9069
8871
9070
8872
9071
8873
9072
8874
9073
8875
9074
8876
9075
8877
9076
8878
9077
8879
9078
8880
9079
8881
9080
8882
9081
8883
9082
8884
9083
8885
9084
8886
9085
8887
9086
8888
9087
8889
9088
8890
9089
8891
9090
8892
9091
8893
9092
8894
9093
8895
9094
8896
9095
8897
9096
8898
9097
8899
9098
8900
9099
8901
9100
8902
9101
8903
9102
8904
9103
8905
9104
8906
9105
8907
9106
8908
9107
8909
9108
8910
9109
8911
9110
8912
9111
8913
9112
8914
9113
8915
9114
8916
9115
8917
9116
8918
9117
8919
9118
8920
9119
8921
9120
8922
9121
8923
9122
8924
9123
8925
9124
8926
9125
8927
9126
8928
9127
8929
9128
8930
9129
8931
9130
8932
9131
8933
9132
8934
9133
8935
9134
8936
9135
8937
9136
8938
9137
8939
9138
8940
9139
8941
9140
8942
9141
8943
9142
8944
9143
8945
9144
8946
9145
8947
9146
8948
9147
8949
9148
8950
9149
8951
9150
8952
9151
8953
9152
8954
9153
8955
9154
8956
9155
8957
9156
8958
9157
8959
9158
8960
9159
8961
9160
8962
9161
8963
9162
8964
9163
8965
9164
8966
9165
8967
9166
8968
9167
8969
9168
8970
9169
8971
9170
8972
9171
8973
9172
8974
9173
8975
9174
8976
9175
8977
9176
8978
9177
8979
9178
8980
9179
8981
9180
8982
9181
8983
9182
8984
9183
8985
9184
8986
9185
8987
9186
8988
9187
8989
9188
8990
9189
8991
9190
8992
9191
8993
9192
8994
9193
8995
9194
8996
9195
8997
9196
8998
9197
8999
9198
9199
9001
9200
9002
9201
9003
9202
9004
9203
9005
9204
9006
9205
9007
9206
9008
9207
9009
9208
9010
9209
9011
9210
9012
9211
9013
9212
9014
9213
9015
9214
9016
9215
9017
9216
9018
9217
9019
9218
9020
9219
9021
9220
9022
9221
9023
9222
9024
9223
9025
9224
9026
9225
9027
9226
9028
9227
9029
9228
9030
9229
9031
9230
9032
9231
9033
9232
9034
9233
9035
9234
9036
9235
9037
9236
9038
9237
9039
9238
9040
9239
9041
9240
9042
9241
9043
9242
9044
9243
9045
9244
9046
9245
9047
9246
9048
9247
9049
9248
9050
9249
9051
9250
9052
9251
9053
9252
9054
9253
9055
9254
9056
9255
9057
9256
9058
9257
9059
9258
9060
9259
9061
9260
9062
9261
9063
9262
9064
9263
9065
9264
9066
9265
9067
9266
9068
9267
9069
9268
9070
9269
9071
9270
9072
9271
9073
9272
9074
9273
9075
9274
9076
9275
9077
9276
9078
9277
9079
9278
9080
9279
9081
9280
9082
9281
9083
9282
9084
9283
9085
9284
9086
9285
9087
9286
9088
9287
9089
9288
9090
9289
9091
9290
9092
9291
9093
9292
9094
9293
9095
9294
9096
9295
9097
9296
9098
9297
9099
9298
9100
9299
9101
9300
9102
9301
9103
9302
9104
9303
9105
9304
9106
9305
9107
9306
9108
9307
9109
9308
9110
9309
9111
9310
9112
9311
9113
9312
9114
9313
9115
9314
9116
9315
9117
9316
9118
9317
9119
9318
9120
9319
9121
9320
9122
9321
9123
9322
9124
9323
9125
9324
9126
9325
9127
9326
9128
9327
9129
9328
9130
9329
9131
9330
9132
9331
9133
9332
9134
9333
9135
9334
9136
9335
9137
9336
9138
9337
9139
9338
9140
9339
9141
9340
9142
9341
9143
9342
9144
9343
9145
9344
9146
9345
9147
9346
9148
9347
9149
9348
9150
9349
9151
9350
9152
9351
9153
9352
9154
9353
9155
9354
9156
9355
9157
9356
9158
9357
9159
9358
9160
9359
9161
9360
9162
9361
9163
9362
9164
9363
9165
9364
9166
9365
9167
9366
9168
9367
9169
9368
9170
9369
9171
9370
9172
9371
9173
9372
9174
9373
9175
9374
9176
9375
9177
9376
9178
9377
9179
9378
9180
9379
9181
9380
9182
9381
9183
9382
9184
9383
9185
9384
9186
9385
9187
9386
9188
9387
9189
9388
9190
9389
9191
9390
9192
9391
9193
9392
9194
9393
9195
9394
9196
9395
9197
9396
9198
9397
9199
9398
9399
9201
9400
9202
9401
9203
9402
9204
9403
9205
9404
9206
9405
9207
9406
9208
9407
9209
9408
9210
9409
9211
9410
9212
9411
9213
9412
9214
9413
9215
9414
9216
9415
9217
9416
9218
9417
9219
9418
9220
9419
9221
9420
9222
9421
9223
9422
9224
9423
9225
9424
9226
9425
9227
9426
9228
9427
9229
9428
9230
9429
9231
9430
9232
9431
9233
9432
9234
9433
9235
9434
9236
9435
9237
9436
9238
9437
9239
9438
9240
9439
9241
9440
9242
9441
9243
9442
9244
9443
9245
9444
9246
9445
9247
9446
9248
9447
9249
9448
9250
9449
9251
9450
9252
9451
9253
9452
9254
9453
9255
9454
9256
9455
9257
9456
9258
9457
9259
9458
9260
9459
9261
9460
9262
9461
9263
9462
9264
9463
9265
9464
9266
9465
9267
9466
9268
9467
9269
9468
9270
9469
9271
9470
9272
9471
9273
9472
9274
9473
9275
9474
9276
9475
9277
9476
9278
9477
9279
9478
9280
9479
9281
9480
9282
9481
9283
9482
9284
9483
9285
9484
9286
9485
9287
9486
9288
9487
9289
9488
9290
9489
9291
9490
9292
9491
9293
9492
9294
9493
9295
9494
9296
9495
9297
9496
9298
9497
9299
9498
9300
9499
9301
9500
9302
9501
9303
9502
9304
9503
9305
9504
9306
9505
9307
9506
9308
9507
9309
9508
9310
9509
9311
9510
9312
9511
9313
9512
9314
9513
9315
9514
9316
9515
9317
9516
9318
9517
9319
9518
9320
9519
9321
9520
9322
9521
9323
9522
9324
9523
9325
9524
9326
9525
9327
9526
9328
9527
9329
9528
9330
9529
9331
9530
9332
9531
9333
9532
9334
9533
9335
9534
9336
9535
9337
9536
9338
9537
9339
9538
9340
9539
9341
9540
9342
9541
9343
9542
9344
9543
9345
9544
9346
9545
9347
9546
9348
9547
9349
9548
9350
9549
9351
9550
9352
9551
9353
9552
9354
9553
9355
9554
9356
9555
9357
9556
9358
9557
9359
9558
9360
9559
9361
9560
9362
9561
9363
9562
9364
9563
9365
9564
9366
9565
9367
9566
9368
9567
9369
9568
9370
9569
9371
9570
9372
9571
9373
9572
9374
9573
9375
9574
9376
9575
9377
9576
9378
9577
9379
9578
9380
9579
9381
9580
9382
9581
9383
9582
9384
9583
9385
9584
9386
9585
9387
9586
9388
9587
9389
9588
9390
9589
9391
9590
9392
9591
9393
9592
9394
9593
9395
9594
9396
9595
9397
9596
9398
9597
9399
9598
9599
9401
9600
9402
9601
9403
9602
9404
9603
9405
9604
9406
9605
9407
9606
9408
9607
9409
9608
9410
9609
9411
9610
9412
9611
9413
9612
9414
9613
9415
9614
9416
9615
9417
9616
9418
9617
9419
9618
9420
9619
9421
9620
9422
9621
9423
9622
9424
9623
9425
9624
9426
9625
9427
9626
9428
9627
9429
9628
9430
9629
9431
9630
9432
9631
9433
9632
9434
9633
9435
9634
9436
9635
9437
9636
9438
9637
9439
9638
9440
9639
9441
9640
9442
9641
9443
9642
9444
9643
9445
9644
9446
9645
9447
9646
9448
9647
9449
9648
9450
9649
9451
9650
9452
9651
9453
9652
9454
9653
9455
9654
9456
9655
9457
9656
9458
9657
9459
9658
9460
9659
9461
9660
9462
9661
9463
9662
9464
9663
9465
9664
9466
9665
9467
9666
9468
9667
9469
9668
9470
9669
9471
9670
9472
9671
9473
9672
9474
9673
9475
9674
9476
9675
9477
9676
9478
9677
9479
9678
9480
9679
9481
9680
9482
9681
9483
9682
9484
9683
9485
9684
9486
9685
9487
9686
9488
9687
9489
9688
9490
9689
9491
9690
9492
9691
9493
9692
9494
9693
9495
9694
9496
9695
9497
9696
9498
9697
9499
9698
9500
9699
9501
9700
9502
9701
9503
9702
9504
9703
9505
9704
9506
9705
9507
9706
9508
9707
9509
9708
9510
9709
9511
9710
9512
9711
9513
9712
9514
9713
9515
9714
9516
9715
9517
9716
9518
9717
9519
9718
9520
9719
9521
9720
9522
9721
9523
9722
9524
9723
9525
9724
9526
9725
9527
9726
9528
9727
9529
9728
9530
9729
9531
9730
9532
9731
9533
9732
9534
9733
9535
9734
9536
9735
9537
9736
9538
9737
9539
9738
9540
9739
9541
9740
9542
9741
9543
9742
9544
9743
9545
9744
9546
9745
9547
9746
9548
9747
9549
9748
9550
9749
9551
9750
9552
9751
9553
9752
9554
9753
9555
9754
9556
9755
9557
9756
9558
9757
9559
9758
9560
9759
9561
9760
9562
9761
9563
9762
9564
9763
9565
9764
9566
9765
9567
9766
9568
9767
9569
9768
9570
9769
9571
9770
9572
9771
9573
9772
9574
9773
9575
9774
9576
9775
9577
9776
9578
9777
9579
9778
9580
9779
9581
9780
9582
9781
9583
9782
9584
9783
9585
9784
9586
9785
9587
9786
9588
9787
9589
9788
9590
9789
9591
9790
9592
9791
9593
9792
9594
9793
9595
9794
9596
9795
9597
9796
9598
9797
9599
9798
9799
9601
9800
9602
9801
9603
9802
9604
9803
9605
9804
9606
9805
9607
9806
9608
9807
9609
9808
9610
9809
9611
9810
9612
9811
9613
9812
9614
9813
9615
9814
9616
9815
9617
9816
9618
9817
9619
9818
9620
9819
9621
9820
9622
9821
9623
9822
9624
9823
9625
9824
9626
9825
9627
9826
9628
9827
9629
9828
9630
9829
9631
9830
9632
9831
9633
9832
9634
9833
9635
9834
9636
9835
9637
9836
9638
9837
9639
9838
9640
9839
9641
9840
9642
9841
9643
9842
9644
9843
9645
9844
9646
9845
9647
9846
9648
9847
9649
9848
9650
9849
9651
9850
9652
9851
9653
9852
9654
9853
9655
9854
9656
9855
9657
9856
9658
9857
9659
9858
9660
9859
9661
9860
9662
9861
9663
9862
9664
9863
9665
9864
9666
9865
9667
9866
9668
9867
9669
9868
9670
9869
9671
9870
9672
9871
9673
9872
9674
9873
9675
9874
9676
9875
9677
9876
9678
9877
9679
9878
9680
9879
9681
9880
9682
9881
9683
9882
9684
9883
9685
9884
9686
9885
9687
9886
9688
9887
9689
9888
9690
9889
9691
9890
9692
9891
9693
9892
9694
9893
9695
9894
9696
9895
9697
9896
9698
9897
9699
9898
9700
9899
9701
9900
9702
9901
9703
9902
9704
9903
9705
9904
9706
9905
9707
9906
9708
9907
9709
9908
9710
9909
9711
9910
9712
9911
9713
9912
9714
9913
9715
9914
9716
9915
9717
9916
9718
9917
9719
9918
9720
9919
9721
9920
9722
9921
9723
9922
9724
9923
9725
9924
9726
9925
9727
9926
9728
9927
9729
9928
9730
9929
9731
9930
9732
9931
9733
9932
9734
9933
9735
9934
9736
9935
9737
9936
9738
9937
9739
9938
9740
9939
9741
9940
9742
9941
9743
9942
9744
9943
9745
9944
9746
9945
9747
9946
9748
9947
9749
9948
9750
9949
9751
9950
9752
9951
9753
9952
9754
9953
9755
9954
9756
9955
9757
9956
9758
9957
9759
9958
9760
9959
9761
9960
9762
9961
9763
9962
9764
9963
9765
9964
9766
9965
9767
9966
9768
9967
9769
9968
9770
9969
9771
9970
9772
9971
9773
9972
9774
9973
9775
9974
9776
9975
9777
9976
9778
9977
9779
9978
9780
9979
9781
9980
9782
9981
9783
9982
9784
9983
9785
9984
9786
9985
9787
9986
9788
9987
9789
9988
9790
9989
9791
9990
9792
9991
9793
9992
9794
9993
9795
9994
9796
9995
9797
9996
9798
9997
9799
9998
9999
9801
10000
9802
10001
9803
10002
9804
10003
9805
10004
9806
10005
9807
10006
9808
10007
9809
10008
9810
10009
9811
10010
9812
10011
9813
10012
9814
10013
9815
10014
9816
10015
9817
10016
9818
10017
9819
10018
9820
10019
9821
10020
9822
10021
9823
10022
9824
10023
9825
10024
9826
10025
9827
10026
9828
10027
9829
10028
9830
10029
9831
10030
9832
10031
9833
10032
9834
10033
9835
10034
9836
10035
9837
10036
9838
10037
9839
10038
9840
10039
9841
10040
9842
10041
9843
10042
9844
10043
9845
10044
9846
10045
9847
10046
9848
10047
9849
10048
9850
10049
9851
10050
9852
10051
9853
10052
9854
10053
9855
10054
9856
10055
9857
10056
9858
10057
9859
10058
9860
10059
9861
10060
9862
10061
9863
10062
9864
10063
9865
10064
9866
10065
9867
10066
9868
10067
9869
10068
9870
10069
9871
10070
9872
10071
9873
10072
9874
10073
9875
10074
9876
10075
9877
10076
9878
10077
9879
10078
9880
10079
9881
10080
9882
10081
9883
10082
9884
10083
9885
10084
9886
10085
9887
10086
9888
10087
9889
10088
9890
10089
9891
10090
9892
10091
9893
10092
9894
10093
9895
10094
9896
10095
9897
10096
9898
10097
9899
10098
9900
10099
9901
10100
9902
10101
9903
10102
9904
10103
9905
10104
9906
10105
9907
10106
9908
10107
9909
10108
9910
10109
9911
10110
9912
10111
9913
10112
9914
10113
9915
10114
9916
10115
9917
10116
9918
10117
9919
10118
9920
10119
9921
10120
9922
10121
9923
10122
9924
10123
9925
10124
9926
10125
9927
10126
9928
10127
9929
10128
9930
10129
9931
10130
9932
10131
9933
10132
9934
10133
9935
10134
9936
10135
9937
10136
9938
10137
9939
10138
9940
10139
9941
10140
9942
10141
9943
10142
9944
10143
9945
10144
9946
10145
9947
10146
9948
10147
9949
10148
9950
10149
9951
10150
9952
10151
9953
10152
9954
10153
9955
10154
9956
10155
9957
10156
9958
10157
9959
10158
9960
10159
9961
10160
9962
10161
9963
10162
9964
10163
9965
10164
9966
10165
9967
10166
9968
10167
9969
10168
9970
10169
9971
10170
9972
10171
9973
10172
9974
10173
9975
10174
9976
10175
9977
10176
9978
10177
9979
10178
9980
10179
9981
10180
9982
10181
9983
10182
9984
10183
9985
10184
9986
10185
9987
10186
9988
10187
9989
10188
9990
10189
9991
10190
9992
10191
9993
10192
9994
10193
9995
10194
9996
10195
9997
10196
9998
10197
9999
10198
10199
10001
10200
10002
10201
10003
10202
10004
10203
10005
10204
10006
10205
10007
10206
10008
10207
10009
10208
10010
10209
10011
10210
10012
10211
10013
10212
10014
10213
10015
10214
10016
10215
10017
10216
10018
10217
10019
10218
10020
10219
10021
10220
10022
10221
10023
10222
10024
10223
10025
10224
10026
10225
10027
10226
10028
10227
10029
10228
10030
10229
10031
10230
10032
10231
10033
10232
10034
10233
10035
10234
10036
10235
10037
10236
10038
10237
10039
10238
10040
10239
10041
10240
10042
10241
10043
10242
10044
10243
10045
10244
10046
10245
10047
10246
10048
10247
10049
10248
10050
10249
10051
10250
10052
10251
10053
10252
10054
10253
10055
10254
10056
10255
10057
10256
10058
10257
10059
10258
10060
10259
10061
10260
10062
10261
10063
10262
10064
10263
10065
10264
10066
10265
10067
10266
10068
10267
10069
10268
10070
10269
10071
10270
10072
10271
10073
10272
10074
10273
10075
10274
10076
10275
10077
10276
10078
10277
10079
10278
10080
10279
10081
10280
10082
10281
10083
10282
10084
10283
10085
10284
10086
10285
10087
10286
10088
10287
10089
10288
10090
10289
10091
10290
10092
10291
10093
10292
10094
10293
10095
10294
10096
10295
10097
10296
10098
10297
10099
10298
10100
10299
10101
10300
10102
10301
10103
10302
10104
10303
10105
10304
10106
10305
10107
10306
10108
10307
10109
10308
10110
10309
10111
10310
10112
10311
10113
10312
10114
10313
10115
10314
10116
10315
10117
10316
10118
10317
10119
10318
10120
10319
10121
10320
10122
10321
10123
10322
10124
10323
10125
10324
10126
10325
10127
10326
10128
10327
10129
10328
10130
10329
10131
10330
10132
10331
10133
10332
10134
10333
10135
10334
10136
10335
10137
10336
10138
10337
10139
10338
10140
10339
10141
10340
10142
10341
10143
10342
10144
10343
10145
10344
10146
10345
10147
10346
10148
10347
10149
10348
10150
10349
10151
10350
10152
10351
10153
10352
10154
10353
10155
10354
10156
10355
10157
10356
10158
10357
10159
10358
10160
10359
10161
10360
10162
10361
10163
10362
10164
10363
10165
10364
10166
10365
10167
10366
10168
10367
10169
10368
10170
10369
10171
10370
10172
10371
10173
10372
10174
10373
10175
10374
10176
10375
10177
10376
10178
10377
10179
10378
10180
10379
10181
10380
10182
10381
10183
10382
10184
10383
10185
10384
10186
10385
10187
10386
10188
10387
10189
10388
10190
10389
10191
10390
10192
10391
10193
10392
10194
10393
10195
10394
10196
10395
10197
10396
10198
10397
10199
10398
10399
10201
10400
10202
10401
10203
10402
10204
10403
10205
10404
10206
10405
10207
10406
10208
10407
10209
10408
10210
10409
10211
10410
10212
10411
10213
10412
10214
10413
10215
10414
10216
10415
10217
10416
10218
10417
10219
10418
10220
10419
10221
10420
10222
10421
10223
10422
10224
10423
10225
10424
10226
10425
10227
10426
10228
10427
10229
10428
10230
10429
10231
10430
10232
10431
10233
10432
10234
10433
10235
10434
10236
10435
10237
10436
10238
10437
10239
10438
10240
10439
10241
10440
10242
10441
10243
10442
10244
10443
10245
10444
10246
10445
10247
10446
10248
10447
10249
10448
10250
10449
10251
10450
10252
10451
10253
10452
10254
10453
10255
10454
10256
10455
10257
10456
10258
10457
10259
10458
10260
10459
10261
10460
10262
10461
10263
10462
10264
10463
10265
10464
10266
10465
10267
10466
10268
10467
10269
10468
10270
10469
10271
10470
10272
10471
10273
10472
10274
10473
10275
10474
10276
10475
10277
10476
10278
10477
10279
10478
10280
10479
10281
10480
10282
10481
10283
10482
10284
10483
10285
10484
10286
10485
10287
10486
10288
10487
10289
10488
10290
10489
10291
10490
10292
10491
10293
10492
10294
10493
10295
10494
10296
10495
10297
10496
10298
10497
10299
10498
10300
10499
10301
10500
10302
10501
10303
10502
10304
10503
10305
10504
10306
10505
10307
10506
10308
10507
10309
10508
10310
10509
10311
10510
10312
10511
10313
10512
10314
10513
10315
10514
10316
10515
10317
10516
10318
10517
10319
10518
10320
10519
10321
10520
10322
10521
10323
10522
10324
10523
10325
10524
10326
10525
10327
10526
10328
10527
10329
10528
10330
10529
10331
10530
10332
10531
10333
10532
10334
10533
10335
10534
10336
10535
10337
10536
10338
10537
10339
10538
10340
10539
10341
10540
10342
10541
10343
10542
10344
10543
10345
10544
10346
10545
10347
10546
10348
10547
10349
10548
10350
10549
10351
10550
10352
10551
10353
10552
10354
10553
10355
10554
10356
10555
10357
10556
10358
10557
10359
10558
10360
10559
10361
10560
10362
10561
10363
10562
10364
10563
10365
10564
10366
10565
10367
10566
10368
10567
10369
10568
10370
10569
10371
10570
10372
10571
10373
10572
10374
10573
10375
10574
10376
10575
10377
10576
10378
10577
10379
10578
10380
10579
10381
10580
10382
10581
10383
10582
10384
10583
10385
10584
10386
10585
10387
10586
10388
10587
10389
10588
10390
10589
10391
10590
10392
10591
10393
10592
10394
10593
10395
10594
10396
10595
10397
10596
10398
10597
10399
10598
10599
10401
10600
10402
10601
10403
10602
10404
10603
10405
10604
10406
10605
10407
10606
10408
10607
10409
10608
10410
10609
10411
10610
10412
10611
10413
10612
10414
10613
10415
10614
10416
10615
10417
10616
10418
10617
10419
10618
10420
10619
10421
10620
10422
10621
10423
10622
10424
10623
10425
10624
10426
10625
10427
10626
10428
10627
10429
10628
10430
10629
10431
10630
10432
10631
10433
10632
10434
10633
10435
10634
10436
10635
10437
10636
10438
10637
10439
10638
10440
10639
10441
10640
10442
10641
10443
10642
10444
10643
10445
10644
10446
10645
10447
10646
10448
10647
10449
10648
10450
10649
10451
10650
10452
10651
10453
10652
10454
10653
10455
10654
10456
10655
10457
10656
10458
10657
10459
10658
10460
10659
10461
10660
10462
10661
10463
10662
10464
10663
10465
10664
10466
10665
10467
10666
10468
10667
10469
10668
10470
10669
10471
10670
10472
10671
10473
10672
10474
10673
10475
10674
10476
10675
10477
10676
10478
10677
10479
10678
10480
10679
10481
10680
10482
10681
10483
10682
10484
10683
10485
10684
10486
10685
10487
10686
10488
10687
10489
10688
10490
10689
10491
10690
10492
10691
10493
10692
10494
10693
10495
10694
10496
10695
10497
10696
10498
10697
10499
10698
10500
10699
10501
10700
10502
10701
10503
10702
10504
10703
10505
10704
10506
10705
10507
10706
10508
10707
10509
10708
10510
10709
10511
10710
10512
10711
10513
10712
10514
10713
10515
10714
10516
10715
10517
10716
10518
10717
10519
10718
10520
10719
10521
10720
10522
10721
10523
10722
10524
10723
10525
10724
10526
10725
10527
10726
10528
10727
10529
10728
10530
10729
10531
10730
10532
10731
10533
10732
10534
10733
10535
10734
10536
10735
10537
10736
10538
10737
10539
10738
10540
10739
10541
10740
10542
10741
10543
10742
10544
10743
10545
10744
10546
10745
10547
10746
10548
10747
10549
10748
10550
10749
10551
10750
10552
10751
10553
10752
10554
10753
10555
10754
10556
10755
10557
10756
10558
10757
10559
10758
10560
10759
10561
10760
10562
10761
10563
10762
10564
10763
10565
10764
10566
10765
10567
10766
10568
10767
10569
10768
10570
10769
10571
10770
10572
10771
10573
10772
10574
10773
10575
10774
10576
10775
10577
10776
10578
10777
10579
10778
10580
10779
10581
10780
10582
10781
10583
10782
10584
10783
10585
10784
10586
10785
10587
10786
10588
10787
10589
10788
10590
10789
10591
10790
10592
10791
10593
10792
10594
10793
10595
10794
10596
10795
10597
10796
10598
10797
10599
10798
10799
10601
10800
10602
10801
10603
10802
10604
10803
10605
10804
10606
10805
10607
10806
10608
10807
10609
10808
10610
10809
10611
10810
10612
10811
10613
10812
10614
10813
10615
10814
10616
10815
10617
10816
10618
10817
10619
10818
10620
10819
10621
10820
10622
10821
10623
10822
10624
10823
10625
10824
10626
10825
10627
10826
10628
10827
10629
10828
10630
10829
10631
10830
10632
10831
10633
10832
10634
10833
10635
10834
10636
10835
10637
10836
10638
10837
10639
10838
10640
10839
10641
10840
10642
10841
10643
10842
10644
10843
10645
10844
10646
10845
10647
10846
10648
10847
10649
10848
10650
10849
10651
10850
10652
10851
10653
10852
10654
10853
10655
10854
10656
10855
10657
10856
10658
10857
10659
10858
10660
10859
10661
10860
10662
10861
10663
10862
10664
10863
10665
10864
10666
10865
10667
10866
10668
10867
10669
10868
10670
10869
10671
10870
10672
10871
10673
10872
10674
10873
10675
10874
10676
10875
10677
10876
10678
10877
10679
10878
10680
10879
10681
10880
10682
10881
10683
10882
10684
10883
10685
10884
10686
10885
10687
10886
10688
10887
10689
10888
10690
10889
10691
10890
10692
10891
10693
10892
10694
10893
10695
10894
10696
10895
10697
10896
10698
10897
10699
10898
10700
10899
10701
10900
10702
10901
10703
10902
10704
10903
10705
10904
10706
10905
10707
10906
10708
10907
10709
10908
10710
10909
10711
10910
10712
10911
10713
10912
10714
10913
10715
10914
10716
10915
10717
10916
10718
10917
10719
10918
10720
10919
10721
10920
10722
10921
10723
10922
10724
10923
10725
10924
10726
10925
10727
10926
10728
10927
10729
10928
10730
10929
10731
10930
10732
10931
10733
10932
10734
10933
10735
10934
10736
10935
10737
10936
10738
10937
10739
10938
10740
10939
10741
10940
10742
10941
10743
10942
10744
10943
10745
10944
10746
10945
10747
10946
10748
10947
10749
10948
10750
10949
10751
10950
10752
10951
10753
10952
10754
10953
10755
10954
10756
10955
10757
10956
10758
10957
10759
10958
10760
10959
10761
10960
10762
10961
10763
10962
10764
10963
10765
10964
10766
10965
10767
10966
10768
10967
10769
10968
10770
10969
10771
10970
10772
10971
10773
10972
10774
10973
10775
10974
10776
10975
10777
10976
10778
10977
10779
10978
10780
10979
10781
10980
10782
10981
10783
10982
10784
10983
10785
10984
10786
10985
10787
10986
10788
10987
10789
10988
10790
10989
10791
10990
10792
10991
10793
10992
10794
10993
10795
10994
10796
10995
10797
10996
10798
10997
10799
10998
10999
10801
11000
10802
11001
10803
11002
10804
11003
10805
11004
10806
11005
10807
11006
10808
11007
10809
11008
10810
11009
10811
11010
10812
11011
10813
11012
10814
11013
10815
11014
10816
11015
10817
11016
10818
11017
10819
11018
10820
11019
10821
11020
10822
11021
10823
11022
10824
11023
10825
11024
10826
11025
10827
11026
10828
11027
10829
11028
10830
11029
10831
11030
10832
11031
10833
11032
10834
11033
10835
11034
10836
11035
10837
11036
10838
11037
10839
11038
10840
11039
10841
11040
10842
11041
10843
11042
10844
11043
10845
11044
10846
11045
10847
11046
10848
11047
10849
11048
10850
11049
10851
11050
10852
11051
10853
11052
10854
11053
10855
11054
10856
11055
10857
11056
10858
11057
10859
11058
10860
11059
10861
11060
10862
11061
10863
11062
10864
11063
10865
11064
10866
11065
10867
11066
10868
11067
10869
11068
10870
11069
10871
11070
10872
11071
10873
11072
10874
11073
10875
11074
10876
11075
10877
11076
10878
11077
10879
11078
10880
11079
10881
11080
10882
11081
10883
11082
10884
11083
10885
11084
10886
11085
10887
11086
10888
11087
10889
11088
10890
11089
10891
11090
10892
11091
10893
11092
10894
11093
10895
11094
10896
11095
10897
11096
10898
11097
10899
11098
10900
11099
10901
11100
10902
11101
10903
11102
10904
11103
10905
11104
10906
11105
10907
11106
10908
11107
10909
11108
10910
11109
10911
11110
10912
11111
10913
11112
10914
11113
10915
11114
10916
11115
10917
11116
10918
11117
10919
11118
10920
11119
10921
11120
10922
11121
10923
11122
10924
11123
10925
11124
10926
11125
10927
11126
10928
11127
10929
11128
10930
11129
10931
11130
10932
11131
10933
11132
10934
11133
10935
11134
10936
11135
10937
11136
10938
11137
10939
11138
10940
11139
10941
11140
10942
11141
10943
11142
10944
11143
10945
11144
10946
11145
10947
11146
10948
11147
10949
11148
10950
11149
10951
11150
10952
11151
10953
11152
10954
11153
10955
11154
10956
11155
10957
11156
10958
11157
10959
11158
10960
11159
10961
11160
10962
11161
10963
11162
10964
11163
10965
11164
10966
11165
10967
11166
10968
11167
10969
11168
10970
11169
10971
11170
10972
11171
10973
11172
10974
11173
10975
11174
10976
11175
10977
11176
10978
11177
10979
11178
10980
11179
10981
11180
10982
11181
10983
11182
10984
11183
10985
11184
10986
11185
10987
11186
10988
11187
10989
11188
10990
11189
10991
11190
10992
11191
10993
11192
10994
11193
10995
11194
10996
11195
10997
11196
10998
11197
10999
11198
11199
11001
11200
11002
11201
11003
11202
11004
11203
11005
11204
11006
11205
11007
11206
11008
11207
11009
11208
11010
11209
11011
11210
11012
11211
11013
11212
11014
11213
11015
11214
11016
11215
11017
11216
11018
11217
11019
11218
11020
11219
11021
11220
11022
11221
11023
11222
11024
11223
11025
11224
11026
11225
11027
11226
11028
11227
11029
11228
11030
11229
11031
11230
11032
11231
11033
11232
11034
11233
11035
11234
11036
11235
11037
11236
11038
11237
11039
11238
11040
11239
11041
11240
11042
11241
11043
11242
11044
11243
11045
11244
11046
11245
11047
11246
11048
11247
11049
11248
11050
11249
11051
11250
11052
11251
11053
11252
11054
11253
11055
11254
11056
11255
11057
11256
11058
11257
11059
11258
11060
11259
11061
11260
11062
11261
11063
11262
11064
11263
11065
11264
11066
11265
11067
11266
11068
11267
11069
11268
11070
11269
11071
11270
11072
11271
11073
11272
11074
11273
11075
11274
11076
11275
11077
11276
11078
11277
11079
11278
11080
11279
11081
11280
11082
11281
11083
11282
11084
11283
11085
11284
11086
11285
11087
11286
11088
11287
11089
11288
11090
11289
11091
11290
11092
11291
11093
11292
11094
11293
11095
11294
11096
11295
11097
11296
11098
11297
11099
11298
11100
11299
11101
11300
11102
11301
11103
11302
11104
11303
11105
11304
11106
11305
11107
11306
11108
11307
11109
11308
11110
11309
11111
11310
11112
11311
11113
11312
11114
11313
11115
11314
11116
11315
11117
11316
11118
11317
11119
11318
11120
11319
11121
11320
11122
11321
11123
11322
11124
11323
11125
11324
11126
11325
11127
11326
11128
11327
11129
11328
11130
11329
11131
11330
11132
11331
11133
11332
11134
11333
11135
11334
11136
11335
11137
11336
11138
11337
11139
11338
11140
11339
11141
11340
11142
11341
11143
11342
11144
11343
11145
11344
11146
11345
11147
11346
11148
11347
11149
11348
11150
11349
11151
11350
11152
11351
11153
11352
11154
11353
11155
11354
11156
11355
11157
11356
11158
11357
11159
11358
11160
11359
11161
11360
11162
11361
11163
11362
11164
11363
11165
11364
11166
11365
11167
11366
11168
11367
11169
11368
11170
11369
11171
11370
11172
11371
11173
11372
11174
11373
11175
11374
11176
11375
11177
11376
11178
11377
11179
11378
11180
11379
11181
11380
11182
11381
11183
11382
11184
11383
11185
11384
11186
11385
11187
11386
11188
11387
11189
11388
11190
11389
11191
11390
11192
11391
11193
11392
11194
11393
11195
11394
11196
11395
11197
11396
11198
11397
11199
11398
11399
11201
11400
11202
11401
11203
11402
11204
11403
11205
11404
11206
11405
11207
11406
11208
11407
11209
11408
11210
11409
11211
11410
11212
11411
11213
11412
11214
11413
11215
11414
11216
11415
11217
11416
11218
11417
11219
11418
11220
11419
11221
11420
11222
11421
11223
11422
11224
11423
11225
11424
11226
11425
11227
11426
11228
11427
11229
11428
11230
11429
11231
11430
11232
11431
11233
11432
11234
11433
11235
11434
11236
11435
11237
11436
11238
11437
11239
11438
11240
11439
11241
11440
11242
11441
11243
11442
11244
11443
11245
11444
11246
11445
11247
11446
11248
11447
11249
11448
11250
11449
11251
11450
11252
11451
11253
11452
11254
11453
11255
11454
11256
11455
11257
11456
11258
11457
11259
11458
11260
11459
11261
11460
11262
11461
11263
11462
11264
11463
11265
11464
11266
11465
11267
11466
11268
11467
11269
11468
11270
11469
11271
11470
11272
11471
11273
11472
11274
11473
11275
11474
11276
11475
11277
11476
11278
11477
11279
11478
11280
11479
11281
11480
11282
11481
11283
11482
11284
11483
11285
11484
11286
11485
11287
11486
11288
11487
11289
11488
11290
11489
11291
11490
11292
11491
11293
11492
11294
11493
11295
11494
11296
11495
11297
11496
11298
11497
11299
11498
11300
11499
11301
11500
11302
11501
11303
11502
11304
11503
11305
11504
11306
11505
11307
11506
11308
11507
11309
11508
11310
11509
11311
11510
11312
11511
11313
11512
11314
11513
11315
11514
11316
11515
11317
11516
11318
11517
11319
11518
11320
11519
11321
11520
11322
11521
11323
11522
11324
11523
11325
11524
11326
11525
11327
11526
11328
11527
11329
11528
11330
11529
11331
11530
11332
11531
11333
11532
11334
11533
11335
11534
11336
11535
11337
11536
11338
11537
11339
11538
11340
11539
11341
11540
11342
11541
11343
11542
11344
11543
11345
11544
11346
11545
11347
11546
11348
11547
11349
11548
11350
11549
11351
11550
11352
11551
11353
11552
11354
11553
11355
11554
11356
11555
11357
11556
11358
11557
11359
11558
11360
11559
11361
11560
11362
11561
11363
11562
11364
11563
11365
11564
11366
11565
11367
11566
11368
11567
11369
11568
11370
11569
11371
11570
11372
11571
11373
11572
11374
11573
11375
11574
11376
11575
11377
11576
11378
11577
11379
11578
11380
11579
11381
11580
11382
11581
11383
11582
11384
11583
11385
11584
11386
11585
11387
11586
11388
11587
11389
11588
11390
11589
11391
11590
11392
11591
11393
11592
11394
11593
11395
11594
11396
11595
11397
11596
11398
11597
11399
11598
11599
11401
11600
11402
11601
11403
11602
11404
11603
11405
11604
11406
11605
11407
11606
11408
11607
11409
11608
11410
11609
11411
11610
11412
11611
11413
11612
11414
11613
11415
11614
11416
11615
11417
11616
11418
11617
11419
11618
11420
11619
11421
11620
11422
11621
11423
11622
11424
11623
11425
11624
11426
11625
11427
11626
11428
11627
11429
11628
11430
11629
11431
11630
11432
11631
11433
11632
11434
11633
11435
11634
11436
11635
11437
11636
11438
11637
11439
11638
11440
11639
11441
11640
11442
11641
11443
11642
11444
11643
11445
11644
11446
11645
11447
11646
11448
11647
11449
11648
11450
11649
11451
11650
11452
11651
11453
11652
11454
11653
11455
11654
11456
11655
11457
11656
11458
11657
11459
11658
11460
11659
11461
11660
11462
11661
11463
11662
11464
11663
11465
11664
11466
11665
11467
11666
11468
11667
11469
11668
11470
11669
11471
11670
11472
11671
11473
11672
11474
11673
11475
11674
11476
11675
11477
11676
11478
11677
11479
11678
11480
11679
11481
11680
11482
11681
11483
11682
11484
11683
11485
11684
11486
11685
11487
11686
11488
11687
11489
11688
11490
11689
11491
11690
11492
11691
11493
11692
11494
11693
11495
11694
11496
11695
11497
11696
11498
11697
11499
11698
11500
11699
11501
11700
11502
11701
11503
11702
11504
11703
11505
11704
11506
11705
11507
11706
11508
11707
11509
11708
11510
11709
11511
11710
11512
11711
11513
11712
11514
11713
11515
11714
11516
11715
11517
11716
11518
11717
11519
11718
11520
11719
11521
11720
11522
11721
11523
11722
11524
11723
11525
11724
11526
11725
11527
11726
11528
11727
11529
11728
11530
11729
11531
11730
11532
11731
11533
11732
11534
11733
11535
11734
11536
11735
11537
11736
11538
11737
11539
11738
11540
11739
11541
11740
11542
11741
11543
11742
11544
11743
11545
11744
11546
11745
11547
11746
11548
11747
11549
11748
11550
11749
11551
11750
11552
11751
11553
11752
11554
11753
11555
11754
11556
11755
11557
11756
11558
11757
11559
11758
11560
11759
11561
11760
11562
11761
11563
11762
11564
11763
11565
11764
11566
11765
11567
11766
11568
11767
11569
11768
11570
11769
11571
11770
11572
11771
11573
11772
11574
11773
11575
11774
11576
11775
11577
11776
11578
11777
11579
11778
11580
11779
11581
11780
11582
11781
11583
11782
11584
11783
11585
11784
11586
11785
11587
11786
11588
11787
11589
11788
11590
11789
11591
11790
11592
11791
11593
11792
11594
11793
11595
11794
11596
11795
11597
11796
11598
11797
11599
11798
11799
11601
11800
11602
11801
11603
11802
11604
11803
11605
11804
11606
11805
11607
11806
11608
11807
11609
11808
11610
11809
11611
11810
11612
11811
11613
11812
11614
11813
11615
11814
11616
11815
11617
11816
11618
11817
11619
11818
11620
11819
11621
11820
11622
11821
11623
11822
11624
11823
11625
11824
11626
11825
11627
11826
11628
11827
11629
11828
11630
11829
11631
11830
11632
11831
11633
11832
11634
11833
11635
11834
11636
11835
11637
11836
11638
11837
11639
11838
11640
11839
11641
11840
11642
11841
11643
11842
11644
11843
11645
11844
11646
11845
11647
11846
11648
11847
11649
11848
11650
11849
11651
11850
11652
11851
11653
11852
11654
11853
11655
11854
11656
11855
11657
11856
11658
11857
11659
11858
11660
11859
11661
11860
11662
11861
11663
11862
11664
11863
11665
11864
11666
11865
11667
11866
11668
11867
11669
11868
11670
11869
11671
11870
11672
11871
11673
11872
11674
11873
11675
11874
11676
11875
11677
11876
11678
11877
11679
11878
11680
11879
11681
11880
11682
11881
11683
11882
11684
11883
11685
11884
11686
11885
11687
11886
11688
11887
11689
11888
11690
11889
11691
11890
11692
11891
11693
11892
11694
11893
11695
11894
11696
11895
11697
11896
11698
11897
11699
11898
11700
11899
11701
11900
11702
11901
11703
11902
11704
11903
11705
11904
11706
11905
11707
11906
11708
11907
11709
11908
11710
11909
11711
11910
11712
11911
11713
11912
11714
11913
11715
11914
11716
11915
11717
11916
11718
11917
11719
11918
11720
11919
11721
11920
11722
11921
11723
11922
11724
11923
11725
11924
11726
11925
11727
11926
11728
11927
11729
11928
11730
11929
11731
11930
11732
11931
11733
11932
11734
11933
11735
11934
11736
11935
11737
11936
11738
11937
11739
11938
11740
11939
11741
11940
11742
11941
11743
11942
11744
11943
11745
11944
11746
11945
11747
11946
11748
11947
11749
11948
11750
11949
11751
11950
11752
11951
11753
11952
11754
11953
11755
11954
11756
11955
11757
11956
11758
11957
11759
11958
11760
11959
11761
11960
11762
11961
11763
11962
11764
11963
11765
11964
11766
11965
11767
11966
11768
11967
11769
11968
11770
11969
11771
11970
11772
11971
11773
11972
11774
11973
11775
11974
11776
11975
11777
11976
11778
11977
11779
11978
11780
11979
11781
11980
11782
11981
11783
11982
11784
11983
11785
11984
11786
11985
11787
11986
11788
11987
11789
11988
11790
11989
11791
11990
11792
11991
11793
11992
11794
11993
11795
11994
11796
11995
11797
11996
11798
11997
11799
11998
11999
11801
12000
11802
12001
11803
12002
11804
12003
11805
12004
11806
12005
11807
12006
11808
12007
11809
12008
11810
12009
11811
12010
11812
12011
11813
12012
11814
12013
11815
12014
11816
12015
11817
12016
11818
12017
11819
12018
11820
12019
11821
12020
11822
12021
11823
12022
11824
12023
11825
12024
11826
12025
11827
12026
11828
12027
11829
12028
11830
12029
11831
12030
11832
12031
11833
12032
11834
12033
11835
12034
11836
12035
11837
12036
11838
12037
11839
12038
11840
12039
11841
12040
11842
12041
11843
12042
11844
12043
11845
12044
11846
12045
11847
12046
11848
12047
11849
12048
11850
12049
11851
12050
11852
12051
11853
12052
11854
12053
11855
12054
11856
12055
11857
12056
11858
12057
11859
12058
11860
12059
11861
12060
11862
12061
11863
12062
11864
12063
11865
12064
11866
12065
11867
12066
11868
12067
11869
12068
11870
12069
11871
12070
11872
12071
11873
12072
11874
12073
11875
12074
11876
12075
11877
12076
11878
12077
11879
12078
11880
12079
11881
12080
11882
12081
11883
12082
11884
12083
11885
12084
11886
12085
11887
12086
11888
12087
11889
12088
11890
12089
11891
12090
11892
12091
11893
12092
11894
12093
11895
12094
11896
12095
11897
12096
11898
12097
11899
12098
11900
12099
11901
12100
11902
12101
11903
12102
11904
12103
11905
12104
11906
12105
11907
12106
11908
12107
11909
12108
11910
12109
11911
12110
11912
12111
11913
12112
11914
12113
11915
12114
11916
12115
11917
12116
11918
12117
11919
12118
11920
12119
11921
12120
11922
12121
11923
12122
11924
12123
11925
12124
11926
12125
11927
12126
11928
12127
11929
12128
11930
12129
11931
12130
11932
12131
11933
12132
11934
12133
11935
12134
11936
12135
11937
12136
11938
12137
11939
12138
11940
12139
11941
12140
11942
12141
11943
12142
11944
12143
11945
12144
11946
12145
11947
12146
11948
12147
11949
12148
11950
12149
11951
12150
11952
12151
11953
12152
11954
12153
11955
12154
11956
12155
11957
12156
11958
12157
11959
12158
11960
12159
11961
12160
11962
12161
11963
12162
11964
12163
11965
12164
11966
12165
11967
12166
11968
12167
11969
12168
11970
12169
11971
12170
11972
12171
11973
12172
11974
12173
11975
12174
11976
12175
11977
12176
11978
12177
11979
12178
11980
12179
11981
12180
11982
12181
11983
12182
11984
12183
11985
12184
11986
12185
11987
12186
11988
12187
11989
12188
11990
12189
11991
12190
11992
12191
11993
12192
11994
12193
11995
12194
11996
12195
11997
12196
11998
12197
11999
12198
12199
12001
12200
12002
12201
12003
12202
12004
12203
12005
12204
12006
12205
12007
12206
12008
12207
12009
12208
12010
12209
12011
12210
12012
12211
12013
12212
12014
12213
12015
12214
12016
12215
12017
12216
12018
12217
12019
12218
12020
12219
12021
12220
12022
12221
12023
12222
12024
12223
12025
12224
12026
12225
12027
12226
12028
12227
12029
12228
12030
12229
12031
12230
12032
12231
12033
12232
12034
12233
12035
12234
12036
12235
12037
12236
12038
12237
12039
12238
12040
12239
12041
12240
12042
12241
12043
12242
12044
12243
12045
12244
12046
12245
12047
12246
12048
12247
12049
12248
12050
12249
12051
12250
12052
12251
12053
12252
12054
12253
12055
12254
12056
12255
12057
12256
12058
12257
12059
12258
12060
12259
12061
12260
12062
12261
12063
12262
12064
12263
12065
12264
12066
12265
12067
12266
12068
12267
12069
12268
12070
12269
12071
12270
12072
12271
12073
12272
12074
12273
12075
12274
12076
12275
12077
12276
12078
12277
12079
12278
12080
12279
12081
12280
12082
12281
12083
12282
12084
12283
12085
12284
12086
12285
12087
12286
12088
12287
12089
12288
12090
12289
12091
12290
12092
12291
12093
12292
12094
12293
12095
12294
12096
12295
12097
12296
12098
12297
12099
12298
12100
12299
12101
12300
12102
12301
12103
12302
12104
12303
12105
12304
12106
12305
12107
12306
12108
12307
12109
12308
12110
12309
12111
12310
12112
12311
12113
12312
12114
12313
12115
12314
12116
12315
12117
12316
12118
12317
12119
12318
12120
12319
12121
12320
12122
12321
12123
12322
12124
12323
12125
12324
12126
12325
12127
12326
12128
12327
12129
12328
12130
12329
12131
12330
12132
12331
12133
12332
12134
12333
12135
12334
12136
12335
12137
12336
12138
12337
12139
12338
12140
12339
12141
12340
12142
12341
12143
12342
12144
12343
12145
12344
12146
12345
12147
12346
12148
12347
12149
12348
12150
12349
12151
12350
12152
12351
12153
12352
12154
12353
12155
12354
12156
12355
12157
12356
12158
12357
12159
12358
12160
12359
12161
12360
12162
12361
12163
12362
12164
12363
12165
12364
12166
12365
12167
12366
12168
12367
12169
12368
12170
12369
12171
12370
12172
12371
12173
12372
12174
12373
12175
12374
12176
12375
12177
12376
12178
12377
12179
12378
12180
12379
12181
12380
12182
12381
12183
12382
12184
12383
12185
12384
12186
12385
12187
12386
12188
12387
12189
12388
12190
12389
12191
12390
12192
12391
12193
12392
12194
12393
12195
12394
12196
12395
12197
12396
12198
12397
12199
12398
12399
12201
12400
12202
12401
12203
12402
12204
12403
12205
12404
12206
12405
12207
12406
12208
12407
12209
12408
12210
12409
12211
12410
12212
12411
12213
12412
12214
12413
12215
12414
12216
12415
12217
12416
12218
12417
12219
12418
12220
12419
12221
12420
12222
12421
12223
12422
12224
12423
12225
12424
12226
12425
12227
12426
12228
12427
12229
12428
12230
12429
12231
12430
12232
12431
12233
12432
12234
12433
12235
12434
12236
12435
12237
12436
12238
12437
12239
12438
12240
12439
12241
12440
12242
12441
12243
12442
12244
12443
12245
12444
12246
12445
12247
12446
12248
12447
12249
12448
12250
12449
12251
12450
12252
12451
12253
12452
12254
12453
12255
12454
12256
12455
12257
12456
12258
12457
12259
12458
12260
12459
12261
12460
12262
12461
12263
12462
12264
12463
12265
12464
12266
12465
12267
12466
12268
12467
12269
12468
12270
12469
12271
12470
12272
12471
12273
12472
12274
12473
12275
12474
12276
12475
12277
12476
12278
12477
12279
12478
12280
12479
12281
12480
12282
12481
12283
12482
12284
12483
12285
12484
12286
12485
12287
12486
12288
12487
12289
12488
12290
12489
12291
12490
12292
12491
12293
12492
12294
12493
12295
12494
12296
12495
12297
12496
12298
12497
12299
12498
12300
12499
12301
12500
12302
12501
12303
12502
12304
12503
12305
12504
12306
12505
12307
12506
12308
12507
12309
12508
12310
12509
12311
12510
12312
12511
12313
12512
12314
12513
12315
12514
12316
12515
12317
12516
12318
12517
12319
12518
12320
12519
12321
12520
12322
12521
12323
12522
12324
12523
12325
12524
12326
12525
12327
12526
12328
12527
12329
12528
12330
12529
12331
12530
12332
12531
12333
12532
12334
12533
12335
12534
12336
12535
12337
12536
12338
12537
12339
12538
12340
12539
12341
12540
12342
12541
12343
12542
12344
12543
12345
12544
12346
12545
12347
12546
12348
12547
12349
12548
12350
12549
12351
12550
12352
12551
12353
12552
12354
12553
12355
12554
12356
12555
12357
12556
12358
12557
12359
12558
12360
12559
12361
12560
12362
12561
12363
12562
12364
12563
12365
12564
12366
12565
12367
12566
12368
12567
12369
12568
12370
12569
12371
12570
12372
12571
12373
12572
12374
12573
12375
12574
12376
12575
12377
12576
12378
12577
12379
12578
12380
12579
12381
12580
12382
12581
12383
12582
12384
12583
12385
12584
12386
12585
12387
12586
12388
12587
12389
12588
12390
12589
12391
12590
12392
12591
12393
12592
12394
12593
12395
12594
12396
12595
12397
12596
12398
12597
12399
12598
12599
12401
12600
12402
12601
12403
12602
12404
12603
12405
12604
12406
12605
12407
12606
12408
12607
12409
12608
12410
12609
12411
12610
12412
12611
12413
12612
12414
12613
12415
12614
12416
12615
12417
12616
12418
12617
12419
12618
12420
12619
12421
12620
12422
12621
12423
12622
12424
12623
12425
12624
12426
12625
12427
12626
12428
12627
12429
12628
12430
12629
12431
12630
12432
12631
12433
12632
12434
12633
12435
12634
12436
12635
12437
12636
12438
12637
12439
12638
12440
12639
12441
12640
12442
12641
12443
12642
12444
12643
12445
12644
12446
12645
12447
12646
12448
12647
12449
12648
12450
12649
12451
12650
12452
12651
12453
12652
12454
12653
12455
12654
12456
12655
12457
12656
12458
12657
12459
12658
12460
12659
12461
12660
12462
12661
12463
12662
12464
12663
12465
12664
12466
12665
12467
12666
12468
12667
12469
12668
12470
12669
12471
12670
12472
12671
12473
12672
12474
12673
12475
12674
12476
12675
12477
12676
12478
12677
12479
12678
12480
12679
12481
12680
12482
12681
12483
12682
12484
12683
12485
12684
12486
12685
12487
12686
12488
12687
12489
12688
12490
12689
12491
12690
12492
12691
12493
12692
12494
12693
12495
12694
12496
12695
12497
12696
12498
12697
12499
12698
12500
12699
12501
12700
12502
12701
12503
12702
12504
12703
12505
12704
12506
12705
12507
12706
12508
12707
12509
12708
12510
12709
12511
12710
12512
12711
12513
12712
12514
12713
12515
12714
12516
12715
12517
12716
12518
12717
12519
12718
12520
12719
12521
12720
12522
12721
12523
12722
12524
12723
12525
12724
12526
12725
12527
12726
12528
12727
12529
12728
12530
12729
12531
12730
12532
12731
12533
12732
12534
12733
12535
12734
12536
12735
12537
12736
12538
12737
12539
12738
12540
12739
12541
12740
12542
12741
12543
12742
12544
12743
12545
12744
12546
12745
12547
12746
12548
12747
12549
12748
12550
12749
12551
12750
12552
12751
12553
12752
12554
12753
12555
12754
12556
12755
12557
12756
12558
12757
12559
12758
12560
12759
12561
12760
12562
12761
12563
12762
12564
12763
12565
12764
12566
12765
12567
12766
12568
12767
12569
12768
12570
12769
12571
12770
12572
12771
12573
12772
12574
12773
12575
12774
12576
12775
12577
12776
12578
12777
12579
12778
12580
12779
12581
12780
12582
12781
12583
12782
12584
12783
12585
12784
12586
12785
12587
12786
12588
12787
12589
12788
12590
12789
12591
12790
12592
12791
12593
12792
12594
12793
12595
12794
12596
12795
12597
12796
12598
12797
12599
12798
12799
12601
12800
12602
12801
12603
12802
12604
12803
12605
12804
12606
12805
12607
12806
12608
12807
12609
12808
12610
12809
12611
12810
12612
12811
12613
12812
12614
12813
12615
12814
12616
12815
12617
12816
12618
12817
12619
12818
12620
12819
12621
12820
12622
12821
12623
12822
12624
12823
12625
12824
12626
12825
12627
12826
12628
12827
12629
12828
12630
12829
12631
12830
12632
12831
12633
12832
12634
12833
12635
12834
12636
12835
12637
12836
12638
12837
12639
12838
12640
12839
12641
12840
12642
12841
12643
12842
12644
12843
12645
12844
12646
12845
12647
12846
12648
12847
12649
12848
12650
12849
12651
12850
12652
12851
12653
12852
12654
12853
12655
12854
12656
12855
12657
12856
12658
12857
12659
12858
12660
12859
12661
12860
12662
12861
12663
12862
12664
12863
12665
12864
12666
12865
12667
12866
12668
12867
12669
12868
12670
12869
12671
12870
12672
12871
12673
12872
12674
12873
12675
12874
12676
12875
12677
12876
12678
12877
12679
12878
12680
12879
12681
12880
12682
12881
12683
12882
12684
12883
12685
12884
12686
12885
12687
12886
12688
12887
12689
12888
12690
12889
12691
12890
12692
12891
12693
12892
12694
12893
12695
12894
12696
12895
12697
12896
12698
12897
12699
12898
12700
12899
12701
12900
12702
12901
12703
12902
12704
12903
12705
12904
12706
12905
12707
12906
12708
12907
12709
12908
12710
12909
12711
12910
12712
12911
12713
12912
12714
12913
12715
12914
12716
12915
12717
12916
12718
12917
12719
12918
12720
12919
12721
12920
12722
12921
12723
12922
12724
12923
12725
12924
12726
12925
12727
12926
12728
12927
12729
12928
12730
12929
12731
12930
12732
12931
12733
12932
12734
12933
12735
12934
12736
12935
12737
12936
12738
12937
12739
12938
12740
12939
12741
12940
12742
12941
12743
12942
12744
12943
12745
12944
12746
12945
12747
12946
12748
12947
12749
12948
12750
12949
12751
12950
12752
12951
12753
12952
12754
12953
12755
12954
12756
12955
12757
12956
12758
12957
12759
12958
12760
12959
12761
12960
12762
12961
12763
12962
12764
12963
12765
12964
12766
12965
12767
12966
12768
12967
12769
12968
12770
12969
12771
12970
12772
12971
12773
12972
12774
12973
12775
12974
12776
12975
12777
12976
12778
12977
12779
12978
12780
12979
12781
12980
12782
12981
12783
12982
12784
12983
12785
12984
12786
12985
12787
12986
12788
12987
12789
12988
12790
12989
12791
12990
12792
12991
12793
12992
12794
12993
12795
12994
12796
12995
12797
12996
12798
12997
12799
12998
12999
12801
13000
12802
13001
12803
13002
12804
13003
12805
13004
12806
13005
12807
13006
12808
13007
12809
13008
12810
13009
12811
13010
12812
13011
12813
13012
12814
13013
12815
13014
12816
13015
12817
13016
12818
13017
12819
13018
12820
13019
12821
13020
12822
13021
12823
13022
12824
13023
12825
13024
12826
13025
12827
13026
12828
13027
12829
13028
12830
13029
12831
13030
12832
13031
12833
13032
12834
13033
12835
13034
12836
13035
12837
13036
12838
13037
12839
13038
12840
13039
12841
13040
12842
13041
12843
13042
12844
13043
12845
13044
12846
13045
12847
13046
12848
13047
12849
13048
12850
13049
12851
13050
12852
13051
12853
13052
12854
13053
12855
13054
12856
13055
12857
13056
12858
13057
12859
13058
12860
13059
12861
13060
12862
13061
12863
13062
12864
13063
12865
13064
12866
13065
12867
13066
12868
13067
12869
13068
12870
13069
12871
13070
12872
13071
12873
13072
12874
13073
12875
13074
12876
13075
12877
13076
12878
13077
12879
13078
12880
13079
12881
13080
12882
13081
12883
13082
12884
13083
12885
13084
12886
13085
12887
13086
12888
13087
12889
13088
12890
13089
12891
13090
12892
13091
12893
13092
12894
13093
12895
13094
12896
13095
12897
13096
12898
13097
12899
13098
12900
13099
12901
13100
12902
13101
12903
13102
12904
13103
12905
13104
12906
13105
12907
13106
12908
13107
12909
13108
12910
13109
12911
13110
12912
13111
12913
13112
12914
13113
12915
13114
12916
13115
12917
13116
12918
13117
12919
13118
12920
13119
12921
13120
12922
13121
12923
13122
12924
13123
12925
13124
12926
13125
12927
13126
12928
13127
12929
13128
12930
13129
12931
13130
12932
13131
12933
13132
12934
13133
12935
13134
12936
13135
12937
13136
12938
13137
12939
13138
12940
13139
12941
13140
12942
13141
12943
13142
12944
13143
12945
13144
12946
13145
12947
13146
12948
13147
12949
13148
12950
13149
12951
13150
12952
13151
12953
13152
12954
13153
12955
13154
12956
13155
12957
13156
12958
13157
12959
13158
12960
13159
12961
13160
12962
13161
12963
13162
12964
13163
12965
13164
12966
13165
12967
13166
12968
13167
12969
13168
12970
13169
12971
13170
12972
13171
12973
13172
12974
13173
12975
13174
12976
13175
12977
13176
12978
13177
12979
13178
12980
13179
12981
13180
12982
13181
12983
13182
12984
13183
12985
13184
12986
13185
12987
13186
12988
13187
12989
13188
12990
13189
12991
13190
12992
13191
12993
13192
12994
13193
12995
13194
12996
13195
12997
13196
12998
13197
12999
13198
13199
13001
13200
13002
13201
13003
13202
13004
13203
13005
13204
13006
13205
13007
13206
13008
13207
13009
13208
13010
13209
13011
13210
13012
13211
13013
13212
13014
13213
13015
13214
13016
13215
13017
13216
13018
13217
13019
13218
13020
13219
13021
13220
13022
13221
13023
13222
13024
13223
13025
13224
13026
13225
13027
13226
13028
13227
13029
13228
13030
13229
13031
13230
13032
13231
13033
13232
13034
13233
13035
13234
13036
13235
13037
13236
13038
13237
13039
13238
13040
13239
13041
13240
13042
13241
13043
13242
13044
13243
13045
13244
13046
13245
13047
13246
13048
13247
13049
13248
13050
13249
13051
13250
13052
13251
13053
13252
13054
13253
13055
13254
13056
13255
13057
13256
13058
13257
13059
13258
13060
13259
13061
13260
13062
13261
13063
13262
13064
13263
13065
13264
13066
13265
13067
13266
13068
13267
13069
13268
13070
13269
13071
13270
13072
13271
13073
13272
13074
13273
13075
13274
13076
13275
13077
13276
13078
13277
13079
13278
13080
13279
13081
13280
13082
13281
13083
13282
13084
13283
13085
13284
13086
13285
13087
13286
13088
13287
13089
13288
13090
13289
13091
13290
13092
13291
13093
13292
13094
13293
13095
13294
13096
13295
13097
13296
13098
13297
13099
13298
13100
13299
13101
13300
13102
13301
13103
13302
13104
13303
13105
13304
13106
13305
13107
13306
13108
13307
13109
13308
13110
13309
13111
13310
13112
13311
13113
13312
13114
13313
13115
13314
13116
13315
13117
13316
13118
13317
13119
13318
13120
13319
13121
13320
13122
13321
13123
13322
13124
13323
13125
13324
13126
13325
13127
13326
13128
13327
13129
13328
13130
13329
13131
13330
13132
13331
13133
13332
13134
13333
13135
13334
13136
13335
13137
13336
13138
13337
13139
13338
13140
13339
13141
13340
13142
13341
13143
13342
13144
13343
13145
13344
13146
13345
13147
13346
13148
13347
13149
13348
13150
13349
13151
13350
13152
13351
13153
13352
13154
13353
13155
13354
13156
13355
13157
13356
13158
13357
13159
13358
13160
13359
13161
13360
13162
13361
13163
13362
13164
13363
13165
13364
13166
13365
13167
13366
13168
13367
13169
13368
13170
13369
13171
13370
13172
13371
13173
13372
13174
13373
13175
13374
13176
13375
13177
13376
13178
13377
13179
13378
13180
13379
13181
13380
13182
13381
13183
13382
13184
13383
13185
13384
13186
13385
13187
13386
13188
13387
13189
13388
13190
13389
13191
13390
13192
13391
13193
13392
13194
13393
13195
13394
13196
13395
13197
13396
13198
13397
13199
13398
13399
13201
13400
13202
13401
13203
13402
13204
13403
13205
13404
13206
13405
13207
13406
13208
13407
13209
13408
13210
13409
13211
13410
13212
13411
13213
13412
13214
13413
13215
13414
13216
13415
13217
13416
13218
13417
13219
13418
13220
13419
13221
13420
13222
13421
13223
13422
13224
13423
13225
13424
13226
13425
13227
13426
13228
13427
13229
13428
13230
13429
13231
13430
13232
13431
13233
13432
13234
13433
13235
13434
13236
13435
13237
13436
13238
13437
13239
13438
13240
13439
13241
13440
13242
13441
13243
13442
13244
13443
13245
13444
13246
13445
13247
13446
13248
13447
13249
13448
13250
13449
13251
13450
13252
13451
13253
13452
13254
13453
13255
13454
13256
13455
13257
13456
13258
13457
13259
13458
13260
13459
13261
13460
13262
13461
13263
13462
13264
13463
13265
13464
13266
13465
13267
13466
13268
13467
13269
13468
13270
13469
13271
13470
13272
13471
13273
13472
13274
13473
13275
13474
13276
13475
13277
13476
13278
13477
13279
13478
13280
13479
13281
13480
13282
13481
13283
13482
13284
13483
13285
13484
13286
13485
13287
13486
13288
13487
13289
13488
13290
13489
13291
13490
13292
13491
13293
13492
13294
13493
13295
13494
13296
13495
13297
13496
13298
13497
13299
13498
13300
13499
13301
13500
13302
13501
13303
13502
13304
13503
13305
13504
13306
13505
13307
13506
13308
13507
13309
13508
13310
13509
13311
13510
13312
13511
13313
13512
13314
13513
13315
13514
13316
13515
13317
13516
13318
13517
13319
13518
13320
13519
13321
13520
13322
13521
13323
13522
13324
13523
13325
13524
13326
13525
13327
13526
13328
13527
13329
13528
13330
13529
13331
13530
13332
13531
13333
13532
13334
13533
13335
13534
13336
13535
13337
13536
13338
13537
13339
13538
13340
13539
13341
13540
13342
13541
13343
13542
13344
13543
13345
13544
13346
13545
13347
13546
13348
13547
13349
13548
13350
13549
13351
13550
13352
13551
13353
13552
13354
13553
13355
13554
13356
13555
13357
13556
13358
13557
13359
13558
13360
13559
13361
13560
13362
13561
13363
13562
13364
13563
13365
13564
13366
13565
13367
13566
13368
13567
13369
13568
13370
13569
13371
13570
13372
13571
13373
13572
13374
13573
13375
13574
13376
13575
13377
13576
13378
13577
13379
13578
13380
13579
13381
13580
13382
13581
13383
13582
13384
13583
13385
13584
13386
13585
13387
13586
13388
13587
13389
13588
13390
13589
13391
13590
13392
13591
13393
13592
13394
13593
13395
13594
13396
13595
13397
13596
13398
13597
13399
13598
13599
13401
13600
13402
13601
13403
13602
13404
13603
13405
13604
13406
13605
13407
13606
13408
13607
13409
13608
13410
13609
13411
13610
13412
13611
13413
13612
13414
13613
13415
13614
13416
13615
13417
13616
13418
13617
13419
13618
13420
13619
13421
13620
13422
13621
13423
13622
13424
13623
13425
13624
13426
13625
13427
13626
13428
13627
13429
13628
13430
13629
13431
13630
13432
13631
13433
13632
13434
13633
13435
13634
13436
13635
13437
13636
13438
13637
13439
13638
13440
13639
13441
13640
13442
13641
13443
13642
13444
13643
13445
13644
13446
13645
13447
13646
13448
13647
13449
13648
13450
13649
13451
13650
13452
13651
13453
13652
13454
13653
13455
13654
13456
13655
13457
13656
13458
13657
13459
13658
13460
13659
13461
13660
13462
13661
13463
13662
13464
13663
13465
13664
13466
13665
13467
13666
13468
13667
13469
13668
13470
13669
13471
13670
13472
13671
13473
13672
13474
13673
13475
13674
13476
13675
13477
13676
13478
13677
13479
13678
13480
13679
13481
13680
13482
13681
13483
13682
13484
13683
13485
13684
13486
13685
13487
13686
13488
13687
13489
13688
13490
13689
13491
13690
13492
13691
13493
13692
13494
13693
13495
13694
13496
13695
13497
13696
13498
13697
13499
13698
13500
13699
13501
13700
13502
13701
13503
13702
13504
13703
13505
13704
13506
13705
13507
13706
13508
13707
13509
13708
13510
13709
13511
13710
13512
13711
13513
13712
13514
13713
13515
13714
13516
13715
13517
13716
13518
13717
13519
13718
13520
13719
13521
13720
13522
13721
13523
13722
13524
13723
13525
13724
13526
13725
13527
13726
13528
13727
13529
13728
13530
13729
13531
13730
13532
13731
13533
13732
13534
13733
13535
13734
13536
13735
13537
13736
13538
13737
13539
13738
13540
13739
13541
13740
13542
13741
13543
13742
13544
13743
13545
13744
13546
13745
13547
13746
13548
13747
13549
13748
13550
13749
13551
13750
13552
13751
13553
13752
13554
13753
13555
13754
13556
13755
13557
13756
13558
13757
13559
13758
13560
13759
13561
13760
13562
13761
13563
13762
13564
13763
13565
13764
13566
13765
13567
13766
13568
13767
13569
13768
13570
13769
13571
13770
13572
13771
13573
13772
13574
13773
13575
13774
13576
13775
13577
13776
13578
13777
13579
13778
13580
13779
13581
13780
13582
13781
13583
13782
13584
13783
13585
13784
13586
13785
13587
13786
13588
13787
13589
13788
13590
13789
13591
13790
13592
13791
13593
13792
13594
13793
13595
13794
13596
13795
13597
13796
13598
13797
13599
13798
13799
13601
13800
13602
13801
13603
13802
13604
13803
13605
13804
13606
13805
13607
13806
13608
13807
13609
13808
13610
13809
13611
13810
13612
13811
13613
13812
13614
13813
13615
13814
13616
13815
13617
13816
13618
13817
13619
13818
13620
13819
13621
13820
13622
13821
13623
13822
13624
13823
13625
13824
13626
13825
13627
13826
13628
13827
13629
13828
13630
13829
13631
13830
13632
13831
13633
13832
13634
13833
13635
13834
13636
13835
13637
13836
13638
13837
13639
13838
13640
13839
13641
13840
13642
13841
13643
13842
13644
13843
13645
13844
13646
13845
13647
13846
13648
13847
13649
13848
13650
13849
13651
13850
13652
13851
13653
13852
13654
13853
13655
13854
13656
13855
13657
13856
13658
13857
13659
13858
13660
13859
13661
13860
13662
13861
13663
13862
13664
13863
13665
13864
13666
13865
13667
13866
13668
13867
13669
13868
13670
13869
13671
13870
13672
13871
13673
13872
13674
13873
13675
13874
13676
13875
13677
13876
13678
13877
13679
13878
13680
13879
13681
13880
13682
13881
13683
13882
13684
13883
13685
13884
13686
13885
13687
13886
13688
13887
13689
13888
13690
13889
13691
13890
13692
13891
13693
13892
13694
13893
13695
13894
13696
13895
13697
13896
13698
13897
13699
13898
13700
13899
13701
13900
13702
13901
13703
13902
13704
13903
13705
13904
13706
13905
13707
13906
13708
13907
13709
13908
13710
13909
13711
13910
13712
13911
13713
13912
13714
13913
13715
13914
13716
13915
13717
13916
13718
13917
13719
13918
13720
13919
13721
13920
13722
13921
13723
13922
13724
13923
13725
13924
13726
13925
13727
13926
13728
13927
13729
13928
13730
13929
13731
13930
13732
13931
13733
13932
13734
13933
13735
13934
13736
13935
13737
13936
13738
13937
13739
13938
13740
13939
13741
13940
13742
13941
13743
13942
13744
13943
13745
13944
13746
13945
13747
13946
13748
13947
13749
13948
13750
13949
13751
13950
13752
13951
13753
13952
13754
13953
13755
13954
13756
13955
13757
13956
13758
13957
13759
13958
13760
13959
13761
13960
13762
13961
13763
13962
13764
13963
13765
13964
13766
13965
13767
13966
13768
13967
13769
13968
13770
13969
13771
13970
13772
13971
13773
13972
13774
13973
13775
13974
13776
13975
13777
13976
13778
13977
13779
13978
13780
13979
13781
13980
13782
13981
13783
13982
13784
13983
13785
13984
13786
13985
13787
13986
13788
13987
13789
13988
13790
13989
13791
13990
13792
13991
13793
13992
13794
13993
13795
13994
13796
13995
13797
13996
13798
13997
13799
13998
13999
13801
14000
13802
14001
13803
14002
13804
14003
13805
14004
13806
14005
13807
14006
13808
14007
13809
14008
13810
14009
13811
14010
13812
14011
13813
14012
13814
14013
13815
14014
13816
14015
13817
14016
13818
14017
13819
14018
13820
14019
13821
14020
13822
14021
13823
14022
13824
14023
13825
14024
13826
14025
13827
14026
13828
14027
13829
14028
13830
14029
13831
14030
13832
14031
13833
14032
13834
14033
13835
14034
13836
14035
13837
14036
13838
14037
13839
14038
13840
14039
13841
14040
13842
14041
13843
14042
13844
14043
13845
14044
13846
14045
13847
14046
13848
14047
13849
14048
13850
14049
13851
14050
13852
14051
13853
14052
13854
14053
13855
14054
13856
14055
13857
14056
13858
14057
13859
14058
13860
14059
13861
14060
13862
14061
13863
14062
13864
14063
13865
14064
13866
14065
13867
14066
13868
14067
13869
14068
13870
14069
13871
14070
13872
14071
13873
14072
13874
14073
13875
14074
13876
14075
13877
14076
13878
14077
13879
14078
13880
14079
13881
14080
13882
14081
13883
14082
13884
14083
13885
14084
13886
14085
13887
14086
13888
14087
13889
14088
13890
14089
13891
14090
13892
14091
13893
14092
13894
14093
13895
14094
13896
14095
13897
14096
13898
14097
13899
14098
13900
14099
13901
14100
13902
14101
13903
14102
13904
14103
13905
14104
13906
14105
13907
14106
13908
14107
13909
14108
13910
14109
13911
14110
13912
14111
13913
14112
13914
14113
13915
14114
13916
14115
13917
14116
13918
14117
13919
14118
13920
14119
13921
14120
13922
14121
13923
14122
13924
14123
13925
14124
13926
14125
13927
14126
13928
14127
13929
14128
13930
14129
13931
14130
13932
14131
13933
14132
13934
14133
13935
14134
13936
14135
13937
14136
13938
14137
13939
14138
13940
14139
13941
14140
13942
14141
13943
14142
13944
14143
13945
14144
13946
14145
13947
14146
13948
14147
13949
14148
13950
14149
13951
14150
13952
14151
13953
14152
13954
14153
13955
14154
13956
14155
13957
14156
13958
14157
13959
14158
13960
14159
13961
14160
13962
14161
13963
14162
13964
14163
13965
14164
13966
14165
13967
14166
13968
14167
13969
14168
13970
14169
13971
14170
13972
14171
13973
14172
13974
14173
13975
14174
13976
14175
13977
14176
13978
14177
13979
14178
13980
14179
13981
14180
13982
14181
13983
14182
13984
14183
13985
14184
13986
14185
13987
14186
13988
14187
13989
14188
13990
14189
13991
14190
13992
14191
13993
14192
13994
14193
13995
14194
13996
14195
13997
14196
13998
14197
13999
14198
14199
14001
14200
14002
14201
14003
14202
14004
14203
14005
14204
14006
14205
14007
14206
14008
14207
14009
14208
14010
14209
14011
14210
14012
14211
14013
14212
14014
14213
14015
14214
14016
14215
14017
14216
14018
14217
14019
14218
14020
14219
14021
14220
14022
14221
14023
14222
14024
14223
14025
14224
14026
14225
14027
14226
14028
14227
14029
14228
14030
14229
14031
14230
14032
14231
14033
14232
14034
14233
14035
14234
14036
14235
14037
14236
14038
14237
14039
14238
14040
14239
14041
14240
14042
14241
14043
14242
14044
14243
14045
14244
14046
14245
14047
14246
14048
14247
14049
14248
14050
14249
14051
14250
14052
14251
14053
14252
14054
14253
14055
14254
14056
14255
14057
14256
14058
14257
14059
14258
14060
14259
14061
14260
14062
14261
14063
14262
14064
14263
14065
14264
14066
14265
14067
14266
14068
14267
14069
14268
14070
14269
14071
14270
14072
14271
14073
14272
14074
14273
14075
14274
14076
14275
14077
14276
14078
14277
14079
14278
14080
14279
14081
14280
14082
14281
14083
14282
14084
14283
14085
14284
14086
14285
14087
14286
14088
14287
14089
14288
14090
14289
14091
14290
14092
14291
14093
14292
14094
14293
14095
14294
14096
14295
14097
14296
14098
14297
14099
14298
14100
14299
14101
14300
14102
14301
14103
14302
14104
14303
14105
14304
14106
14305
14107
14306
14108
14307
14109
14308
14110
14309
14111
14310
14112
14311
14113
14312
14114
14313
14115
14314
14116
14315
14117
14316
14118
14317
14119
14318
14120
14319
14121
14320
14122
14321
14123
14322
14124
14323
14125
14324
14126
14325
14127
14326
14128
14327
14129
14328
14130
14329
14131
14330
14132
14331
14133
14332
14134
14333
14135
14334
14136
14335
14137
14336
14138
14337
14139
14338
14140
14339
14141
14340
14142
14341
14143
14342
14144
14343
14145
14344
14146
14345
14147
14346
14148
14347
14149
14348
14150
14349
14151
14350
14152
14351
14153
14352
14154
14353
14155
14354
14156
14355
14157
14356
14158
14357
14159
14358
14160
14359
14161
14360
14162
14361
14163
14362
14164
14363
14165
14364
14166
14365
14167
14366
14168
14367
14169
14368
14170
14369
14171
14370
14172
14371
14173
14372
14174
14373
14175
14374
14176
14375
14177
14376
14178
14377
14179
14378
14180
14379
14181
14380
14182
14381
14183
14382
14184
14383
14185
14384
14186
14385
14187
14386
14188
14387
14189
14388
14190
14389
14191
14390
14192
14391
14193
14392
14194
14393
14195
14394
14196
14395
14197
14396
14198
14397
14199
14398
14399
14201
14400
14202
14401
14203
14402
14204
14403
14205
14404
14206
14405
14207
14406
14208
14407
14209
14408
14210
14409
14211
14410
14212
14411
14213
14412
14214
14413
14215
14414
14216
14415
14217
14416
14218
14417
14219
14418
14220
14419
14221
14420
14222
14421
14223
14422
14224
14423
14225
14424
14226
14425
14227
14426
14228
14427
14229
14428
14230
14429
14231
14430
14232
14431
14233
14432
14234
14433
14235
14434
14236
14435
14237
14436
14238
14437
14239
14438
14240
14439
14241
14440
14242
14441
14243
14442
14244
14443
14245
14444
14246
14445
14247
14446
14248
14447
14249
14448
14250
14449
14251
14450
14252
14451
14253
14452
14254
14453
14255
14454
14256
14455
14257
14456
14258
14457
14259
14458
14260
14459
14261
14460
14262
14461
14263
14462
14264
14463
14265
14464
14266
14465
14267
14466
14268
14467
14269
14468
14270
14469
14271
14470
14272
14471
14273
14472
14274
14473
14275
14474
14276
14475
14277
14476
14278
14477
14279
14478
14280
14479
14281
14480
14282
14481
14283
14482
14284
14483
14285
14484
14286
14485
14287
14486
14288
14487
14289
14488
14290
14489
14291
14490
14292
14491
14293
14492
14294
14493
14295
14494
14296
14495
14297
14496
14298
14497
14299
14498
14300
14499
14301
14500
14302
14501
14303
14502
14304
14503
14305
14504
14306
14505
14307
14506
14308
14507
14309
14508
14310
14509
14311
14510
14312
14511
14313
14512
14314
14513
14315
14514
14316
14515
14317
14516
14318
14517
14319
14518
14320
14519
14321
14520
14322
14521
14323
14522
14324
14523
14325
14524
14326
14525
14327
14526
14328
14527
14329
14528
14330
14529
14331
14530
14332
14531
14333
14532
14334
14533
14335
14534
14336
14535
14337
14536
14338
14537
14339
14538
14340
14539
14341
14540
14342
14541
14343
14542
14344
14543
14345
14544
14346
14545
14347
14546
14348
14547
14349
14548
14350
14549
14351
14550
14352
14551
14353
14552
14354
14553
14355
14554
14356
14555
14357
14556
14358
14557
14359
14558
14360
14559
14361
14560
14362
14561
14363
14562
14364
14563
14365
14564
14366
14565
14367
14566
14368
14567
14369
14568
14370
14569
14371
14570
14372
14571
14373
14572
14374
14573
14375
14574
14376
14575
14377
14576
14378
14577
14379
14578
14380
14579
14381
14580
14382
14581
14383
14582
14384
14583
14385
14584
14386
14585
14387
14586
14388
14587
14389
14588
14390
14589
14391
14590
14392
14591
14393
14592
14394
14593
14395
14594
14396
14595
14397
14596
14398
14597
14399
14598
14599
14401
14600
14402
14601
14403
14602
14404
14603
14405
14604
14406
14605
14407
14606
14408
14607
14409
14608
14410
14609
14411
14610
14412
14611
14413
14612
14414
14613
14415
14614
14416
14615
14417
14616
14418
14617
14419
14618
14420
14619
14421
14620
14422
14621
14423
14622
14424
14623
14425
14624
14426
14625
14427
14626
14428
14627
14429
14628
14430
14629
14431
14630
14432
14631
14433
14632
14434
14633
14435
14634
14436
14635
14437
14636
14438
14637
14439
14638
14440
14639
14441
14640
14442
14641
14443
14642
14444
14643
14445
14644
14446
14645
14447
14646
14448
14647
14449
14648
14450
14649
14451
14650
14452
14651
14453
14652
14454
14653
14455
14654
14456
14655
14457
14656
14458
14657
14459
14658
14460
14659
14461
14660
14462
14661
14463
14662
14464
14663
14465
14664
14466
14665
14467
14666
14468
14667
14469
14668
14470
14669
14471
14670
14472
14671
14473
14672
14474
14673
14475
14674
14476
14675
14477
14676
14478
14677
14479
14678
14480
14679
14481
14680
14482
14681
14483
14682
14484
14683
14485
14684
14486
14685
14487
14686
14488
14687
14489
14688
14490
14689
14491
14690
14492
14691
14493
14692
14494
14693
14495
14694
14496
14695
14497
14696
14498
14697
14499
14698
14500
14699
14501
14700
14502
14701
14503
14702
14504
14703
14505
14704
14506
14705
14507
14706
14508
14707
14509
14708
14510
14709
14511
14710
14512
14711
14513
14712
14514
14713
14515
14714
14516
14715
14517
14716
14518
14717
14519
14718
14520
14719
14521
14720
14522
14721
14523
14722
14524
14723
14525
14724
14526
14725
14527
14726
14528
14727
14529
14728
14530
14729
14531
14730
14532
14731
14533
14732
14534
14733
14535
14734
14536
14735
14537
14736
14538
14737
14539
14738
14540
14739
14541
14740
14542
14741
14543
14742
14544
14743
14545
14744
14546
14745
14547
14746
14548
14747
14549
14748
14550
14749
14551
14750
14552
14751
14553
14752
14554
14753
14555
14754
14556
14755
14557
14756
14558
14757
14559
14758
14560
14759
14561
14760
14562
14761
14563
14762
14564
14763
14565
14764
14566
14765
14567
14766
14568
14767
14569
14768
14570
14769
14571
14770
14572
14771
14573
14772
14574
14773
14575
14774
14576
14775
14577
14776
14578
14777
14579
14778
14580
14779
14581
14780
14582
14781
14583
14782
14584
14783
14585
14784
14586
14785
14587
14786
14588
14787
14589
14788
14590
14789
14591
14790
14592
14791
14593
14792
14594
14793
14595
14794
14596
14795
14597
14796
14598
14797
14599
14798
14799
14601
14800
14602
14801
14603
14802
14604
14803
14605
14804
14606
14805
14607
14806
14608
14807
14609
14808
14610
14809
14611
14810
14612
14811
14613
14812
14614
14813
14615
14814
14616
14815
14617
14816
14618
14817
14619
14818
14620
14819
14621
14820
14622
14821
14623
14822
14624
14823
14625
14824
14626
14825
14627
14826
14628
14827
14629
14828
14630
14829
14631
14830
14632
14831
14633
14832
14634
14833
14635
14834
14636
14835
14637
14836
14638
14837
14639
14838
14640
14839
14641
14840
14642
14841
14643
14842
14644
14843
14645
14844
14646
14845
14647
14846
14648
14847
14649
14848
14650
14849
14651
14850
14652
14851
14653
14852
14654
14853
14655
14854
14656
14855
14657
14856
14658
14857
14659
14858
14660
14859
14661
14860
14662
14861
14663
14862
14664
14863
14665
14864
14666
14865
14667
14866
14668
14867
14669
14868
14670
14869
14671
14870
14672
14871
14673
14872
14674
14873
14675
14874
14676
14875
14677
14876
14678
14877
14679
14878
14680
14879
14681
14880
14682
14881
14683
14882
14684
14883
14685
14884
14686
14885
14687
14886
14688
14887
14689
14888
14690
14889
14691
14890
14692
14891
14693
14892
14694
14893
14695
14894
14696
14895
14697
14896
14698
14897
14699
14898
14700
14899
14701
14900
14702
14901
14703
14902
14704
14903
14705
14904
14706
14905
14707
14906
14708
14907
14709
14908
14710
14909
14711
14910
14712
14911
14713
14912
14714
14913
14715
14914
14716
14915
14717
14916
14718
14917
14719
14918
14720
14919
14721
14920
14722
14921
14723
14922
14724
14923
14725
14924
14726
14925
14727
14926
14728
14927
14729
14928
14730
14929
14731
14930
14732
14931
14733
14932
14734
14933
14735
14934
14736
14935
14737
14936
14738
14937
14739
14938
14740
14939
14741
14940
14742
14941
14743
14942
14744
14943
14745
14944
14746
14945
14747
14946
14748
14947
14749
14948
14750
14949
14751
14950
14752
14951
14753
14952
14754
14953
14755
14954
14756
14955
14757
14956
14758
14957
14759
14958
14760
14959
14761
14960
14762
14961
14763
14962
14764
14963
14765
14964
14766
14965
14767
14966
14768
14967
14769
14968
14770
14969
14771
14970
14772
14971
14773
14972
14774
14973
14775
14974
14776
14975
14777
14976
14778
14977
14779
14978
14780
14979
14781
14980
14782
14981
14783
14982
14784
14983
14785
14984
14786
14985
14787
14986
14788
14987
14789
14988
14790
14989
14791
14990
14792
14991
14793
14992
14794
14993
14795
14994
14796
14995
14797
14996
14798
14997
14799
14998
14999
14801
14802
14803
14804
14805
14806
14807
14808
14809
14810
14811
14812
14813
14814
14815
14816
14817
14818
14819
14820
14821
14822
14823
14824
14825
14826
14827
14828
14829
14830
14831
14832
14833
14834
14835
14836
14837
14838
14839
14840
14841
14842
14843
14844
14845
14846
14847
14848
14849
14850
14851
14852
14853
14854
14855
14856
14857
14858
14859
14860
14861
14862
14863
14864
14865
14866
14867
14868
14869
14870
14871
14872
14873
14874
14875
14876
14877
14878
14879
14880
14881
14882
14883
14884
14885
14886
14887
14888
14889
14890
14891
14892
14893
14894
14895
14896
14897
14898
14899
14900
14901
14902
14903
14904
14905
14906
14907
14908
14909
14910
14911
14912
14913
14914
14915
14916
14917
14918
14919
14920
14921
14922
14923
14924
14925
14926
14927
14928
14929
14930
14931
14932
14933
14934
14935
14936
14937
14938
14939
14940
14941
14942
14943
14944
14945
14946
14947
14948
14949
14950
14951
14952
14953
14954
14955
14956
14957
14958
14959
14960
14961
14962
14963
14964
14965
14966
14967
14968
14969
14970
14971
14972
14973
14974
14975
14976
14977
14978
14979
14980
14981
14982
14983
14984
14985
14986
14987
14988
14989
14990
14991
14992
14993
14994
14995
14996
14997
14998
14999
15001
15015
15002
15016
15003
15017
15004
15018
15005
15019
15006
15020
15007
15021
15008
15022
15009
15023
15010
15024
15011
15025
15012
15026
15013
15027
15014
15028
15029
15016
15030
15017
15031
15018
15032
15019
15033
15020
15034
15021
15035
15022
15036
15023
15037
15024
15038
15025
15039
15026
15040
15027
15041
15028
15042
15029
15043
15044
15031
15045
15032
15046
15033
15047
15034
15048
15035
15049
15036
15050
15037
15051
15038
15052
15039
15053
15040
15054
15041
15055
15042
15056
15043
15057
15044
15058
15059
15046
15060
15047
15061
15048
15062
15049
15063
15050
15064
15051
15065
15052
15066
15053
15067
15054
15068
15055
15069
15056
15070
15057
15071
15058
15072
15059
15073
15074
15061
15075
15062
15076
15063
15077
15064
15078
15065
15079
15066
15080
15067
15081
15068
15082
15069
15083
15070
15084
15071
15085
15072
15086
15073
15087
15074
15088
15089
15076
15090
15077
15091
15078
15092
15079
15093
15080
15094
15081
15095
15082
15096
15083
15097
15084
15098
15085
15099
15086
15100
15087
15101
15088
15102
15089
15103
15104
15091
15105
15092
15106
15093
15107
15094
15108
15095
15109
15096
15110
15097
15111
15098
15112
15099
15113
15100
15114
15101
15115
15102
15116
15103
15117
15104
15118
15119
15106
15120
15107
15121
15108
15122
15109
15123
15110
15124
15111
15125
15112
15126
15113
15127
15114
15128
15115
15129
15116
15130
15117
15131
15118
15132
15119
15133
15134
15121
15135
15122
15136
15123
15137
15124
15138
15125
15139
15126
15140
15127
15141
15128
15142
15129
15143
15130
15144
15131
15145
15132
15146
15133
15147
15134
15148
15149
15136
15137
15138
15139
15140
15141
15142
15143
15144
15145
15146
15147
15148
15149
)


// ************************************************************************* //
