/*--------------------------------*- C++ -*----------------------------------*\
| =========                 |                                                 |
| \\      /  F ield         | OpenFOAM: The Open Source CFD Toolbox           |
|  \\    /   O peration     | Version:  2312                                  |
|   \\  /    A nd           | Website:  www.openfoam.com                      |
|    \\/     M anipulation  |                                                 |
\*---------------------------------------------------------------------------*/
FoamFile
{
    version     2.0;
    format      ascii;
    arch        "LSB;label=32;scalar=64";
    note        "nPoints:36828  nCells:18055  nFaces:72578  nInternalFaces:35752";
    class       labelList;
    location    "constant/polyMesh";
    object      neighbour;
}
// * * * * * * * * * * * * * * * * * * * * * * * * * * * * * * * * * * * * * //


35752
(
1
220
14309
2
221
3
222
4
223
5
224
6
225
7
226
8
227
9
228
10
229
11
230
12
231
13
232
14
233
15
234
16
235
17
236
18
237
19
238
20
239
21
240
22
241
23
242
24
243
25
244
26
245
27
246
28
247
29
248
30
249
31
250
32
251
33
252
34
253
35
254
36
255
37
256
38
257
39
258
40
259
41
260
42
261
43
262
44
263
45
264
46
265
47
266
48
267
49
268
50
269
51
270
52
271
53
272
54
273
55
274
56
275
57
276
58
277
59
278
60
279
61
280
62
281
63
282
64
283
65
284
66
285
67
286
68
287
69
288
70
289
71
290
72
291
73
292
74
293
75
294
76
295
77
296
78
297
79
298
80
299
81
300
82
301
83
302
84
303
85
304
86
305
87
306
88
307
89
308
90
309
91
310
92
311
93
312
94
313
95
314
96
315
97
316
98
317
99
318
100
319
101
320
102
321
103
322
104
323
105
324
106
325
107
326
108
327
109
328
110
329
111
330
112
331
113
332
114
333
115
334
116
335
117
336
118
337
119
338
120
339
121
340
122
341
123
342
124
343
125
344
126
345
127
346
128
347
129
348
130
349
131
350
132
351
133
352
134
353
135
354
136
355
137
356
138
357
139
358
140
359
141
360
142
361
143
362
144
363
145
364
146
365
147
366
148
367
149
368
150
369
151
370
152
371
153
372
154
373
155
374
156
375
157
376
158
377
159
378
160
379
161
380
162
381
163
382
164
383
165
384
166
385
167
386
168
387
169
388
170
389
171
390
172
391
173
392
174
393
175
394
176
395
177
396
178
397
179
398
180
399
181
400
182
401
183
402
184
403
185
404
186
405
187
406
188
407
189
408
190
409
191
410
192
411
193
412
194
413
195
414
196
415
197
416
198
417
199
418
200
419
201
420
202
421
203
422
204
423
205
424
206
425
207
426
208
427
209
428
210
429
211
430
212
431
213
432
214
433
215
434
216
435
217
436
218
437
219
438
439
221
440
14319
222
441
223
442
224
443
225
444
226
445
227
446
228
447
229
448
230
449
231
450
232
451
233
452
234
453
235
454
236
455
237
456
238
457
239
458
240
459
241
460
242
461
243
462
244
463
245
464
246
465
247
466
248
467
249
468
250
469
251
470
252
471
253
472
254
473
255
474
256
475
257
476
258
477
259
478
260
479
261
480
262
481
263
482
264
483
265
484
266
485
267
486
268
487
269
488
270
489
271
490
272
491
273
492
274
493
275
494
276
495
277
496
278
497
279
498
280
499
281
500
282
501
283
502
284
503
285
504
286
505
287
506
288
507
289
508
290
509
291
510
292
511
293
512
294
513
295
514
296
515
297
516
298
517
299
518
300
519
301
520
302
521
303
522
304
523
305
524
306
525
307
526
308
527
309
528
310
529
311
530
312
531
313
532
314
533
315
534
316
535
317
536
318
537
319
538
320
539
321
540
322
541
323
542
324
543
325
544
326
545
327
546
328
547
329
548
330
549
331
550
332
551
333
552
334
553
335
554
336
555
337
556
338
557
339
558
340
559
341
560
342
561
343
562
344
563
345
564
346
565
347
566
348
567
349
568
350
569
351
570
352
571
353
572
354
573
355
574
356
575
357
576
358
577
359
578
360
579
361
580
362
581
363
582
364
583
365
584
366
585
367
586
368
587
369
588
370
589
371
590
372
591
373
592
374
593
375
594
376
595
377
596
378
597
379
598
380
599
381
600
382
601
383
602
384
603
385
604
386
605
387
606
388
607
389
608
390
609
391
610
392
611
393
612
394
613
395
614
396
615
397
616
398
617
399
618
400
619
401
620
402
621
403
622
404
623
405
624
406
625
407
626
408
627
409
628
410
629
411
630
412
631
413
632
414
633
415
634
416
635
417
636
418
637
419
638
420
639
421
640
422
641
423
642
424
643
425
644
426
645
427
646
428
647
429
648
430
649
431
650
432
651
433
652
434
653
435
654
436
655
437
656
438
657
439
658
659
441
660
14329
442
661
443
662
444
663
445
664
446
665
447
666
448
667
449
668
450
669
451
670
452
671
453
672
454
673
455
674
456
675
457
676
458
677
459
678
460
679
461
680
462
681
463
682
464
683
465
684
466
685
467
686
468
687
469
688
470
689
471
690
472
691
473
692
474
693
475
694
476
695
477
696
478
697
479
698
480
699
481
700
482
701
483
702
484
703
485
704
486
705
487
706
488
707
489
708
490
709
491
710
492
711
493
712
494
713
495
714
496
715
497
716
498
717
499
718
500
719
501
720
502
721
503
722
504
723
505
724
506
725
507
726
508
727
509
728
510
729
511
730
512
731
513
732
514
733
515
734
516
735
517
736
518
737
519
738
520
739
521
740
522
741
523
742
524
743
525
744
526
745
527
746
528
747
529
748
530
749
531
750
532
751
533
752
534
753
535
754
536
755
537
756
538
757
539
758
540
759
541
760
542
761
543
762
544
763
545
764
546
765
547
766
548
767
549
768
550
769
551
770
552
771
553
772
554
773
555
774
556
775
557
776
558
777
559
778
560
779
561
780
562
781
563
782
564
783
565
784
566
785
567
786
568
787
569
788
570
789
571
790
572
791
573
792
574
793
575
794
576
795
577
796
578
797
579
798
580
799
581
800
582
801
583
802
584
803
585
804
586
805
587
806
588
807
589
808
590
809
591
810
592
811
593
812
594
813
595
814
596
815
597
816
598
817
599
818
600
819
601
820
602
821
603
822
604
823
605
824
606
825
607
826
608
827
609
828
610
829
611
830
612
831
613
832
614
833
615
834
616
835
617
836
618
837
619
838
620
839
621
840
622
841
623
842
624
843
625
844
626
845
627
846
628
847
629
848
630
849
631
850
632
851
633
852
634
853
635
854
636
855
637
856
638
857
639
858
640
859
641
860
642
861
643
862
644
863
645
864
646
865
647
866
648
867
649
868
650
869
651
870
652
871
653
872
654
873
655
874
656
875
657
876
658
877
659
878
879
661
880
14339
662
881
663
882
664
883
665
884
666
885
667
886
668
887
669
888
670
889
671
890
672
891
673
892
674
893
675
894
676
895
677
896
678
897
679
898
680
899
681
900
682
901
683
902
684
903
685
904
686
905
687
906
688
907
689
908
690
909
691
910
692
911
693
912
694
913
695
914
696
915
697
916
698
917
699
918
700
919
701
920
702
921
703
922
704
923
705
924
706
925
707
926
708
927
709
928
710
929
711
930
712
931
713
932
714
933
715
934
716
935
717
936
718
937
719
938
720
939
721
940
722
941
723
942
724
943
725
944
726
945
727
946
728
947
729
948
730
949
731
950
732
951
733
952
734
953
735
954
736
955
737
956
738
957
739
958
740
959
741
960
742
961
743
962
744
963
745
964
746
965
747
966
748
967
749
968
750
969
751
970
752
971
753
972
754
973
755
974
756
975
757
976
758
977
759
978
760
979
761
980
762
981
763
982
764
983
765
984
766
985
767
986
768
987
769
988
770
989
771
990
772
991
773
992
774
993
775
994
776
995
777
996
778
997
779
998
780
999
781
1000
782
1001
783
1002
784
1003
785
1004
786
1005
787
1006
788
1007
789
1008
790
1009
791
1010
792
1011
793
1012
794
1013
795
1014
796
1015
797
1016
798
1017
799
1018
800
1019
801
1020
802
1021
803
1022
804
1023
805
1024
806
1025
807
1026
808
1027
809
1028
810
1029
811
1030
812
1031
813
1032
814
1033
815
1034
816
1035
817
1036
818
1037
819
1038
820
1039
821
1040
822
1041
823
1042
824
1043
825
1044
826
1045
827
1046
828
1047
829
1048
830
1049
831
1050
832
1051
833
1052
834
1053
835
1054
836
1055
837
1056
838
1057
839
1058
840
1059
841
1060
842
1061
843
1062
844
1063
845
1064
846
1065
847
1066
848
1067
849
1068
850
1069
851
1070
852
1071
853
1072
854
1073
855
1074
856
1075
857
1076
858
1077
859
1078
860
1079
861
1080
862
1081
863
1082
864
1083
865
1084
866
1085
867
1086
868
1087
869
1088
870
1089
871
1090
872
1091
873
1092
874
1093
875
1094
876
1095
877
1096
878
1097
879
1098
1099
881
1100
14349
882
1101
883
1102
884
1103
885
1104
886
1105
887
1106
888
1107
889
1108
890
1109
891
1110
892
1111
893
1112
894
1113
895
1114
896
1115
897
1116
898
1117
899
1118
900
1119
901
1120
902
1121
903
1122
904
1123
905
1124
906
1125
907
1126
908
1127
909
1128
910
1129
911
1130
912
1131
913
1132
914
1133
915
1134
916
1135
917
1136
918
1137
919
1138
920
1139
921
1140
922
1141
923
1142
924
1143
925
1144
926
1145
927
1146
928
1147
929
1148
930
1149
931
1150
932
1151
933
1152
934
1153
935
1154
936
1155
937
1156
938
1157
939
1158
940
1159
941
1160
942
1161
943
1162
944
1163
945
1164
946
1165
947
1166
948
1167
949
1168
950
1169
951
1170
952
1171
953
1172
954
1173
955
1174
956
1175
957
1176
958
1177
959
1178
960
1179
961
1180
962
1181
963
1182
964
1183
965
1184
966
1185
967
1186
968
1187
969
1188
970
1189
971
1190
972
1191
973
1192
974
1193
975
1194
976
1195
977
1196
978
1197
979
1198
980
1199
981
1200
982
1201
983
1202
984
1203
985
1204
986
1205
987
1206
988
1207
989
1208
990
1209
991
1210
992
1211
993
1212
994
1213
995
1214
996
1215
997
1216
998
1217
999
1218
1000
1219
1001
1220
1002
1221
1003
1222
1004
1223
1005
1224
1006
1225
1007
1226
1008
1227
1009
1228
1010
1229
1011
1230
1012
1231
1013
1232
1014
1233
1015
1234
1016
1235
1017
1236
1018
1237
1019
1238
1020
1239
1021
1240
1022
1241
1023
1242
1024
1243
1025
1244
1026
1245
1027
1246
1028
1247
1029
1248
1030
1249
1031
1250
1032
1251
1033
1252
1034
1253
1035
1254
1036
1255
1037
1256
1038
1257
1039
1258
1040
1259
1041
1260
1042
1261
1043
1262
1044
1263
1045
1264
1046
1265
1047
1266
1048
1267
1049
1268
1050
1269
1051
1270
1052
1271
1053
1272
1054
1273
1055
1274
1056
1275
1057
1276
1058
1277
1059
1278
1060
1279
1061
1280
1062
1281
1063
1282
1064
1283
1065
1284
1066
1285
1067
1286
1068
1287
1069
1288
1070
1289
1071
1290
1072
1291
1073
1292
1074
1293
1075
1294
1076
1295
1077
1296
1078
1297
1079
1298
1080
1299
1081
1300
1082
1301
1083
1302
1084
1303
1085
1304
1086
1305
1087
1306
1088
1307
1089
1308
1090
1309
1091
1310
1092
1311
1093
1312
1094
1313
1095
1314
1096
1315
1097
1316
1098
1317
1099
1318
1319
1101
1320
14359
1102
1321
1103
1322
1104
1323
1105
1324
1106
1325
1107
1326
1108
1327
1109
1328
1110
1329
1111
1330
1112
1331
1113
1332
1114
1333
1115
1334
1116
1335
1117
1336
1118
1337
1119
1338
1120
1339
1121
1340
1122
1341
1123
1342
1124
1343
1125
1344
1126
1345
1127
1346
1128
1347
1129
1348
1130
1349
1131
1350
1132
1351
1133
1352
1134
1353
1135
1354
1136
1355
1137
1356
1138
1357
1139
1358
1140
1359
1141
1360
1142
1361
1143
1362
1144
1363
1145
1364
1146
1365
1147
1366
1148
1367
1149
1368
1150
1369
1151
1370
1152
1371
1153
1372
1154
1373
1155
1374
1156
1375
1157
1376
1158
1377
1159
1378
1160
1379
1161
1380
1162
1381
1163
1382
1164
1383
1165
1384
1166
1385
1167
1386
1168
1387
1169
1388
1170
1389
1171
1390
1172
1391
1173
1392
1174
1393
1175
1394
1176
1395
1177
1396
1178
1397
1179
1398
1180
1399
1181
1400
1182
1401
1183
1402
1184
1403
1185
1404
1186
1405
1187
1406
1188
1407
1189
1408
1190
1409
1191
1410
1192
1411
1193
1412
1194
1413
1195
1414
1196
1415
1197
1416
1198
1417
1199
1418
1200
1419
1201
1420
1202
1421
1203
1422
1204
1423
1205
1424
1206
1425
1207
1426
1208
1427
1209
1428
1210
1429
1211
1430
1212
1431
1213
1432
1214
1433
1215
1434
1216
1435
1217
1436
1218
1437
1219
1438
1220
1439
1221
1440
1222
1441
1223
1442
1224
1443
1225
1444
1226
1445
1227
1446
1228
1447
1229
1448
1230
1449
1231
1450
1232
1451
1233
1452
1234
1453
1235
1454
1236
1455
1237
1456
1238
1457
1239
1458
1240
1459
1241
1460
1242
1461
1243
1462
1244
1463
1245
1464
1246
1465
1247
1466
1248
1467
1249
1468
1250
1469
1251
1470
1252
1471
1253
1472
1254
1473
1255
1474
1256
1475
1257
1476
1258
1477
1259
1478
1260
1479
1261
1480
1262
1481
1263
1482
1264
1483
1265
1484
1266
1485
1267
1486
1268
1487
1269
1488
1270
1489
1271
1490
1272
1491
1273
1492
1274
1493
1275
1494
1276
1495
1277
1496
1278
1497
1279
1498
1280
1499
1281
1500
1282
1501
1283
1502
1284
1503
1285
1504
1286
1505
1287
1506
1288
1507
1289
1508
1290
1509
1291
1510
1292
1511
1293
1512
1294
1513
1295
1514
1296
1515
1297
1516
1298
1517
1299
1518
1300
1519
1301
1520
1302
1521
1303
1522
1304
1523
1305
1524
1306
1525
1307
1526
1308
1527
1309
1528
1310
1529
1311
1530
1312
1531
1313
1532
1314
1533
1315
1534
1316
1535
1317
1536
1318
1537
1319
1538
1539
1321
1540
14369
1322
1541
1323
1542
1324
1543
1325
1544
1326
1545
1327
1546
1328
1547
1329
1548
1330
1549
1331
1550
1332
1551
1333
1552
1334
1553
1335
1554
1336
1555
1337
1556
1338
1557
1339
1558
1340
1559
1341
1560
1342
1561
1343
1562
1344
1563
1345
1564
1346
1565
1347
1566
1348
1567
1349
1568
1350
1569
1351
1570
1352
1571
1353
1572
1354
1573
1355
1574
1356
1575
1357
1576
1358
1577
1359
1578
1360
1579
1361
1580
1362
1581
1363
1582
1364
1583
1365
1584
1366
1585
1367
1586
1368
1587
1369
1588
1370
1589
1371
1590
1372
1591
1373
1592
1374
1593
1375
1594
1376
1595
1377
1596
1378
1597
1379
1598
1380
1599
1381
1600
1382
1601
1383
1602
1384
1603
1385
1604
1386
1605
1387
1606
1388
1607
1389
1608
1390
1609
1391
1610
1392
1611
1393
1612
1394
1613
1395
1614
1396
1615
1397
1616
1398
1617
1399
1618
1400
1619
1401
1620
1402
1621
1403
1622
1404
1623
1405
1624
1406
1625
1407
1626
1408
1627
1409
1628
1410
1629
1411
1630
1412
1631
1413
1632
1414
1633
1415
1634
1416
1635
1417
1636
1418
1637
1419
1638
1420
1639
1421
1640
1422
1641
1423
1642
1424
1643
1425
1644
1426
1645
1427
1646
1428
1647
1429
1648
1430
1649
1431
1650
1432
1651
1433
1652
1434
1653
1435
1654
1436
1655
1437
1656
1438
1657
1439
1658
1440
1659
1441
1660
1442
1661
1443
1662
1444
1663
1445
1664
1446
1665
1447
1666
1448
1667
1449
1668
1450
1669
1451
1670
1452
1671
1453
1672
1454
1673
1455
1674
1456
1675
1457
1676
1458
1677
1459
1678
1460
1679
1461
1680
1462
1681
1463
1682
1464
1683
1465
1684
1466
1685
1467
1686
1468
1687
1469
1688
1470
1689
1471
1690
1472
1691
1473
1692
1474
1693
1475
1694
1476
1695
1477
1696
1478
1697
1479
1698
1480
1699
1481
1700
1482
1701
1483
1702
1484
1703
1485
1704
1486
1705
1487
1706
1488
1707
1489
1708
1490
1709
1491
1710
1492
1711
1493
1712
1494
1713
1495
1714
1496
1715
1497
1716
1498
1717
1499
1718
1500
1719
1501
1720
1502
1721
1503
1722
1504
1723
1505
1724
1506
1725
1507
1726
1508
1727
1509
1728
1510
1729
1511
1730
1512
1731
1513
1732
1514
1733
1515
1734
1516
1735
1517
1736
1518
1737
1519
1738
1520
1739
1521
1740
1522
1741
1523
1742
1524
1743
1525
1744
1526
1745
1527
1746
1528
1747
1529
1748
1530
1749
1531
1750
1532
1751
1533
1752
1534
1753
1535
1754
1536
1755
1537
1756
1538
1757
1539
1758
1759
1541
1760
14379
1542
1761
1543
1762
1544
1763
1545
1764
1546
1765
1547
1766
1548
1767
1549
1768
1550
1769
1551
1770
1552
1771
1553
1772
1554
1773
1555
1774
1556
1775
1557
1776
1558
1777
1559
1778
1560
1779
1561
1780
1562
1781
1563
1782
1564
1783
1565
1784
1566
1785
1567
1786
1568
1787
1569
1788
1570
1789
1571
1790
1572
1791
1573
1792
1574
1793
1575
1794
1576
1795
1577
1796
1578
1797
1579
1798
1580
1799
1581
1800
1582
1801
1583
1802
1584
1803
1585
1804
1586
1805
1587
1806
1588
1807
1589
1808
1590
1809
1591
1810
1592
1811
1593
1812
1594
1813
1595
1814
1596
1815
1597
1816
1598
1817
1599
1818
1600
1819
1601
1820
1602
1821
1603
1822
1604
1823
1605
1824
1606
1825
1607
1826
1608
1827
1609
1828
1610
1829
1611
1830
1612
1831
1613
1832
1614
1833
1615
1834
1616
1835
1617
1836
1618
1837
1619
1838
1620
1839
1621
1840
1622
1841
1623
1842
1624
1843
1625
1844
1626
1845
1627
1846
1628
1847
1629
1848
1630
1849
1631
1850
1632
1851
1633
1852
1634
1853
1635
1854
1636
1855
1637
1856
1638
1857
1639
1858
1640
1859
1641
1860
1642
1861
1643
1862
1644
1863
1645
1864
1646
1865
1647
1866
1648
1867
1649
1868
1650
1869
1651
1870
1652
1871
1653
1872
1654
1873
1655
1874
1656
1875
1657
1876
1658
1877
1659
1878
1660
1879
1661
1880
1662
1881
1663
1882
1664
1883
1665
1884
1666
1885
1667
1886
1668
1887
1669
1888
1670
1889
1671
1890
1672
1891
1673
1892
1674
1893
1675
1894
1676
1895
1677
1896
1678
1897
1679
1898
1680
1899
1681
1900
1682
1901
1683
1902
1684
1903
1685
1904
1686
1905
1687
1906
1688
1907
1689
1908
1690
1909
1691
1910
1692
1911
1693
1912
1694
1913
1695
1914
1696
1915
1697
1916
1698
1917
1699
1918
1700
1919
1701
1920
1702
1921
1703
1922
1704
1923
1705
1924
1706
1925
1707
1926
1708
1927
1709
1928
1710
1929
1711
1930
1712
1931
1713
1932
1714
1933
1715
1934
1716
1935
1717
1936
1718
1937
1719
1938
1720
1939
1721
1940
1722
1941
1723
1942
1724
1943
1725
1944
1726
1945
1727
1946
1728
1947
1729
1948
1730
1949
1731
1950
1732
1951
1733
1952
1734
1953
1735
1954
1736
1955
1737
1956
1738
1957
1739
1958
1740
1959
1741
1960
1742
1961
1743
1962
1744
1963
1745
1964
1746
1965
1747
1966
1748
1967
1749
1968
1750
1969
1751
1970
1752
1971
1753
1972
1754
1973
1755
1974
1756
1975
1757
1976
1758
1977
1759
1978
1979
1761
1980
14389
1762
1981
1763
1982
1764
1983
1765
1984
1766
1985
1767
1986
1768
1987
1769
1988
1770
1989
1771
1990
1772
1991
1773
1992
1774
1993
1775
1994
1776
1995
1777
1996
1778
1997
1779
1998
1780
1999
1781
2000
1782
2001
1783
2002
1784
2003
1785
2004
1786
2005
1787
2006
1788
2007
1789
2008
1790
2009
1791
2010
1792
2011
1793
2012
1794
2013
1795
2014
1796
2015
1797
2016
1798
2017
1799
2018
1800
2019
1801
2020
1802
2021
1803
2022
1804
2023
1805
2024
1806
2025
1807
2026
1808
2027
1809
2028
1810
2029
1811
2030
1812
2031
1813
2032
1814
2033
1815
2034
1816
2035
1817
2036
1818
2037
1819
2038
1820
2039
1821
2040
1822
2041
1823
2042
1824
2043
1825
2044
1826
2045
1827
2046
1828
2047
1829
2048
1830
2049
1831
2050
1832
2051
1833
2052
1834
2053
1835
2054
1836
2055
1837
2056
1838
2057
1839
2058
1840
2059
1841
2060
1842
2061
1843
2062
1844
2063
1845
2064
1846
2065
1847
2066
1848
2067
1849
2068
1850
2069
1851
2070
1852
2071
1853
2072
1854
2073
1855
2074
1856
2075
1857
2076
1858
2077
1859
2078
1860
2079
1861
2080
1862
2081
1863
2082
1864
2083
1865
2084
1866
2085
1867
2086
1868
2087
1869
2088
1870
2089
1871
2090
1872
2091
1873
2092
1874
2093
1875
2094
1876
2095
1877
2096
1878
2097
1879
2098
1880
2099
1881
2100
1882
2101
1883
2102
1884
2103
1885
2104
1886
2105
1887
2106
1888
2107
1889
2108
1890
2109
1891
2110
1892
2111
1893
2112
1894
2113
1895
2114
1896
2115
1897
2116
1898
2117
1899
2118
1900
2119
1901
2120
1902
2121
1903
2122
1904
2123
1905
2124
1906
2125
1907
2126
1908
2127
1909
2128
1910
2129
1911
2130
1912
2131
1913
2132
1914
2133
1915
2134
1916
2135
1917
2136
1918
2137
1919
2138
1920
2139
1921
2140
1922
2141
1923
2142
1924
2143
1925
2144
1926
2145
1927
2146
1928
2147
1929
2148
1930
2149
1931
2150
1932
2151
1933
2152
1934
2153
1935
2154
1936
2155
1937
2156
1938
2157
1939
2158
1940
2159
1941
2160
1942
2161
1943
2162
1944
2163
1945
2164
1946
2165
1947
2166
1948
2167
1949
2168
1950
2169
1951
2170
1952
2171
1953
2172
1954
2173
1955
2174
1956
2175
1957
2176
1958
2177
1959
2178
1960
2179
1961
2180
1962
2181
1963
2182
1964
2183
1965
2184
1966
2185
1967
2186
1968
2187
1969
2188
1970
2189
1971
2190
1972
2191
1973
2192
1974
2193
1975
2194
1976
2195
1977
2196
1978
2197
1979
2198
2199
1981
2200
14399
1982
2201
1983
2202
1984
2203
1985
2204
1986
2205
1987
2206
1988
2207
1989
2208
1990
2209
1991
2210
1992
2211
1993
2212
1994
2213
1995
2214
1996
2215
1997
2216
1998
2217
1999
2218
2000
2219
2001
2220
2002
2221
2003
2222
2004
2223
2005
2224
2006
2225
2007
2226
2008
2227
2009
2228
2010
2229
2011
2230
2012
2231
2013
2232
2014
2233
2015
2234
2016
2235
2017
2236
2018
2237
2019
2238
2020
2239
2021
2240
2022
2241
2023
2242
2024
2243
2025
2244
2026
2245
2027
2246
2028
2247
2029
2248
2030
2249
2031
2250
2032
2251
2033
2252
2034
2253
2035
2254
2036
2255
2037
2256
2038
2257
2039
2258
2040
2259
2041
2260
2042
2261
2043
2262
2044
2263
2045
2264
2046
2265
2047
2266
2048
2267
2049
2268
2050
2269
2051
2270
2052
2271
2053
2272
2054
2273
2055
2274
2056
2275
2057
2276
2058
2277
2059
2278
2060
2279
2061
2280
2062
2281
2063
2282
2064
2283
2065
2284
2066
2285
2067
2286
2068
2287
2069
2288
2070
2289
2071
2290
2072
2291
2073
2292
2074
2293
2075
2294
2076
2295
2077
2296
2078
2297
2079
2298
2080
2299
2081
2300
2082
2301
2083
2302
2084
2303
2085
2304
2086
2305
2087
2306
2088
2307
2089
2308
2090
2309
2091
2310
2092
2311
2093
2312
2094
2313
2095
2314
2096
2315
2097
2316
2098
2317
2099
2318
2100
2319
2101
2320
2102
2321
2103
2322
2104
2323
2105
2324
2106
2325
2107
2326
2108
2327
2109
2328
2110
2329
2111
2330
2112
2331
2113
2332
2114
2333
2115
2334
2116
2335
2117
2336
2118
2337
2119
2338
2120
2339
2121
2340
2122
2341
2123
2342
2124
2343
2125
2344
2126
2345
2127
2346
2128
2347
2129
2348
2130
2349
2131
2350
2132
2351
2133
2352
2134
2353
2135
2354
2136
2355
2137
2356
2138
2357
2139
2358
2140
2359
2141
2360
2142
2361
2143
2362
2144
2363
2145
2364
2146
2365
2147
2366
2148
2367
2149
2368
2150
2369
2151
2370
2152
2371
2153
2372
2154
2373
2155
2374
2156
2375
2157
2376
2158
2377
2159
2378
2160
2379
2161
2380
2162
2381
2163
2382
2164
2383
2165
2384
2166
2385
2167
2386
2168
2387
2169
2388
2170
2389
2171
2390
2172
2391
2173
2392
2174
2393
2175
2394
2176
2395
2177
2396
2178
2397
2179
2398
2180
2399
2181
2400
2182
2401
2183
2402
2184
2403
2185
2404
2186
2405
2187
2406
2188
2407
2189
2408
2190
2409
2191
2410
2192
2411
2193
2412
2194
2413
2195
2414
2196
2415
2197
2416
2198
2417
2199
2418
2419
2201
2420
14409
2202
2421
2203
2422
2204
2423
2205
2424
2206
2425
2207
2426
2208
2427
2209
2428
2210
2429
2211
2430
2212
2431
2213
2432
2214
2433
2215
2434
2216
2435
2217
2436
2218
2437
2219
2438
2220
2439
2221
2440
2222
2441
2223
2442
2224
2443
2225
2444
2226
2445
2227
2446
2228
2447
2229
2448
2230
2449
2231
2450
2232
2451
2233
2452
2234
2453
2235
2454
2236
2455
2237
2456
2238
2457
2239
2458
2240
2459
2241
2460
2242
2461
2243
2462
2244
2463
2245
2464
2246
2465
2247
2466
2248
2467
2249
2468
2250
2469
2251
2470
2252
2471
2253
2472
2254
2473
2255
2474
2256
2475
2257
2476
2258
2477
2259
2478
2260
2479
2261
2480
2262
2481
2263
2482
2264
2483
2265
2484
2266
2485
2267
2486
2268
2487
2269
2488
2270
2489
2271
2490
2272
2491
2273
2492
2274
2493
2275
2494
2276
2495
2277
2496
2278
2497
2279
2498
2280
2499
2281
2500
2282
2501
2283
2502
2284
2503
2285
2504
2286
2505
2287
2506
2288
2507
2289
2508
2290
2509
2291
2510
2292
2511
2293
2512
2294
2513
2295
2514
2296
2515
2297
2516
2298
2517
2299
2518
2300
2519
2301
2520
2302
2521
2303
2522
2304
2523
2305
2524
2306
2525
2307
2526
2308
2527
2309
2528
2310
2529
2311
2530
2312
2531
2313
2532
2314
2533
2315
2534
2316
2535
2317
2536
2318
2537
2319
2538
2320
2539
2321
2540
2322
2541
2323
2542
2324
2543
2325
2544
2326
2545
2327
2546
2328
2547
2329
2548
2330
2549
2331
2550
2332
2551
2333
2552
2334
2553
2335
2554
2336
2555
2337
2556
2338
2557
2339
2558
2340
2559
2341
2560
2342
2561
2343
2562
2344
2563
2345
2564
2346
2565
2347
2566
2348
2567
2349
2568
2350
2569
2351
2570
2352
2571
2353
2572
2354
2573
2355
2574
2356
2575
2357
2576
2358
2577
2359
2578
2360
2579
2361
2580
2362
2581
2363
2582
2364
2583
2365
2584
2366
2585
2367
2586
2368
2587
2369
2588
2370
2589
2371
2590
2372
2591
2373
2592
2374
2593
2375
2594
2376
2595
2377
2596
2378
2597
2379
2598
2380
2599
2381
2600
2382
2601
2383
2602
2384
2603
2385
2604
2386
2605
2387
2606
2388
2607
2389
2608
2390
2609
2391
2610
2392
2611
2393
2612
2394
2613
2395
2614
2396
2615
2397
2616
2398
2617
2399
2618
2400
2619
2401
2620
2402
2621
2403
2622
2404
2623
2405
2624
2406
2625
2407
2626
2408
2627
2409
2628
2410
2629
2411
2630
2412
2631
2413
2632
2414
2633
2415
2634
2416
2635
2417
2636
2418
2637
2419
2638
2639
2421
2640
14419
2422
2641
2423
2642
2424
2643
2425
2644
2426
2645
2427
2646
2428
2647
2429
2648
2430
2649
2431
2650
2432
2651
2433
2652
2434
2653
2435
2654
2436
2655
2437
2656
2438
2657
2439
2658
2440
2659
2441
2660
2442
2661
2443
2662
2444
2663
2445
2664
2446
2665
2447
2666
2448
2667
2449
2668
2450
2669
2451
2670
2452
2671
2453
2672
2454
2673
2455
2674
2456
2675
2457
2676
2458
2677
2459
2678
2460
2679
2461
2680
2462
2681
2463
2682
2464
2683
2465
2684
2466
2685
2467
2686
2468
2687
2469
2688
2470
2689
2471
2690
2472
2691
2473
2692
2474
2693
2475
2694
2476
2695
2477
2696
2478
2697
2479
2698
2480
2699
2481
2700
2482
2701
2483
2702
2484
2703
2485
2704
2486
2705
2487
2706
2488
2707
2489
2708
2490
2709
2491
2710
2492
2711
2493
2712
2494
2713
2495
2714
2496
2715
2497
2716
2498
2717
2499
2718
2500
2719
2501
2720
2502
2721
2503
2722
2504
2723
2505
2724
2506
2725
2507
2726
2508
2727
2509
2728
2510
2729
2511
2730
2512
2731
2513
2732
2514
2733
2515
2734
2516
2735
2517
2736
2518
2737
2519
2738
2520
2739
2521
2740
2522
2741
2523
2742
2524
2743
2525
2744
2526
2745
2527
2746
2528
2747
2529
2748
2530
2749
2531
2750
2532
2751
2533
2752
2534
2753
2535
2754
2536
2755
2537
2756
2538
2757
2539
2758
2540
2759
2541
2760
2542
2761
2543
2762
2544
2763
2545
2764
2546
2765
2547
2766
2548
2767
2549
2768
2550
2769
2551
2770
2552
2771
2553
2772
2554
2773
2555
2774
2556
2775
2557
2776
2558
2777
2559
2778
2560
2779
2561
2780
2562
2781
2563
2782
2564
2783
2565
2784
2566
2785
2567
2786
2568
2787
2569
2788
2570
2789
2571
2790
2572
2791
2573
2792
2574
2793
2575
2794
2576
2795
2577
2796
2578
2797
2579
2798
2580
2799
2581
2800
2582
2801
2583
2802
2584
2803
2585
2804
2586
2805
2587
2806
2588
2807
2589
2808
2590
2809
2591
2810
2592
2811
2593
2812
2594
2813
2595
2814
2596
2815
2597
2816
2598
2817
2599
2818
2600
2819
2601
2820
2602
2821
2603
2822
2604
2823
2605
2824
2606
2825
2607
2826
2608
2827
2609
2828
2610
2829
2611
2830
2612
2831
2613
2832
2614
2833
2615
2834
2616
2835
2617
2836
2618
2837
2619
2838
2620
2839
2621
2840
2622
2841
2623
2842
2624
2843
2625
2844
2626
2845
2627
2846
2628
2847
2629
2848
2630
2849
2631
2850
2632
2851
2633
2852
2634
2853
2635
2854
2636
2855
2637
2856
2638
2857
2639
2858
2859
2641
2860
14429
2642
2861
2643
2862
2644
2863
2645
2864
2646
2865
2647
2866
2648
2867
2649
2868
2650
2869
2651
2870
2652
2871
2653
2872
2654
2873
2655
2874
2656
2875
2657
2876
2658
2877
2659
2878
2660
2879
2661
2880
2662
2881
2663
2882
2664
2883
2665
2884
2666
2885
2667
2886
2668
2887
2669
2888
2670
2889
2671
2890
2672
2891
2673
2892
2674
2893
2675
2894
2676
2895
2677
2896
2678
2897
2679
2898
2680
2899
2681
2900
2682
2901
2683
2902
2684
2903
2685
2904
2686
2905
2687
2906
2688
2907
2689
2908
2690
2909
2691
2910
2692
2911
2693
2912
2694
2913
2695
2914
2696
2915
2697
2916
2698
2917
2699
2918
2700
2919
2701
2920
2702
2921
2703
2922
2704
2923
2705
2924
2706
2925
2707
2926
2708
2927
2709
2928
2710
2929
2711
2930
2712
2931
2713
2932
2714
2933
2715
2934
2716
2935
2717
2936
2718
2937
2719
2938
2720
2939
2721
2940
2722
2941
2723
2942
2724
2943
2725
2944
2726
2945
2727
2946
2728
2947
2729
2948
2730
2949
2731
2950
2732
2951
2733
2952
2734
2953
2735
2954
2736
2955
2737
2956
2738
2957
2739
2958
2740
2959
2741
2960
2742
2961
2743
2962
2744
2963
2745
2964
2746
2965
2747
2966
2748
2967
2749
2968
2750
2969
2751
2970
2752
2971
2753
2972
2754
2973
2755
2974
2756
2975
2757
2976
2758
2977
2759
2978
2760
2979
2761
2980
2762
2981
2763
2982
2764
2983
2765
2984
2766
2985
2767
2986
2768
2987
2769
2988
2770
2989
2771
2990
2772
2991
2773
2992
2774
2993
2775
2994
2776
2995
2777
2996
2778
2997
2779
2998
2780
2999
2781
3000
2782
3001
2783
3002
2784
3003
2785
3004
2786
3005
2787
3006
2788
3007
2789
3008
2790
3009
2791
3010
2792
3011
2793
3012
2794
3013
2795
3014
2796
3015
2797
3016
2798
3017
2799
3018
2800
3019
2801
3020
2802
3021
2803
3022
2804
3023
2805
3024
2806
3025
2807
3026
2808
3027
2809
3028
2810
3029
2811
3030
2812
3031
2813
3032
2814
3033
2815
3034
2816
3035
2817
3036
2818
3037
2819
3038
2820
3039
2821
3040
2822
3041
2823
3042
2824
3043
2825
3044
2826
3045
2827
3046
2828
3047
2829
3048
2830
3049
2831
3050
2832
3051
2833
3052
2834
3053
2835
3054
2836
3055
2837
3056
2838
3057
2839
3058
2840
3059
2841
3060
2842
3061
2843
3062
2844
3063
2845
3064
2846
3065
2847
3066
2848
3067
2849
3068
2850
3069
2851
3070
2852
3071
2853
3072
2854
3073
2855
3074
2856
3075
2857
3076
2858
3077
2859
3078
3079
2861
3080
14439
2862
3081
2863
3082
2864
3083
2865
3084
2866
3085
2867
3086
2868
3087
2869
3088
2870
3089
2871
3090
2872
3091
2873
3092
2874
3093
2875
3094
2876
3095
2877
3096
2878
3097
2879
3098
2880
3099
2881
3100
2882
3101
2883
3102
2884
3103
2885
3104
2886
3105
2887
3106
2888
3107
2889
3108
2890
3109
2891
3110
2892
3111
2893
3112
2894
3113
2895
3114
2896
3115
2897
3116
2898
3117
2899
3118
2900
3119
2901
3120
2902
3121
2903
3122
2904
3123
2905
3124
2906
3125
2907
3126
2908
3127
2909
3128
2910
3129
2911
3130
2912
3131
2913
3132
2914
3133
2915
3134
2916
3135
2917
3136
2918
3137
2919
3138
2920
3139
2921
3140
2922
3141
2923
3142
2924
3143
2925
3144
2926
3145
2927
3146
2928
3147
2929
3148
2930
3149
2931
3150
2932
3151
2933
3152
2934
3153
2935
3154
2936
3155
2937
3156
2938
3157
2939
3158
2940
3159
2941
3160
2942
3161
2943
3162
2944
3163
2945
3164
2946
3165
2947
3166
2948
3167
2949
3168
2950
3169
2951
3170
2952
3171
2953
3172
2954
3173
2955
3174
2956
3175
2957
3176
2958
3177
2959
3178
2960
3179
2961
3180
2962
3181
2963
3182
2964
3183
2965
3184
2966
3185
2967
3186
2968
3187
2969
3188
2970
3189
2971
3190
2972
3191
2973
3192
2974
3193
2975
3194
2976
3195
2977
3196
2978
3197
2979
3198
2980
3199
2981
3200
2982
3201
2983
3202
2984
3203
2985
3204
2986
3205
2987
3206
2988
3207
2989
3208
2990
3209
2991
3210
2992
3211
2993
3212
2994
3213
2995
3214
2996
3215
2997
3216
2998
3217
2999
3218
3000
3219
3001
3220
3002
3221
3003
3222
3004
3223
3005
3224
3006
3225
3007
3226
3008
3227
3009
3228
3010
3229
3011
3230
3012
3231
3013
3232
3014
3233
3015
3234
3016
3235
3017
3236
3018
3237
3019
3238
3020
3239
3021
3240
3022
3241
3023
3242
3024
3243
3025
3244
3026
3245
3027
3246
3028
3247
3029
3248
3030
3249
3031
3250
3032
3251
3033
3252
3034
3253
3035
3254
3036
3255
3037
3256
3038
3257
3039
3258
3040
3259
3041
3260
3042
3261
3043
3262
3044
3263
3045
3264
3046
3265
3047
3266
3048
3267
3049
3268
3050
3269
3051
3270
3052
3271
3053
3272
3054
3273
3055
3274
3056
3275
3057
3276
3058
3277
3059
3278
3060
3279
3061
3280
3062
3281
3063
3282
3064
3283
3065
3284
3066
3285
3067
3286
3068
3287
3069
3288
3070
3289
3071
3290
3072
3291
3073
3292
3074
3293
3075
3294
3076
3295
3077
3296
3078
3297
3079
3298
3299
3081
3300
14449
3082
3301
3083
3302
3084
3303
3085
3304
3086
3305
3087
3306
3088
3307
3089
3308
3090
3309
3091
3310
3092
3311
3093
3312
3094
3313
3095
3314
3096
3315
3097
3316
3098
3317
3099
3318
3100
3319
3101
3320
3102
3321
3103
3322
3104
3323
3105
3324
3106
3325
3107
3326
3108
3327
3109
3328
3110
3329
3111
3330
3112
3331
3113
3332
3114
3333
3115
3334
3116
3335
3117
3336
3118
3337
3119
3338
3120
3339
3121
3340
3122
3341
3123
3342
3124
3343
3125
3344
3126
3345
3127
3346
3128
3347
3129
3348
3130
3349
3131
3350
3132
3351
3133
3352
3134
3353
3135
3354
3136
3355
3137
3356
3138
3357
3139
3358
3140
3359
3141
3360
3142
3361
3143
3362
3144
3363
3145
3364
3146
3365
3147
3366
3148
3367
3149
3368
3150
3369
3151
3370
3152
3371
3153
3372
3154
3373
3155
3374
3156
3375
3157
3376
3158
3377
3159
3378
3160
3379
3161
3380
3162
3381
3163
3382
3164
3383
3165
3384
3166
3385
3167
3386
3168
3387
3169
3388
3170
3389
3171
3390
3172
3391
3173
3392
3174
3393
3175
3394
3176
3395
3177
3396
3178
3397
3179
3398
3180
3399
3181
3400
3182
3401
3183
3402
3184
3403
3185
3404
3186
3405
3187
3406
3188
3407
3189
3408
3190
3409
3191
3410
3192
3411
3193
3412
3194
3413
3195
3414
3196
3415
3197
3416
3198
3417
3199
3418
3200
3419
3201
3420
3202
3421
3203
3422
3204
3423
3205
3424
3206
3425
3207
3426
3208
3427
3209
3428
3210
3429
3211
3430
3212
3431
3213
3432
3214
3433
3215
3434
3216
3435
3217
3436
3218
3437
3219
3438
3220
3439
3221
3440
3222
3441
3223
3442
3224
3443
3225
3444
3226
3445
3227
3446
3228
3447
3229
3448
3230
3449
3231
3450
3232
3451
3233
3452
3234
3453
3235
3454
3236
3455
3237
3456
3238
3457
3239
3458
3240
3459
3241
3460
3242
3461
3243
3462
3244
3463
3245
3464
3246
3465
3247
3466
3248
3467
3249
3468
3250
3469
3251
3470
3252
3471
3253
3472
3254
3473
3255
3474
3256
3475
3257
3476
3258
3477
3259
3478
3260
3479
3261
3480
3262
3481
3263
3482
3264
3483
3265
3484
3266
3485
3267
3486
3268
3487
3269
3488
3270
3489
3271
3490
3272
3491
3273
3492
3274
3493
3275
3494
3276
3495
3277
3496
3278
3497
3279
3498
3280
3499
3281
3500
3282
3501
3283
3502
3284
3503
3285
3504
3286
3505
3287
3506
3288
3507
3289
3508
3290
3509
3291
3510
3292
3511
3293
3512
3294
3513
3295
3514
3296
3515
3297
3516
3298
3517
3299
3518
3519
3301
3520
14459
3302
3521
3303
3522
3304
3523
3305
3524
3306
3525
3307
3526
3308
3527
3309
3528
3310
3529
3311
3530
3312
3531
3313
3532
3314
3533
3315
3534
3316
3535
3317
3536
3318
3537
3319
3538
3320
3539
3321
3540
3322
3541
3323
3542
3324
3543
3325
3544
3326
3545
3327
3546
3328
3547
3329
3548
3330
3549
3331
3550
3332
3551
3333
3552
3334
3553
3335
3554
3336
3555
3337
3556
3338
3557
3339
3558
3340
3559
3341
3560
3342
3561
3343
3562
3344
3563
3345
3564
3346
3565
3347
3566
3348
3567
3349
3568
3350
3569
3351
3570
3352
3571
3353
3572
3354
3573
3355
3574
3356
3575
3357
3576
3358
3577
3359
3578
3360
3579
3361
3580
3362
3581
3363
3582
3364
3583
3365
3584
3366
3585
3367
3586
3368
3587
3369
3588
3370
3589
3371
3590
3372
3591
3373
3592
3374
3593
3375
3594
3376
3595
3377
3596
3378
3597
3379
3598
3380
3599
3381
3600
3382
3601
3383
3602
3384
3603
3385
3604
3386
3605
3387
3606
3388
3607
3389
3608
3390
3609
3391
3610
3392
3611
3393
3612
3394
3613
3395
3614
3396
3615
3397
3616
3398
3617
3399
3618
3400
3619
3401
3620
3402
3621
3403
3622
3404
3623
3405
3624
3406
3625
3407
3626
3408
3627
3409
3628
3410
3629
3411
3630
3412
3631
3413
3632
3414
3633
3415
3634
3416
3635
3417
3636
3418
3637
3419
3638
3420
3639
3421
3640
3422
3641
3423
3642
3424
3643
3425
3644
3426
3645
3427
3646
3428
3647
3429
3648
3430
3649
3431
3650
3432
3651
3433
3652
3434
3653
3435
3654
3436
3655
3437
3656
3438
3657
3439
3658
3440
3659
3441
3660
3442
3661
3443
3662
3444
3663
3445
3664
3446
3665
3447
3666
3448
3667
3449
3668
3450
3669
3451
3670
3452
3671
3453
3672
3454
3673
3455
3674
3456
3675
3457
3676
3458
3677
3459
3678
3460
3679
3461
3680
3462
3681
3463
3682
3464
3683
3465
3684
3466
3685
3467
3686
3468
3687
3469
3688
3470
3689
3471
3690
3472
3691
3473
3692
3474
3693
3475
3694
3476
3695
3477
3696
3478
3697
3479
3698
3480
3699
3481
3700
3482
3701
3483
3702
3484
3703
3485
3704
3486
3705
3487
3706
3488
3707
3489
3708
3490
3709
3491
3710
3492
3711
3493
3712
3494
3713
3495
3714
3496
3715
3497
3716
3498
3717
3499
3718
3500
3719
3501
3720
3502
3721
3503
3722
3504
3723
3505
3724
3506
3725
3507
3726
3508
3727
3509
3728
3510
3729
3511
3730
3512
3731
3513
3732
3514
3733
3515
3734
3516
3735
3517
3736
3518
3737
3519
3738
3739
3521
3740
14469
3522
3741
3523
3742
3524
3743
3525
3744
3526
3745
3527
3746
3528
3747
3529
3748
3530
3749
3531
3750
3532
3751
3533
3752
3534
3753
3535
3754
3536
3755
3537
3756
3538
3757
3539
3758
3540
3759
3541
3760
3542
3761
3543
3762
3544
3763
3545
3764
3546
3765
3547
3766
3548
3767
3549
3768
3550
3769
3551
3770
3552
3771
3553
3772
3554
3773
3555
3774
3556
3775
3557
3776
3558
3777
3559
3778
3560
3779
3561
3780
3562
3781
3563
3782
3564
3783
3565
3784
3566
3785
3567
3786
3568
3787
3569
3788
3570
3789
3571
3790
3572
3791
3573
3792
3574
3793
3575
3794
3576
3795
3577
3796
3578
3797
3579
3798
3580
3799
3581
3800
3582
3801
3583
3802
3584
3803
3585
3804
3586
3805
3587
3806
3588
3807
3589
3808
3590
3809
3591
3810
3592
3811
3593
3812
3594
3813
3595
3814
3596
3815
3597
3816
3598
3817
3599
3818
3600
3819
3601
3820
3602
3821
3603
3822
3604
3823
3605
3824
3606
3825
3607
3826
3608
3827
3609
3828
3610
3829
3611
3830
3612
3831
3613
3832
3614
3833
3615
3834
3616
3835
3617
3836
3618
3837
3619
3838
3620
3839
3621
3840
3622
3841
3623
3842
3624
3843
3625
3844
3626
3845
3627
3846
3628
3847
3629
3848
3630
3849
3631
3850
3632
3851
3633
3852
3634
3853
3635
3854
3636
3855
3637
3856
3638
3857
3639
3858
3640
3859
3641
3860
3642
3861
3643
3862
3644
3863
3645
3864
3646
3865
3647
3866
3648
3867
3649
3868
3650
3869
3651
3870
3652
3871
3653
3872
3654
3873
3655
3874
3656
3875
3657
3876
3658
3877
3659
3878
3660
3879
3661
3880
3662
3881
3663
3882
3664
3883
3665
3884
3666
3885
3667
3886
3668
3887
3669
3888
3670
3889
3671
3890
3672
3891
3673
3892
3674
3893
3675
3894
3676
3895
3677
3896
3678
3897
3679
3898
3680
3899
3681
3900
3682
3901
3683
3902
3684
3903
3685
3904
3686
3905
3687
3906
3688
3907
3689
3908
3690
3909
3691
3910
3692
3911
3693
3912
3694
3913
3695
3914
3696
3915
3697
3916
3698
3917
3699
3918
3700
3919
3701
3920
3702
3921
3703
3922
3704
3923
3705
3924
3706
3925
3707
3926
3708
3927
3709
3928
3710
3929
3711
3930
3712
3931
3713
3932
3714
3933
3715
3934
3716
3935
3717
3936
3718
3937
3719
3938
3720
3939
3721
3940
3722
3941
3723
3942
3724
3943
3725
3944
3726
3945
3727
3946
3728
3947
3729
3948
3730
3949
3731
3950
3732
3951
3733
3952
3734
3953
3735
3954
3736
3955
3737
3956
3738
3957
3739
3958
3959
3741
3960
14479
3742
3961
3743
3962
3744
3963
3745
3964
3746
3965
3747
3966
3748
3967
3749
3968
3750
3969
3751
3970
3752
3971
3753
3972
3754
3973
3755
3974
3756
3975
3757
3976
3758
3977
3759
3978
3760
3979
3761
3980
3762
3981
3763
3982
3764
3983
3765
3984
3766
3985
3767
3986
3768
3987
3769
3988
3770
3989
3771
3990
3772
3991
3773
3992
3774
3993
3775
3994
3776
3995
3777
3996
3778
3997
3779
3998
3780
3999
3781
4000
3782
4001
3783
4002
3784
4003
3785
4004
3786
4005
3787
4006
3788
4007
3789
4008
3790
4009
3791
4010
3792
4011
3793
4012
3794
4013
3795
4014
3796
4015
3797
4016
3798
4017
3799
4018
3800
4019
3801
4020
3802
4021
3803
4022
3804
4023
3805
4024
3806
4025
3807
4026
3808
4027
3809
4028
3810
4029
3811
4030
3812
4031
3813
4032
3814
4033
3815
4034
3816
4035
3817
4036
3818
4037
3819
4038
3820
4039
3821
4040
3822
4041
3823
4042
3824
4043
3825
4044
3826
4045
3827
4046
3828
4047
3829
4048
3830
4049
3831
4050
3832
4051
3833
4052
3834
4053
3835
4054
3836
4055
3837
4056
3838
4057
3839
4058
3840
4059
3841
4060
3842
4061
3843
4062
3844
4063
3845
4064
3846
4065
3847
4066
3848
4067
3849
4068
3850
4069
3851
4070
3852
4071
3853
4072
3854
4073
3855
4074
3856
4075
3857
4076
3858
4077
3859
4078
3860
4079
3861
4080
3862
4081
3863
4082
3864
4083
3865
4084
3866
4085
3867
4086
3868
4087
3869
4088
3870
4089
3871
4090
3872
4091
3873
4092
3874
4093
3875
4094
3876
4095
3877
4096
3878
4097
3879
4098
3880
4099
3881
4100
3882
4101
3883
4102
3884
4103
3885
4104
3886
4105
3887
4106
3888
4107
3889
4108
3890
4109
3891
4110
3892
4111
3893
4112
3894
4113
3895
4114
3896
4115
3897
4116
3898
4117
3899
4118
3900
4119
3901
4120
3902
4121
3903
4122
3904
4123
3905
4124
3906
4125
3907
4126
3908
4127
3909
4128
3910
4129
3911
4130
3912
4131
3913
4132
3914
4133
3915
4134
3916
4135
3917
4136
3918
4137
3919
4138
3920
4139
3921
4140
3922
4141
3923
4142
3924
4143
3925
4144
3926
4145
3927
4146
3928
4147
3929
4148
3930
4149
3931
4150
3932
4151
3933
4152
3934
4153
3935
4154
3936
4155
3937
4156
3938
4157
3939
4158
3940
4159
3941
4160
3942
4161
3943
4162
3944
4163
3945
4164
3946
4165
3947
4166
3948
4167
3949
4168
3950
4169
3951
4170
3952
4171
3953
4172
3954
4173
3955
4174
3956
4175
3957
4176
3958
4177
3959
4178
4179
3961
4180
14489
3962
4181
3963
4182
3964
4183
3965
4184
3966
4185
3967
4186
3968
4187
3969
4188
3970
4189
3971
4190
3972
4191
3973
4192
3974
4193
3975
4194
3976
4195
3977
4196
3978
4197
3979
4198
3980
4199
3981
4200
3982
4201
3983
4202
3984
4203
3985
4204
3986
4205
3987
4206
3988
4207
3989
4208
3990
4209
3991
4210
3992
4211
3993
4212
3994
4213
3995
4214
3996
4215
3997
4216
3998
4217
3999
4218
4000
4219
4001
4220
4002
4221
4003
4222
4004
4223
4005
4224
4006
4225
4007
4226
4008
4227
4009
4228
4010
4229
4011
4230
4012
4231
4013
4232
4014
4233
4015
4234
4016
4235
4017
4236
4018
4237
4019
4238
4020
4239
4021
4240
4022
4241
4023
4242
4024
4243
4025
4244
4026
4245
4027
4246
4028
4247
4029
4248
4030
4249
4031
4250
4032
4251
4033
4252
4034
4253
4035
4254
4036
4255
4037
4256
4038
4257
4039
4258
4040
4259
4041
4260
4042
4261
4043
4262
4044
4263
4045
4264
4046
4265
4047
4266
4048
4267
4049
4268
4050
4269
4051
4270
4052
4271
4053
4272
4054
4273
4055
4274
4056
4275
4057
4276
4058
4277
4059
4278
4060
4279
4061
4280
4062
4281
4063
4282
4064
4283
4065
4284
4066
4285
4067
4286
4068
4287
4069
4288
4070
4289
4071
4290
4072
4291
4073
4292
4074
4293
4075
4294
4076
4295
4077
4296
4078
4297
4079
4298
4080
4299
4081
4300
4082
4301
4083
4302
4084
4303
4085
4304
4086
4305
4087
4306
4088
4307
4089
4308
4090
4309
4091
4310
4092
4311
4093
4312
4094
4313
4095
4314
4096
4315
4097
4316
4098
4317
4099
4318
4100
4319
4101
4320
4102
4321
4103
4322
4104
4323
4105
4324
4106
4325
4107
4326
4108
4327
4109
4328
4110
4329
4111
4330
4112
4331
4113
4332
4114
4333
4115
4334
4116
4335
4117
4336
4118
4337
4119
4338
4120
4339
4121
4340
4122
4341
4123
4342
4124
4343
4125
4344
4126
4345
4127
4346
4128
4347
4129
4348
4130
4349
4131
4350
4132
4351
4133
4352
4134
4353
4135
4354
4136
4355
4137
4356
4138
4357
4139
4358
4140
4359
4141
4360
4142
4361
4143
4362
4144
4363
4145
4364
4146
4365
4147
4366
4148
4367
4149
4368
4150
4369
4151
4370
4152
4371
4153
4372
4154
4373
4155
4374
4156
4375
4157
4376
4158
4377
4159
4378
4160
4379
4161
4380
4162
4381
4163
4382
4164
4383
4165
4384
4166
4385
4167
4386
4168
4387
4169
4388
4170
4389
4171
4390
4172
4391
4173
4392
4174
4393
4175
4394
4176
4395
4177
4396
4178
4397
4179
4398
4399
4181
4400
14499
4182
4401
4183
4402
4184
4403
4185
4404
4186
4405
4187
4406
4188
4407
4189
4408
4190
4409
4191
4410
4192
4411
4193
4412
4194
4413
4195
4414
4196
4415
4197
4416
4198
4417
4199
4418
4200
4419
4201
4420
4202
4421
4203
4422
4204
4423
4205
4424
4206
4425
4207
4426
4208
4427
4209
4428
4210
4429
4211
4430
4212
4431
4213
4432
4214
4433
4215
4434
4216
4435
4217
4436
4218
4437
4219
4438
4220
4439
4221
4440
4222
4441
4223
4442
4224
4443
4225
4444
4226
4445
4227
4446
4228
4447
4229
4448
4230
4449
4231
4450
4232
4451
4233
4452
4234
4453
4235
4454
4236
4455
4237
4456
4238
4457
4239
4458
4240
4459
4241
4460
4242
4461
4243
4462
4244
4463
4245
4464
4246
4465
4247
4466
4248
4467
4249
4468
4250
4469
4251
4470
4252
4471
4253
4472
4254
4473
4255
4474
4256
4475
4257
4476
4258
4477
4259
4478
4260
4479
4261
4480
4262
4481
4263
4482
4264
4483
4265
4484
4266
4485
4267
4486
4268
4487
4269
4488
4270
4489
4271
4490
4272
4491
4273
4492
4274
4493
4275
4494
4276
4495
4277
4496
4278
4497
4279
4498
4280
4499
4281
4500
4282
4501
4283
4502
4284
4503
4285
4504
4286
4505
4287
4506
4288
4507
4289
4508
4290
4509
4291
4510
4292
4511
4293
4512
4294
4513
4295
4514
4296
4515
4297
4516
4298
4517
4299
4518
4300
4519
4301
4520
4302
4521
4303
4522
4304
4523
4305
4524
4306
4525
4307
4526
4308
4527
4309
4528
4310
4529
4311
4530
4312
4531
4313
4532
4314
4533
4315
4534
4316
4535
4317
4536
4318
4537
4319
4538
4320
4539
4321
4540
4322
4541
4323
4542
4324
4543
4325
4544
4326
4545
4327
4546
4328
4547
4329
4548
4330
4549
4331
4550
4332
4551
4333
4552
4334
4553
4335
4554
4336
4555
4337
4556
4338
4557
4339
4558
4340
4559
4341
4560
4342
4561
4343
4562
4344
4563
4345
4564
4346
4565
4347
4566
4348
4567
4349
4568
4350
4569
4351
4570
4352
4571
4353
4572
4354
4573
4355
4574
4356
4575
4357
4576
4358
4577
4359
4578
4360
4579
4361
4580
4362
4581
4363
4582
4364
4583
4365
4584
4366
4585
4367
4586
4368
4587
4369
4588
4370
4589
4371
4590
4372
4591
4373
4592
4374
4593
4375
4594
4376
4595
4377
4596
4378
4597
4379
4598
4380
4599
4381
4600
4382
4601
4383
4602
4384
4603
4385
4604
4386
4605
4387
4606
4388
4607
4389
4608
4390
4609
4391
4610
4392
4611
4393
4612
4394
4613
4395
4614
4396
4615
4397
4616
4398
4617
4399
4618
4619
4401
4620
14509
4402
4621
4403
4622
4404
4623
4405
4624
4406
4625
4407
4626
4408
4627
4409
4628
4410
4629
4411
4630
4412
4631
4413
4632
4414
4633
4415
4634
4416
4635
4417
4636
4418
4637
4419
4638
4420
4639
4421
4640
4422
4641
4423
4642
4424
4643
4425
4644
4426
4645
4427
4646
4428
4647
4429
4648
4430
4649
4431
4650
4432
4651
4433
4652
4434
4653
4435
4654
4436
4655
4437
4656
4438
4657
4439
4658
4440
4659
4441
4660
4442
4661
4443
4662
4444
4663
4445
4664
4446
4665
4447
4666
4448
4667
4449
4668
4450
4669
4451
4670
4452
4671
4453
4672
4454
4673
4455
4674
4456
4675
4457
4676
4458
4677
4459
4678
4460
4679
4461
4680
4462
4681
4463
4682
4464
4683
4465
4684
4466
4685
4467
4686
4468
4687
4469
4688
4470
4689
4471
4690
4472
4691
4473
4692
4474
4693
4475
4694
4476
4695
4477
4696
4478
4697
4479
4698
4480
4699
4481
4700
4482
4701
4483
4702
4484
4703
4485
4704
4486
4705
4487
4706
4488
4707
4489
4708
4490
4709
4491
4710
4492
4711
4493
4712
4494
4713
4495
4714
4496
4715
4497
4716
4498
4717
4499
4718
4500
4719
4501
4720
4502
4721
4503
4722
4504
4723
4505
4724
4506
4725
4507
4726
4508
4727
4509
4728
4510
4729
4511
4730
4512
4731
4513
4732
4514
4733
4515
4734
4516
4735
4517
4736
4518
4737
4519
4738
4520
4739
4521
4740
4522
4741
4523
4742
4524
4743
4525
4744
4526
4745
4527
4746
4528
4747
4529
4748
4530
4749
4531
4750
4532
4751
4533
4752
4534
4753
4535
4754
4536
4755
4537
4756
4538
4757
4539
4758
4540
4759
4541
4760
4542
4761
4543
4762
4544
4763
4545
4764
4546
4765
4547
4766
4548
4767
4549
4768
4550
4769
4551
4770
4552
4771
4553
4772
4554
4773
4555
4774
4556
4775
4557
4776
4558
4777
4559
4778
4560
4779
4561
4780
4562
4781
4563
4782
4564
4783
4565
4784
4566
4785
4567
4786
4568
4787
4569
4788
4570
4789
4571
4790
4572
4791
4573
4792
4574
4793
4575
4794
4576
4795
4577
4796
4578
4797
4579
4798
4580
4799
4581
4800
4582
4801
4583
4802
4584
4803
4585
4804
4586
4805
4587
4806
4588
4807
4589
4808
4590
4809
4591
4810
4592
4811
4593
4812
4594
4813
4595
4814
4596
4815
4597
4816
4598
4817
4599
4818
4600
4819
4601
4820
4602
4821
4603
4822
4604
4823
4605
4824
4606
4825
4607
4826
4608
4827
4609
4828
4610
4829
4611
4830
4612
4831
4613
4832
4614
4833
4615
4834
4616
4835
4617
4836
4618
4837
4619
4838
4839
4621
4840
14519
4622
4841
4623
4842
4624
4843
4625
4844
4626
4845
4627
4846
4628
4847
4629
4848
4630
4849
4631
4850
4632
4851
4633
4852
4634
4853
4635
4854
4636
4855
4637
4856
4638
4857
4639
4858
4640
4859
4641
4860
4642
4861
4643
4862
4644
4863
4645
4864
4646
4865
4647
4866
4648
4867
4649
4868
4650
4869
4651
4870
4652
4871
4653
4872
4654
4873
4655
4874
4656
4875
4657
4876
4658
4877
4659
4878
4660
4879
4661
4880
4662
4881
4663
4882
4664
4883
4665
4884
4666
4885
4667
4886
4668
4887
4669
4888
4670
4889
4671
4890
4672
4891
4673
4892
4674
4893
4675
4894
4676
4895
4677
4896
4678
4897
4679
4898
4680
4899
4681
4900
4682
4901
4683
4902
4684
4903
4685
4904
4686
4905
4687
4906
4688
4907
4689
4908
4690
4909
4691
4910
4692
4911
4693
4912
4694
4913
4695
4914
4696
4915
4697
4916
4698
4917
4699
4918
4700
4919
4701
4920
4702
4921
4703
4922
4704
4923
4705
4924
4706
4925
4707
4926
4708
4927
4709
4928
4710
4929
4711
4930
4712
4931
4713
4932
4714
4933
4715
4934
4716
4935
4717
4936
4718
4937
4719
4938
4720
4939
4721
4940
4722
4941
4723
4942
4724
4943
4725
4944
4726
4945
4727
4946
4728
4947
4729
4948
4730
4949
4731
4950
4732
4951
4733
4952
4734
4953
4735
4954
4736
4955
4737
4956
4738
4957
4739
4958
4740
4959
4741
4960
4742
4961
4743
4962
4744
4963
4745
4964
4746
4965
4747
4966
4748
4967
4749
4968
4750
4969
4751
4970
4752
4971
4753
4972
4754
4973
4755
4974
4756
4975
4757
4976
4758
4977
4759
4978
4760
4979
4761
4980
4762
4981
4763
4982
4764
4983
4765
4984
4766
4985
4767
4986
4768
4987
4769
4988
4770
4989
4771
4990
4772
4991
4773
4992
4774
4993
4775
4994
4776
4995
4777
4996
4778
4997
4779
4998
4780
4999
4781
5000
4782
5001
4783
5002
4784
5003
4785
5004
4786
5005
4787
5006
4788
5007
4789
5008
4790
5009
4791
5010
4792
5011
4793
5012
4794
5013
4795
5014
4796
5015
4797
5016
4798
5017
4799
5018
4800
5019
4801
5020
4802
5021
4803
5022
4804
5023
4805
5024
4806
5025
4807
5026
4808
5027
4809
5028
4810
5029
4811
5030
4812
5031
4813
5032
4814
5033
4815
5034
4816
5035
4817
5036
4818
5037
4819
5038
4820
5039
4821
5040
4822
5041
4823
5042
4824
5043
4825
5044
4826
5045
4827
5046
4828
5047
4829
5048
4830
5049
4831
5050
4832
5051
4833
5052
4834
5053
4835
5054
4836
5055
4837
5056
4838
5057
4839
5058
5059
4841
5060
14529
4842
5061
4843
5062
4844
5063
4845
5064
4846
5065
4847
5066
4848
5067
4849
5068
4850
5069
4851
5070
4852
5071
4853
5072
4854
5073
4855
5074
4856
5075
4857
5076
4858
5077
4859
5078
4860
5079
4861
5080
4862
5081
4863
5082
4864
5083
4865
5084
4866
5085
4867
5086
4868
5087
4869
5088
4870
5089
4871
5090
4872
5091
4873
5092
4874
5093
4875
5094
4876
5095
4877
5096
4878
5097
4879
5098
4880
5099
4881
5100
4882
5101
4883
5102
4884
5103
4885
5104
4886
5105
4887
5106
4888
5107
4889
5108
4890
5109
4891
5110
4892
5111
4893
5112
4894
5113
4895
5114
4896
5115
4897
5116
4898
5117
4899
5118
4900
5119
4901
5120
4902
5121
4903
5122
4904
5123
4905
5124
4906
5125
4907
5126
4908
5127
4909
5128
4910
5129
4911
5130
4912
5131
4913
5132
4914
5133
4915
5134
4916
5135
4917
5136
4918
5137
4919
5138
4920
5139
4921
5140
4922
5141
4923
5142
4924
5143
4925
5144
4926
5145
4927
5146
4928
5147
4929
5148
4930
5149
4931
5150
4932
5151
4933
5152
4934
5153
4935
5154
4936
5155
4937
5156
4938
5157
4939
5158
4940
5159
4941
5160
4942
5161
4943
5162
4944
5163
4945
5164
4946
5165
4947
5166
4948
5167
4949
5168
4950
5169
4951
5170
4952
5171
4953
5172
4954
5173
4955
5174
4956
5175
4957
5176
4958
5177
4959
5178
4960
5179
4961
5180
4962
5181
4963
5182
4964
5183
4965
5184
4966
5185
4967
5186
4968
5187
4969
5188
4970
5189
4971
5190
4972
5191
4973
5192
4974
5193
4975
5194
4976
5195
4977
5196
4978
5197
4979
5198
4980
5199
4981
5200
4982
5201
4983
5202
4984
5203
4985
5204
4986
5205
4987
5206
4988
5207
4989
5208
4990
5209
4991
5210
4992
5211
4993
5212
4994
5213
4995
5214
4996
5215
4997
5216
4998
5217
4999
5218
5000
5219
5001
5220
5002
5221
5003
5222
5004
5223
5005
5224
5006
5225
5007
5226
5008
5227
5009
5228
5010
5229
5011
5230
5012
5231
5013
5232
5014
5233
5015
5234
5016
5235
5017
5236
5018
5237
5019
5238
5020
5239
5021
5240
5022
5241
5023
5242
5024
5243
5025
5244
5026
5245
5027
5246
5028
5247
5029
5248
5030
5249
5031
5250
5032
5251
5033
5252
5034
5253
5035
5254
5036
5255
5037
5256
5038
5257
5039
5258
5040
5259
5041
5260
5042
5261
5043
5262
5044
5263
5045
5264
5046
5265
5047
5266
5048
5267
5049
5268
5050
5269
5051
5270
5052
5271
5053
5272
5054
5273
5055
5274
5056
5275
5057
5276
5058
5277
5059
5278
5279
5061
5280
14539
5062
5281
5063
5282
5064
5283
5065
5284
5066
5285
5067
5286
5068
5287
5069
5288
5070
5289
5071
5290
5072
5291
5073
5292
5074
5293
5075
5294
5076
5295
5077
5296
5078
5297
5079
5298
5080
5299
5081
5300
5082
5301
5083
5302
5084
5303
5085
5304
5086
5305
5087
5306
5088
5307
5089
5308
5090
5309
5091
5310
5092
5311
5093
5312
5094
5313
5095
5314
5096
5315
5097
5316
5098
5317
5099
5318
5100
5319
5101
5320
5102
5321
5103
5322
5104
5323
5105
5324
5106
5325
5107
5326
5108
5327
5109
5328
5110
5329
5111
5330
5112
5331
5113
5332
5114
5333
5115
5334
5116
5335
5117
5336
5118
5337
5119
5338
5120
5339
5121
5340
5122
5341
5123
5342
5124
5343
5125
5344
5126
5345
5127
5346
5128
5347
5129
5348
5130
5349
5131
5350
5132
5351
5133
5352
5134
5353
5135
5354
5136
5355
5137
5356
5138
5357
5139
5358
5140
5359
5141
5360
5142
5361
5143
5362
5144
5363
5145
5364
5146
5365
5147
5366
5148
5367
5149
5368
5150
5369
5151
5370
5152
5371
5153
5372
5154
5373
5155
5374
5156
5375
5157
5376
5158
5377
5159
5378
5160
5379
5161
5380
5162
5381
5163
5382
5164
5383
5165
5384
5166
5385
5167
5386
5168
5387
5169
5388
5170
5389
5171
5390
5172
5391
5173
5392
5174
5393
5175
5394
5176
5395
5177
5396
5178
5397
5179
5398
5180
5399
5181
5400
5182
5401
5183
5402
5184
5403
5185
5404
5186
5405
5187
5406
5188
5407
5189
5408
5190
5409
5191
5410
5192
5411
5193
5412
5194
5413
5195
5414
5196
5415
5197
5416
5198
5417
5199
5418
5200
5419
5201
5420
5202
5421
5203
5422
5204
5423
5205
5424
5206
5425
5207
5426
5208
5427
5209
5428
5210
5429
5211
5430
5212
5431
5213
5432
5214
5433
5215
5434
5216
5435
5217
5436
5218
5437
5219
5438
5220
5439
5221
5440
5222
5441
5223
5442
5224
5443
5225
5444
5226
5445
5227
5446
5228
5447
5229
5448
5230
5449
5231
5450
5232
5451
5233
5452
5234
5453
5235
5454
5236
5455
5237
5456
5238
5457
5239
5458
5240
5459
5241
5460
5242
5461
5243
5462
5244
5463
5245
5464
5246
5465
5247
5466
5248
5467
5249
5468
5250
5469
5251
5470
5252
5471
5253
5472
5254
5473
5255
5474
5256
5475
5257
5476
5258
5477
5259
5478
5260
5479
5261
5480
5262
5481
5263
5482
5264
5483
5265
5484
5266
5485
5267
5486
5268
5487
5269
5488
5270
5489
5271
5490
5272
5491
5273
5492
5274
5493
5275
5494
5276
5495
5277
5496
5278
5497
5279
5498
5499
5281
5500
14549
5282
5501
5283
5502
5284
5503
5285
5504
5286
5505
5287
5506
5288
5507
5289
5508
5290
5509
5291
5510
5292
5511
5293
5512
5294
5513
5295
5514
5296
5515
5297
5516
5298
5517
5299
5518
5300
5519
5301
5520
5302
5521
5303
5522
5304
5523
5305
5524
5306
5525
5307
5526
5308
5527
5309
5528
5310
5529
5311
5530
5312
5531
5313
5532
5314
5533
5315
5534
5316
5535
5317
5536
5318
5537
5319
5538
5320
5539
5321
5540
5322
5541
5323
5542
5324
5543
5325
5544
5326
5545
5327
5546
5328
5547
5329
5548
5330
5549
5331
5550
5332
5551
5333
5552
5334
5553
5335
5554
5336
5555
5337
5556
5338
5557
5339
5558
5340
5559
5341
5560
5342
5561
5343
5562
5344
5563
5345
5564
5346
5565
5347
5566
5348
5567
5349
5568
5350
5569
5351
5570
5352
5571
5353
5572
5354
5573
5355
5574
5356
5575
5357
5576
5358
5577
5359
5578
5360
5579
5361
5580
5362
5581
5363
5582
5364
5583
5365
5584
5366
5585
5367
5586
5368
5587
5369
5588
5370
5589
5371
5590
5372
5591
5373
5592
5374
5593
5375
5594
5376
5595
5377
5596
5378
5597
5379
5598
5380
5599
5381
5600
5382
5601
5383
5602
5384
5603
5385
5604
5386
5605
5387
5606
5388
5607
5389
5608
5390
5609
5391
5610
5392
5611
5393
5612
5394
5613
5395
5614
5396
5615
5397
5616
5398
5617
5399
5618
5400
5619
5401
5620
5402
5621
5403
5622
5404
5623
5405
5624
5406
5625
5407
5626
5408
5627
5409
5628
5410
5629
5411
5630
5412
5631
5413
5632
5414
5633
5415
5634
5416
5635
5417
5636
5418
5637
5419
5638
5420
5639
5421
5640
5422
5641
5423
5642
5424
5643
5425
5644
5426
5645
5427
5646
5428
5647
5429
5648
5430
5649
5431
5650
5432
5651
5433
5652
5434
5653
5435
5654
5436
5655
5437
5656
5438
5657
5439
5658
5440
5659
5441
5660
5442
5661
5443
5662
5444
5663
5445
5664
5446
5665
5447
5666
5448
5667
5449
5668
5450
5669
5451
5670
5452
5671
5453
5672
5454
5673
5455
5674
5456
5675
5457
5676
5458
5677
5459
5678
5460
5679
5461
5680
5462
5681
5463
5682
5464
5683
5465
5684
5466
5685
5467
5686
5468
5687
5469
5688
5470
5689
5471
5690
5472
5691
5473
5692
5474
5693
5475
5694
5476
5695
5477
5696
5478
5697
5479
5698
5480
5699
5481
5700
5482
5701
5483
5702
5484
5703
5485
5704
5486
5705
5487
5706
5488
5707
5489
5708
5490
5709
5491
5710
5492
5711
5493
5712
5494
5713
5495
5714
5496
5715
5497
5716
5498
5717
5499
5718
5719
5501
5720
14559
5502
5721
5503
5722
5504
5723
5505
5724
5506
5725
5507
5726
5508
5727
5509
5728
5510
5729
5511
5730
5512
5731
5513
5732
5514
5733
5515
5734
5516
5735
5517
5736
5518
5737
5519
5738
5520
5739
5521
5740
5522
5741
5523
5742
5524
5743
5525
5744
5526
5745
5527
5746
5528
5747
5529
5748
5530
5749
5531
5750
5532
5751
5533
5752
5534
5753
5535
5754
5536
5755
5537
5756
5538
5757
5539
5758
5540
5759
5541
5760
5542
5761
5543
5762
5544
5763
5545
5764
5546
5765
5547
5766
5548
5767
5549
5768
5550
5769
5551
5770
5552
5771
5553
5772
5554
5773
5555
5774
5556
5775
5557
5776
5558
5777
5559
5778
5560
5779
5561
5780
5562
5781
5563
5782
5564
5783
5565
5784
5566
5785
5567
5786
5568
5787
5569
5788
5570
5789
5571
5790
5572
5791
5573
5792
5574
5793
5575
5794
5576
5795
5577
5796
5578
5797
5579
5798
5580
5799
5581
5800
5582
5801
5583
5802
5584
5803
5585
5804
5586
5805
5587
5806
5588
5807
5589
5808
5590
5809
5591
5810
5592
5811
5593
5812
5594
5813
5595
5814
5596
5815
5597
5816
5598
5817
5599
5818
5600
5819
5601
5820
5602
5821
5603
5822
5604
5823
5605
5824
5606
5825
5607
5826
5608
5827
5609
5828
5610
5829
5611
5830
5612
5831
5613
5832
5614
5833
5615
5834
5616
5835
5617
5836
5618
5837
5619
5838
5620
5839
5621
5840
5622
5841
5623
5842
5624
5843
5625
5844
5626
5845
5627
5846
5628
5847
5629
5848
5630
5849
5631
5850
5632
5851
5633
5852
5634
5853
5635
5854
5636
5855
5637
5856
5638
5857
5639
5858
5640
5859
5641
5860
5642
5861
5643
5862
5644
5863
5645
5864
5646
5865
5647
5866
5648
5867
5649
5868
5650
5869
5651
5870
5652
5871
5653
5872
5654
5873
5655
5874
5656
5875
5657
5876
5658
5877
5659
5878
5660
5879
5661
5880
5662
5881
5663
5882
5664
5883
5665
5884
5666
5885
5667
5886
5668
5887
5669
5888
5670
5889
5671
5890
5672
5891
5673
5892
5674
5893
5675
5894
5676
5895
5677
5896
5678
5897
5679
5898
5680
5899
5681
5900
5682
5901
5683
5902
5684
5903
5685
5904
5686
5905
5687
5906
5688
5907
5689
5908
5690
5909
5691
5910
5692
5911
5693
5912
5694
5913
5695
5914
5696
5915
5697
5916
5698
5917
5699
5918
5700
5919
5701
5920
5702
5921
5703
5922
5704
5923
5705
5924
5706
5925
5707
5926
5708
5927
5709
5928
5710
5929
5711
5930
5712
5931
5713
5932
5714
5933
5715
5934
5716
5935
5717
5936
5718
5937
5719
5938
5939
5721
5940
14569
5722
5941
5723
5942
5724
5943
5725
5944
5726
5945
5727
5946
5728
5947
5729
5948
5730
5949
5731
5950
5732
5951
5733
5952
5734
5953
5735
5954
5736
5955
5737
5956
5738
5957
5739
5958
5740
5959
5741
5960
5742
5961
5743
5962
5744
5963
5745
5964
5746
5965
5747
5966
5748
5967
5749
5968
5750
5969
5751
5970
5752
5971
5753
5972
5754
5973
5755
5974
5756
5975
5757
5976
5758
5977
5759
5978
5760
5979
5761
5980
5762
5981
5763
5982
5764
5983
5765
5984
5766
5985
5767
5986
5768
5987
5769
5988
5770
5989
5771
5990
5772
5991
5773
5992
5774
5993
5775
5994
5776
5995
5777
5996
5778
5997
5779
5998
5780
5999
5781
6000
5782
6001
5783
6002
5784
6003
5785
6004
5786
6005
5787
6006
5788
6007
5789
6008
5790
6009
5791
6010
5792
6011
5793
6012
5794
6013
5795
6014
5796
6015
5797
6016
5798
6017
5799
6018
5800
6019
5801
6020
5802
6021
5803
6022
5804
6023
5805
6024
5806
6025
5807
6026
5808
6027
5809
6028
5810
6029
5811
6030
5812
6031
5813
6032
5814
6033
5815
6034
5816
6035
5817
6036
5818
6037
5819
6038
5820
6039
5821
6040
5822
6041
5823
6042
5824
6043
5825
6044
5826
6045
5827
6046
5828
6047
5829
6048
5830
6049
5831
6050
5832
6051
5833
6052
5834
6053
5835
6054
5836
6055
5837
6056
5838
6057
5839
6058
5840
6059
5841
6060
5842
6061
5843
6062
5844
6063
5845
6064
5846
6065
5847
6066
5848
6067
5849
6068
5850
6069
5851
6070
5852
6071
5853
6072
5854
6073
5855
6074
5856
6075
5857
6076
5858
6077
5859
6078
5860
6079
5861
6080
5862
6081
5863
6082
5864
6083
5865
6084
5866
6085
5867
6086
5868
6087
5869
6088
5870
6089
5871
6090
5872
6091
5873
6092
5874
6093
5875
6094
5876
6095
5877
6096
5878
6097
5879
6098
5880
6099
5881
6100
5882
6101
5883
6102
5884
6103
5885
6104
5886
6105
5887
6106
5888
6107
5889
6108
5890
6109
5891
6110
5892
6111
5893
6112
5894
6113
5895
6114
5896
6115
5897
6116
5898
6117
5899
6118
5900
6119
5901
6120
5902
6121
5903
6122
5904
6123
5905
6124
5906
6125
5907
6126
5908
6127
5909
6128
5910
6129
5911
6130
5912
6131
5913
6132
5914
6133
5915
6134
5916
6135
5917
6136
5918
6137
5919
6138
5920
6139
5921
6140
5922
6141
5923
6142
5924
6143
5925
6144
5926
6145
5927
6146
5928
6147
5929
6148
5930
6149
5931
6150
5932
6151
5933
6152
5934
6153
5935
6154
5936
6155
5937
6156
5938
6157
5939
6158
6159
5941
6160
14579
5942
6161
5943
6162
5944
6163
5945
6164
5946
6165
5947
6166
5948
6167
5949
6168
5950
6169
5951
6170
5952
6171
5953
6172
5954
6173
5955
6174
5956
6175
5957
6176
5958
6177
5959
6178
5960
6179
5961
6180
5962
6181
5963
6182
5964
6183
5965
6184
5966
6185
5967
6186
5968
6187
5969
6188
5970
6189
5971
6190
5972
6191
5973
6192
5974
6193
5975
6194
5976
6195
5977
6196
5978
6197
5979
6198
5980
6199
5981
6200
5982
6201
5983
6202
5984
6203
5985
6204
5986
6205
5987
6206
5988
6207
5989
6208
5990
6209
5991
6210
5992
6211
5993
6212
5994
6213
5995
6214
5996
6215
5997
6216
5998
6217
5999
6218
6000
6219
6001
6220
6002
6221
6003
6222
6004
6223
6005
6224
6006
6225
6007
6226
6008
6227
6009
6228
6010
6229
6011
6230
6012
6231
6013
6232
6014
6233
6015
6234
6016
6235
6017
6236
6018
6237
6019
6238
6020
6239
6021
6240
6022
6241
6023
6242
6024
6243
6025
6244
6026
6245
6027
6246
6028
6247
6029
6248
6030
6249
6031
6250
6032
6251
6033
6252
6034
6253
6035
6254
6036
6255
6037
6256
6038
6257
6039
6258
6040
6259
6041
6260
6042
6261
6043
6262
6044
6263
6045
6264
6046
6265
6047
6266
6048
6267
6049
6268
6050
6269
6051
6270
6052
6271
6053
6272
6054
6273
6055
6274
6056
6275
6057
6276
6058
6277
6059
6278
6060
6279
6061
6280
6062
6281
6063
6282
6064
6283
6065
6284
6066
6285
6067
6286
6068
6287
6069
6288
6070
6289
6071
6290
6072
6291
6073
6292
6074
6293
6075
6294
6076
6295
6077
6296
6078
6297
6079
6298
6080
6299
6081
6300
6082
6301
6083
6302
6084
6303
6085
6304
6086
6305
6087
6306
6088
6307
6089
6308
6090
6309
6091
6310
6092
6311
6093
6312
6094
6313
6095
6314
6096
6315
6097
6316
6098
6317
6099
6318
6100
6319
6101
6320
6102
6321
6103
6322
6104
6323
6105
6324
6106
6325
6107
6326
6108
6327
6109
6328
6110
6329
6111
6330
6112
6331
6113
6332
6114
6333
6115
6334
6116
6335
6117
6336
6118
6337
6119
6338
6120
6339
6121
6340
6122
6341
6123
6342
6124
6343
6125
6344
6126
6345
6127
6346
6128
6347
6129
6348
6130
6349
6131
6350
6132
6351
6133
6352
6134
6353
6135
6354
6136
6355
6137
6356
6138
6357
6139
6358
6140
6359
6141
6360
6142
6361
6143
6362
6144
6363
6145
6364
6146
6365
6147
6366
6148
6367
6149
6368
6150
6369
6151
6370
6152
6371
6153
6372
6154
6373
6155
6374
6156
6375
6157
6376
6158
6377
6159
6378
6379
6161
6380
14589
6162
6381
6163
6382
6164
6383
6165
6384
6166
6385
6167
6386
6168
6387
6169
6388
6170
6389
6171
6390
6172
6391
6173
6392
6174
6393
6175
6394
6176
6395
6177
6396
6178
6397
6179
6398
6180
6399
6181
6400
6182
6401
6183
6402
6184
6403
6185
6404
6186
6405
6187
6406
6188
6407
6189
6408
6190
6409
6191
6410
6192
6411
6193
6412
6194
6413
6195
6414
6196
6415
6197
6416
6198
6417
6199
6418
6200
6419
6201
6420
6202
6421
6203
6422
6204
6423
6205
6424
6206
6425
6207
6426
6208
6427
6209
6428
6210
6429
6211
6430
6212
6431
6213
6432
6214
6433
6215
6434
6216
6435
6217
6436
6218
6437
6219
6438
6220
6439
6221
6440
6222
6441
6223
6442
6224
6443
6225
6444
6226
6445
6227
6446
6228
6447
6229
6448
6230
6449
6231
6450
6232
6451
6233
6452
6234
6453
6235
6454
6236
6455
6237
6456
6238
6457
6239
6458
6240
6459
6241
6460
6242
6461
6243
6462
6244
6463
6245
6464
6246
6465
6247
6466
6248
6467
6249
6468
6250
6469
6251
6470
6252
6471
6253
6472
6254
6473
6255
6474
6256
6475
6257
6476
6258
6477
6259
6478
6260
6479
6261
6480
6262
6481
6263
6482
6264
6483
6265
6484
6266
6485
6267
6486
6268
6487
6269
6488
6270
6489
6271
6490
6272
6491
6273
6492
6274
6493
6275
6494
6276
6495
6277
6496
6278
6497
6279
6498
6280
6499
6281
6500
6282
6501
6283
6502
6284
6503
6285
6504
6286
6505
6287
6506
6288
6507
6289
6508
6290
6509
6291
6510
6292
6511
6293
6512
6294
6513
6295
6514
6296
6515
6297
6516
6298
6517
6299
6518
6300
6519
6301
6520
6302
6521
6303
6522
6304
6523
6305
6524
6306
6525
6307
6526
6308
6527
6309
6528
6310
6529
6311
6530
6312
6531
6313
6532
6314
6533
6315
6534
6316
6535
6317
6536
6318
6537
6319
6538
6320
6539
6321
6540
6322
6541
6323
6542
6324
6543
6325
6544
6326
6545
6327
6546
6328
6547
6329
6548
6330
6549
6331
6550
6332
6551
6333
6552
6334
6553
6335
6554
6336
6555
6337
6556
6338
6557
6339
6558
6340
6559
6341
6560
6342
6561
6343
6562
6344
6563
6345
6564
6346
6565
6347
6566
6348
6567
6349
6568
6350
6569
6351
6570
6352
6571
6353
6572
6354
6573
6355
6574
6356
6575
6357
6576
6358
6577
6359
6578
6360
6579
6361
6580
6362
6581
6363
6582
6364
6583
6365
6584
6366
6585
6367
6586
6368
6587
6369
6588
6370
6589
6371
6590
6372
6591
6373
6592
6374
6593
6375
6594
6376
6595
6377
6596
6378
6597
6379
6598
6599
6381
6600
14599
6382
6601
6383
6602
6384
6603
6385
6604
6386
6605
6387
6606
6388
6607
6389
6608
6390
6609
6391
6610
6392
6611
6393
6612
6394
6613
6395
6614
6396
6615
6397
6616
6398
6617
6399
6618
6400
6619
6401
6620
6402
6621
6403
6622
6404
6623
6405
6624
6406
6625
6407
6626
6408
6627
6409
6628
6410
6629
6411
6630
6412
6631
6413
6632
6414
6633
6415
6634
6416
6635
6417
6636
6418
6637
6419
6638
6420
6639
6421
6640
6422
6641
6423
6642
6424
6643
6425
6644
6426
6645
6427
6646
6428
6647
6429
6648
6430
6649
6431
6650
6432
6651
6433
6652
6434
6653
6435
6654
6436
6655
6437
6656
6438
6657
6439
6658
6440
6659
6441
6660
6442
6661
6443
6662
6444
6663
6445
6664
6446
6665
6447
6666
6448
6667
6449
6668
6450
6669
6451
6670
6452
6671
6453
6672
6454
6673
6455
6674
6456
6675
6457
6676
6458
6677
6459
6678
6460
6679
6461
6680
6462
6681
6463
6682
6464
6683
6465
6684
6466
6685
6467
6686
6468
6687
6469
6688
6470
6689
6471
6690
6472
6691
6473
6692
6474
6693
6475
6694
6476
6695
6477
6696
6478
6697
6479
6698
6480
6699
6481
6700
6482
6701
6483
6702
6484
6703
6485
6704
6486
6705
6487
6706
6488
6707
6489
6708
6490
6709
6491
6710
6492
6711
6493
6712
6494
6713
6495
6714
6496
6715
6497
6716
6498
6717
6499
6718
6500
6719
6501
6720
6502
6721
6503
6722
6504
6723
6505
6724
6506
6725
6507
6726
6508
6727
6509
6728
6510
6729
6511
6730
6512
6731
6513
6732
6514
6733
6515
6734
6516
6735
6517
6736
6518
6737
6519
6738
6520
6739
6521
6740
6522
6741
6523
6742
6524
6743
6525
6744
6526
6745
6527
6746
6528
6747
6529
6748
6530
6749
6531
6750
6532
6751
6533
6752
6534
6753
6535
6754
6536
6755
6537
6756
6538
6757
6539
6758
6540
6759
6541
6760
6542
6761
6543
6762
6544
6763
6545
6764
6546
6765
6547
6766
6548
6767
6549
6768
6550
6769
6551
6770
6552
6771
6553
6772
6554
6773
6555
6774
6556
6775
6557
6776
6558
6777
6559
6778
6560
6779
6561
6780
6562
6781
6563
6782
6564
6783
6565
6784
6566
6785
6567
6786
6568
6787
6569
6788
6570
6789
6571
6790
6572
6791
6573
6792
6574
6793
6575
6794
6576
6795
6577
6796
6578
6797
6579
6798
6580
6799
6581
6800
6582
6801
6583
6802
6584
6803
6585
6804
6586
6805
6587
6806
6588
6807
6589
6808
6590
6809
6591
6810
6592
6811
6593
6812
6594
6813
6595
6814
6596
6815
6597
6816
6598
6817
6599
6818
6819
6601
6820
14609
6602
6821
6603
6822
6604
6823
6605
6824
6606
6825
6607
6826
6608
6827
6609
6828
6610
6829
6611
6830
6612
6831
6613
6832
6614
6833
6615
6834
6616
6835
6617
6836
6618
6837
6619
6838
6620
6839
6621
6840
6622
6841
6623
6842
6624
6843
6625
6844
6626
6845
6627
6846
6628
6847
6629
6848
6630
6849
6631
6850
6632
6851
6633
6852
6634
6853
6635
6854
6636
6855
6637
6856
6638
6857
6639
6858
6640
6859
6641
6860
6642
6861
6643
6862
6644
6863
6645
6864
6646
6865
6647
6866
6648
6867
6649
6868
6650
6869
6651
6870
6652
6871
6653
6872
6654
6873
6655
6874
6656
6875
6657
6876
6658
6877
6659
6878
6660
6879
6661
6880
6662
6881
6663
6882
6664
6883
6665
6884
6666
6885
6667
6886
6668
6887
6669
6888
6670
6889
6671
6890
6672
6891
6673
6892
6674
6893
6675
6894
6676
6895
6677
6896
6678
6897
6679
6898
6680
6899
6681
6900
6682
6901
6683
6902
6684
6903
6685
6904
6686
6905
6687
6906
6688
6907
6689
6908
6690
6909
6691
6910
6692
6911
6693
6912
6694
6913
6695
6914
6696
6915
6697
6916
6698
6917
6699
6918
6700
6919
6701
6920
6702
6921
6703
6922
6704
6923
6705
6924
6706
6925
6707
6926
6708
6927
6709
6928
6710
6929
6711
6930
6712
6931
6713
6932
6714
6933
6715
6934
6716
6935
6717
6936
6718
6937
6719
6938
6720
6939
6721
6940
6722
6941
6723
6942
6724
6943
6725
6944
6726
6945
6727
6946
6728
6947
6729
6948
6730
6949
6731
6950
6732
6951
6733
6952
6734
6953
6735
6954
6736
6955
6737
6956
6738
6957
6739
6958
6740
6959
6741
6960
6742
6961
6743
6962
6744
6963
6745
6964
6746
6965
6747
6966
6748
6967
6749
6968
6750
6969
6751
6970
6752
6971
6753
6972
6754
6973
6755
6974
6756
6975
6757
6976
6758
6977
6759
6978
6760
6979
6761
6980
6762
6981
6763
6982
6764
6983
6765
6984
6766
6985
6767
6986
6768
6987
6769
6988
6770
6989
6771
6990
6772
6991
6773
6992
6774
6993
6775
6994
6776
6995
6777
6996
6778
6997
6779
6998
6780
6999
6781
7000
6782
7001
6783
7002
6784
7003
6785
7004
6786
7005
6787
7006
6788
7007
6789
7008
6790
7009
6791
7010
6792
7011
6793
7012
6794
7013
6795
7014
6796
7015
6797
7016
6798
7017
6799
7018
6800
7019
6801
7020
6802
7021
6803
7022
6804
7023
6805
7024
6806
7025
6807
7026
6808
7027
6809
7028
6810
7029
6811
7030
6812
7031
6813
7032
6814
7033
6815
7034
6816
7035
6817
7036
6818
7037
6819
7038
7039
6821
7040
14619
6822
7041
6823
7042
6824
7043
6825
7044
6826
7045
6827
7046
6828
7047
6829
7048
6830
7049
6831
7050
6832
7051
6833
7052
6834
7053
6835
7054
6836
7055
6837
7056
6838
7057
6839
7058
6840
7059
6841
7060
6842
7061
6843
7062
6844
7063
6845
7064
6846
7065
6847
7066
6848
7067
6849
7068
6850
7069
6851
7070
6852
7071
6853
7072
6854
7073
6855
7074
6856
7075
6857
7076
6858
7077
6859
7078
6860
7079
6861
7080
6862
7081
6863
7082
6864
7083
6865
7084
6866
7085
6867
7086
6868
7087
6869
7088
6870
7089
6871
7090
6872
7091
6873
7092
6874
7093
6875
7094
6876
7095
6877
7096
6878
7097
6879
7098
6880
7099
6881
7100
6882
7101
6883
7102
6884
7103
6885
7104
6886
7105
6887
7106
6888
7107
6889
7108
6890
7109
6891
7110
6892
7111
6893
7112
6894
7113
6895
7114
6896
7115
6897
7116
6898
7117
6899
7118
6900
7119
6901
7120
6902
7121
6903
7122
6904
7123
6905
7124
6906
7125
6907
7126
6908
7127
6909
7128
6910
7129
6911
7130
6912
7131
6913
7132
6914
7133
6915
7134
6916
7135
6917
7136
6918
7137
6919
7138
6920
7139
6921
7140
6922
7141
6923
7142
6924
7143
6925
7144
6926
7145
6927
7146
6928
7147
6929
7148
6930
7149
6931
7150
6932
7151
6933
7152
6934
7153
6935
7154
6936
7155
6937
7156
6938
7157
6939
7158
6940
7159
6941
7160
6942
7161
6943
7162
6944
7163
6945
7164
6946
7165
6947
7166
6948
7167
6949
7168
6950
7169
6951
7170
6952
7171
6953
7172
6954
7173
6955
7174
6956
7175
6957
7176
6958
7177
6959
7178
6960
7179
6961
7180
6962
7181
6963
7182
6964
7183
6965
7184
6966
7185
6967
7186
6968
7187
6969
7188
6970
7189
6971
7190
6972
7191
6973
7192
6974
7193
6975
7194
6976
7195
6977
7196
6978
7197
6979
7198
6980
7199
6981
7200
6982
7201
6983
7202
6984
7203
6985
7204
6986
7205
6987
7206
6988
7207
6989
7208
6990
7209
6991
7210
6992
7211
6993
7212
6994
7213
6995
7214
6996
7215
6997
7216
6998
7217
6999
7218
7000
7219
7001
7220
7002
7221
7003
7222
7004
7223
7005
7224
7006
7225
7007
7226
7008
7227
7009
7228
7010
7229
7011
7230
7012
7231
7013
7232
7014
7233
7015
7234
7016
7235
7017
7236
7018
7237
7019
7238
7020
7239
7021
7240
7022
7241
7023
7242
7024
7243
7025
7244
7026
7245
7027
7246
7028
7247
7029
7248
7030
7249
7031
7250
7032
7251
7033
7252
7034
7253
7035
7254
7036
7255
7037
7256
7038
7257
7039
7258
7259
7041
7260
14629
7042
7261
7043
7262
7044
7263
7045
7264
7046
7265
7047
7266
7048
7267
7049
7268
7050
7269
7051
7270
7052
7271
7053
7272
7054
7273
7055
7274
7056
7275
7057
7276
7058
7277
7059
7278
7060
7279
7061
7280
7062
7281
7063
7282
7064
7283
7065
7284
7066
7285
7067
7286
7068
7287
7069
7288
7070
7289
7071
7290
7072
7291
7073
7292
7074
7293
7075
7294
7076
7295
7077
7296
7078
7297
7079
7298
7080
7299
7081
7300
7082
7301
7083
7302
7084
7303
7085
7304
7086
7305
7087
7306
7088
7307
7089
7308
7090
7309
7091
7310
7092
7311
7093
7312
7094
7313
7095
7314
7096
7315
7097
7316
7098
7317
7099
7318
7100
7319
7101
7320
7102
7321
7103
7322
7104
7323
7105
7324
7106
7325
7107
7326
7108
7327
7109
7328
7110
7329
7111
7330
7112
7331
7113
7332
7114
7333
7115
7334
7116
7335
7117
7336
7118
7337
7119
7338
7120
7339
7121
7340
7122
7341
7123
7342
7124
7343
7125
7344
7126
7345
7127
7346
7128
7347
7129
7348
7130
7349
7131
7350
7132
7351
7133
7352
7134
7353
7135
7354
7136
7355
7137
7356
7138
7357
7139
7358
7140
7359
7141
7360
7142
7361
7143
7362
7144
7363
7145
7364
7146
7365
7147
7366
7148
7367
7149
7368
7150
7369
7151
7370
7152
7371
7153
7372
7154
7373
7155
7374
7156
7375
7157
7376
7158
7377
7159
7378
7160
7379
7161
7380
7162
7381
7163
7382
7164
7383
7165
7384
7166
7385
7167
7386
7168
7387
7169
7388
7170
7389
7171
7390
7172
7391
7173
7392
7174
7393
7175
7394
7176
7395
7177
7396
7178
7397
7179
7398
7180
7399
7181
7400
7182
7401
7183
7402
7184
7403
7185
7404
7186
7405
7187
7406
7188
7407
7189
7408
7190
7409
7191
7410
7192
7411
7193
7412
7194
7413
7195
7414
7196
7415
7197
7416
7198
7417
7199
7418
7200
7419
7201
7420
7202
7421
7203
7422
7204
7423
7205
7424
7206
7425
7207
7426
7208
7427
7209
7428
7210
7429
7211
7430
7212
7431
7213
7432
7214
7433
7215
7434
7216
7435
7217
7436
7218
7437
7219
7438
7220
7439
7221
7440
7222
7441
7223
7442
7224
7443
7225
7444
7226
7445
7227
7446
7228
7447
7229
7448
7230
7449
7231
7450
7232
7451
7233
7452
7234
7453
7235
7454
7236
7455
7237
7456
7238
7457
7239
7458
7240
7459
7241
7460
7242
7461
7243
7462
7244
7463
7245
7464
7246
7465
7247
7466
7248
7467
7249
7468
7250
7469
7251
7470
7252
7471
7253
7472
7254
7473
7255
7474
7256
7475
7257
7476
7258
7477
7259
7478
7479
7261
7480
14639
7262
7481
7263
7482
7264
7483
7265
7484
7266
7485
7267
7486
7268
7487
7269
7488
7270
7489
7271
7490
7272
7491
7273
7492
7274
7493
7275
7494
7276
7495
7277
7496
7278
7497
7279
7498
7280
7499
7281
7500
7282
7501
7283
7502
7284
7503
7285
7504
7286
7505
7287
7506
7288
7507
7289
7508
7290
7509
7291
7510
7292
7511
7293
7512
7294
7513
7295
7514
7296
7515
7297
7516
7298
7517
7299
7518
7300
7519
7301
7520
7302
7521
7303
7522
7304
7523
7305
7524
7306
7525
7307
7526
7308
7527
7309
7528
7310
7529
7311
7530
7312
7531
7313
7532
7314
7533
7315
7534
7316
7535
7317
7536
7318
7537
7319
7538
7320
7539
7321
7540
7322
7541
7323
7542
7324
7543
7325
7544
7326
7545
7327
7546
7328
7547
7329
7548
7330
7549
7331
7550
7332
7551
7333
7552
7334
7553
7335
7554
7336
7555
7337
7556
7338
7557
7339
7558
7340
7559
7341
7560
7342
7561
7343
7562
7344
7563
7345
7564
7346
7565
7347
7566
7348
7567
7349
7568
7350
7569
7351
7570
7352
7571
7353
7572
7354
7573
7355
7574
7356
7575
7357
7576
7358
7577
7359
7578
7360
7579
7361
7580
7362
7581
7363
7582
7364
7583
7365
7584
7366
7585
7367
7586
7368
7587
7369
7588
7370
7589
7371
7590
7372
7591
7373
7592
7374
7593
7375
7594
7376
7595
7377
7596
7378
7597
7379
7598
7380
7599
7381
7600
7382
7601
7383
7602
7384
7603
7385
7604
7386
7605
7387
7606
7388
7607
7389
7608
7390
7609
7391
7610
7392
7611
7393
7612
7394
7613
7395
7614
7396
7615
7397
7616
7398
7617
7399
7618
7400
7619
7401
7620
7402
7621
7403
7622
7404
7623
7405
7624
7406
7625
7407
7626
7408
7627
7409
7628
7410
7629
7411
7630
7412
7631
7413
7632
7414
7633
7415
7634
7416
7635
7417
7636
7418
7637
7419
7638
7420
7639
7421
7640
7422
7641
7423
7642
7424
7643
7425
7644
7426
7645
7427
7646
7428
7647
7429
7648
7430
7649
7431
7650
7432
7651
7433
7652
7434
7653
7435
7654
7436
7655
7437
7656
7438
7657
7439
7658
7440
7659
7441
7660
7442
7661
7443
7662
7444
7663
7445
7664
7446
7665
7447
7666
7448
7667
7449
7668
7450
7669
7451
7670
7452
7671
7453
7672
7454
7673
7455
7674
7456
7675
7457
7676
7458
7677
7459
7678
7460
7679
7461
7680
7462
7681
7463
7682
7464
7683
7465
7684
7466
7685
7467
7686
7468
7687
7469
7688
7470
7689
7471
7690
7472
7691
7473
7692
7474
7693
7475
7694
7476
7695
7477
7696
7478
7697
7479
7698
7699
7481
7700
14649
7482
7701
7483
7702
7484
7703
7485
7704
7486
7705
7487
7706
7488
7707
7489
7708
7490
7709
7491
7710
7492
7711
7493
7712
7494
7713
7495
7714
7496
7715
7497
7716
7498
7717
7499
7718
7500
7719
7501
7720
7502
7721
7503
7722
7504
7723
7505
7724
7506
7725
7507
7726
7508
7727
7509
7728
7510
7729
7511
7730
7512
7731
7513
7732
7514
7733
7515
7734
7516
7735
7517
7736
7518
7737
7519
7738
7520
7739
7521
7740
7522
7741
7523
7742
7524
7743
7525
7744
7526
7745
7527
7746
7528
7747
7529
7748
7530
7749
7531
7750
7532
7751
7533
7752
7534
7753
7535
7754
7536
7755
7537
7756
7538
7757
7539
7758
7540
7759
7541
7760
7542
7761
7543
7762
7544
7763
7545
7764
7546
7765
7547
7766
7548
7767
7549
7768
7550
7769
7551
7770
7552
7771
7553
7772
7554
7773
7555
7774
7556
7775
7557
7776
7558
7777
7559
7778
7560
7779
7561
7780
7562
7781
7563
7782
7564
7783
7565
7784
7566
7785
7567
7786
7568
7787
7569
7788
7570
7789
7571
7790
7572
7791
7573
7792
7574
7793
7575
7794
7576
7795
7577
7796
7578
7797
7579
7798
7580
7799
7581
7800
7582
7801
7583
7802
7584
7803
7585
7804
7586
7805
7587
7806
7588
7807
7589
7808
7590
7809
7591
7810
7592
7811
7593
7812
7594
7813
7595
7814
7596
7815
7597
7816
7598
7817
7599
7818
7600
7819
7601
7820
7602
7821
7603
7822
7604
7823
7605
7824
7606
7825
7607
7826
7608
7827
7609
7828
7610
7829
7611
7830
7612
7831
7613
7832
7614
7833
7615
7834
7616
7835
7617
7836
7618
7837
7619
7838
7620
7839
7621
7840
7622
7841
7623
7842
7624
7843
7625
7844
7626
7845
7627
7846
7628
7847
7629
7848
7630
7849
7631
7850
7632
7851
7633
7852
7634
7853
7635
7854
7636
7855
7637
7856
7638
7857
7639
7858
7640
7859
7641
7860
7642
7861
7643
7862
7644
7863
7645
7864
7646
7865
7647
7866
7648
7867
7649
7868
7650
7869
7651
7870
7652
7871
7653
7872
7654
7873
7655
7874
7656
7875
7657
7876
7658
7877
7659
7878
7660
7879
7661
7880
7662
7881
7663
7882
7664
7883
7665
7884
7666
7885
7667
7886
7668
7887
7669
7888
7670
7889
7671
7890
7672
7891
7673
7892
7674
7893
7675
7894
7676
7895
7677
7896
7678
7897
7679
7898
7680
7899
7681
7900
7682
7901
7683
7902
7684
7903
7685
7904
7686
7905
7687
7906
7688
7907
7689
7908
7690
7909
7691
7910
7692
7911
7693
7912
7694
7913
7695
7914
7696
7915
7697
7916
7698
7917
7699
7918
7919
7701
7920
14659
7702
7921
7703
7922
7704
7923
7705
7924
7706
7925
7707
7926
7708
7927
7709
7928
7710
7929
7711
7930
7712
7931
7713
7932
7714
7933
7715
7934
7716
7935
7717
7936
7718
7937
7719
7938
7720
7939
7721
7940
7722
7941
7723
7942
7724
7943
7725
7944
7726
7945
7727
7946
7728
7947
7729
7948
7730
7949
7731
7950
7732
7951
7733
7952
7734
7953
7735
7954
7736
7955
7737
7956
7738
7957
7739
7958
7740
7959
7741
7960
7742
7961
7743
7962
7744
7963
7745
7964
7746
7965
7747
7966
7748
7967
7749
7968
7750
7969
7751
7970
7752
7971
7753
7972
7754
7973
7755
7974
7756
7975
7757
7976
7758
7977
7759
7978
7760
7979
7761
7980
7762
7981
7763
7982
7764
7983
7765
7984
7766
7985
7767
7986
7768
7987
7769
7988
7770
7989
7771
7990
7772
7991
7773
7992
7774
7993
7775
7994
7776
7995
7777
7996
7778
7997
7779
7998
7780
7999
7781
8000
7782
8001
7783
8002
7784
8003
7785
8004
7786
8005
7787
8006
7788
8007
7789
8008
7790
8009
7791
8010
7792
8011
7793
8012
7794
8013
7795
8014
7796
8015
7797
8016
7798
8017
7799
8018
7800
8019
7801
8020
7802
8021
7803
8022
7804
8023
7805
8024
7806
8025
7807
8026
7808
8027
7809
8028
7810
8029
7811
8030
7812
8031
7813
8032
7814
8033
7815
8034
7816
8035
7817
8036
7818
8037
7819
8038
7820
8039
7821
8040
7822
8041
7823
8042
7824
8043
7825
8044
7826
8045
7827
8046
7828
8047
7829
8048
7830
8049
7831
8050
7832
8051
7833
8052
7834
8053
7835
8054
7836
8055
7837
8056
7838
8057
7839
8058
7840
8059
7841
8060
7842
8061
7843
8062
7844
8063
7845
8064
7846
8065
7847
8066
7848
8067
7849
8068
7850
8069
7851
8070
7852
8071
7853
8072
7854
8073
7855
8074
7856
8075
7857
8076
7858
8077
7859
8078
7860
8079
7861
8080
7862
8081
7863
8082
7864
8083
7865
8084
7866
8085
7867
8086
7868
8087
7869
8088
7870
8089
7871
8090
7872
8091
7873
8092
7874
8093
7875
8094
7876
8095
7877
8096
7878
8097
7879
8098
7880
8099
7881
8100
7882
8101
7883
8102
7884
8103
7885
8104
7886
8105
7887
8106
7888
8107
7889
8108
7890
8109
7891
8110
7892
8111
7893
8112
7894
8113
7895
8114
7896
8115
7897
8116
7898
8117
7899
8118
7900
8119
7901
8120
7902
8121
7903
8122
7904
8123
7905
8124
7906
8125
7907
8126
7908
8127
7909
8128
7910
8129
7911
8130
7912
8131
7913
8132
7914
8133
7915
8134
7916
8135
7917
8136
7918
8137
7919
8138
8139
7921
8140
14669
7922
8141
7923
8142
7924
8143
7925
8144
7926
8145
7927
8146
7928
8147
7929
8148
7930
8149
7931
8150
7932
8151
7933
8152
7934
8153
7935
8154
7936
8155
7937
8156
7938
8157
7939
8158
7940
8159
7941
8160
7942
8161
7943
8162
7944
8163
7945
8164
7946
8165
7947
8166
7948
8167
7949
8168
7950
8169
7951
8170
7952
8171
7953
8172
7954
8173
7955
8174
7956
8175
7957
8176
7958
8177
7959
8178
7960
8179
7961
8180
7962
8181
7963
8182
7964
8183
7965
8184
7966
8185
7967
8186
7968
8187
7969
8188
7970
8189
7971
8190
7972
8191
7973
8192
7974
8193
7975
8194
7976
8195
7977
8196
7978
8197
7979
8198
7980
8199
7981
8200
7982
8201
7983
8202
7984
8203
7985
8204
7986
8205
7987
8206
7988
8207
7989
8208
7990
8209
7991
8210
7992
8211
7993
8212
7994
8213
7995
8214
7996
8215
7997
8216
7998
8217
7999
8218
8000
8219
8001
8220
8002
8221
8003
8222
8004
8223
8005
8224
8006
8225
8007
8226
8008
8227
8009
8228
8010
8229
8011
8230
8012
8231
8013
8232
8014
8233
8015
8234
8016
8235
8017
8236
8018
8237
8019
8238
8020
8239
8021
8240
8022
8241
8023
8242
8024
8243
8025
8244
8026
8245
8027
8246
8028
8247
8029
8248
8030
8249
8031
8250
8032
8251
8033
8252
8034
8253
8035
8254
8036
8255
8037
8256
8038
8257
8039
8258
8040
8259
8041
8260
8042
8261
8043
8262
8044
8263
8045
8264
8046
8265
8047
8266
8048
8267
8049
8268
8050
8269
8051
8270
8052
8271
8053
8272
8054
8273
8055
8274
8056
8275
8057
8276
8058
8277
8059
8278
8060
8279
8061
8280
8062
8281
8063
8282
8064
8283
8065
8284
8066
8285
8067
8286
8068
8287
8069
8288
8070
8289
8071
8290
8072
8291
8073
8292
8074
8293
8075
8294
8076
8295
8077
8296
8078
8297
8079
8298
8080
8299
8081
8300
8082
8301
8083
8302
8084
8303
8085
8304
8086
8305
8087
8306
8088
8307
8089
8308
8090
8309
8091
8310
8092
8311
8093
8312
8094
8313
8095
8314
8096
8315
8097
8316
8098
8317
8099
8318
8100
8319
8101
8320
8102
8321
8103
8322
8104
8323
8105
8324
8106
8325
8107
8326
8108
8327
8109
8328
8110
8329
8111
8330
8112
8331
8113
8332
8114
8333
8115
8334
8116
8335
8117
8336
8118
8337
8119
8338
8120
8339
8121
8340
8122
8341
8123
8342
8124
8343
8125
8344
8126
8345
8127
8346
8128
8347
8129
8348
8130
8349
8131
8350
8132
8351
8133
8352
8134
8353
8135
8354
8136
8355
8137
8356
8138
8357
8139
8358
8359
8141
8360
14679
8142
8361
8143
8362
8144
8363
8145
8364
8146
8365
8147
8366
8148
8367
8149
8368
8150
8369
8151
8370
8152
8371
8153
8372
8154
8373
8155
8374
8156
8375
8157
8376
8158
8377
8159
8378
8160
8379
8161
8380
8162
8381
8163
8382
8164
8383
8165
8384
8166
8385
8167
8386
8168
8387
8169
8388
8170
8389
8171
8390
8172
8391
8173
8392
8174
8393
8175
8394
8176
8395
8177
8396
8178
8397
8179
8398
8180
8399
8181
8400
8182
8401
8183
8402
8184
8403
8185
8404
8186
8405
8187
8406
8188
8407
8189
8408
8190
8409
8191
8410
8192
8411
8193
8412
8194
8413
8195
8414
8196
8415
8197
8416
8198
8417
8199
8418
8200
8419
8201
8420
8202
8421
8203
8422
8204
8423
8205
8424
8206
8425
8207
8426
8208
8427
8209
8428
8210
8429
8211
8430
8212
8431
8213
8432
8214
8433
8215
8434
8216
8435
8217
8436
8218
8437
8219
8438
8220
8439
8221
8440
8222
8441
8223
8442
8224
8443
8225
8444
8226
8445
8227
8446
8228
8447
8229
8448
8230
8449
8231
8450
8232
8451
8233
8452
8234
8453
8235
8454
8236
8455
8237
8456
8238
8457
8239
8458
8240
8459
8241
8460
8242
8461
8243
8462
8244
8463
8245
8464
8246
8465
8247
8466
8248
8467
8249
8468
8250
8469
8251
8470
8252
8471
8253
8472
8254
8473
8255
8474
8256
8475
8257
8476
8258
8477
8259
8478
8260
8479
8261
8480
8262
8481
8263
8482
8264
8483
8265
8484
8266
8485
8267
8486
8268
8487
8269
8488
8270
8489
8271
8490
8272
8491
8273
8492
8274
8493
8275
8494
8276
8495
8277
8496
8278
8497
8279
8498
8280
8499
8281
8500
8282
8501
8283
8502
8284
8503
8285
8504
8286
8505
8287
8506
8288
8507
8289
8508
8290
8509
8291
8510
8292
8511
8293
8512
8294
8513
8295
8514
8296
8515
8297
8516
8298
8517
8299
8518
8300
8519
8301
8520
8302
8521
8303
8522
8304
8523
8305
8524
8306
8525
8307
8526
8308
8527
8309
8528
8310
8529
8311
8530
8312
8531
8313
8532
8314
8533
8315
8534
8316
8535
8317
8536
8318
8537
8319
8538
8320
8539
8321
8540
8322
8541
8323
8542
8324
8543
8325
8544
8326
8545
8327
8546
8328
8547
8329
8548
8330
8549
8331
8550
8332
8551
8333
8552
8334
8553
8335
8554
8336
8555
8337
8556
8338
8557
8339
8558
8340
8559
8341
8560
8342
8561
8343
8562
8344
8563
8345
8564
8346
8565
8347
8566
8348
8567
8349
8568
8350
8569
8351
8570
8352
8571
8353
8572
8354
8573
8355
8574
8356
8575
8357
8576
8358
8577
8359
8578
8579
8361
8580
14689
8362
8581
8363
8582
8364
8583
8365
8584
8366
8585
8367
8586
8368
8587
8369
8588
8370
8589
8371
8590
8372
8591
8373
8592
8374
8593
8375
8594
8376
8595
8377
8596
8378
8597
8379
8598
8380
8599
8381
8600
8382
8601
8383
8602
8384
8603
8385
8604
8386
8605
8387
8606
8388
8607
8389
8608
8390
8609
8391
8610
8392
8611
8393
8612
8394
8613
8395
8614
8396
8615
8397
8616
8398
8617
8399
8618
8400
8619
8401
8620
8402
8621
8403
8622
8404
8623
8405
8624
8406
8625
8407
8626
8408
8627
8409
8628
8410
8629
8411
8630
8412
8631
8413
8632
8414
8633
8415
8634
8416
8635
8417
8636
8418
8637
8419
8638
8420
8639
8421
8640
8422
8641
8423
8642
8424
8643
8425
8644
8426
8645
8427
8646
8428
8647
8429
8648
8430
8649
8431
8650
8432
8651
8433
8652
8434
8653
8435
8654
8436
8655
8437
8656
8438
8657
8439
8658
8440
8659
8441
8660
8442
8661
8443
8662
8444
8663
8445
8664
8446
8665
8447
8666
8448
8667
8449
8668
8450
8669
8451
8670
8452
8671
8453
8672
8454
8673
8455
8674
8456
8675
8457
8676
8458
8677
8459
8678
8460
8679
8461
8680
8462
8681
8463
8682
8464
8683
8465
8684
8466
8685
8467
8686
8468
8687
8469
8688
8470
8689
8471
8690
8472
8691
8473
8692
8474
8693
8475
8694
8476
8695
8477
8696
8478
8697
8479
8698
8480
8699
8481
8700
8482
8701
8483
8702
8484
8703
8485
8704
8486
8705
8487
8706
8488
8707
8489
8708
8490
8709
8491
8710
8492
8711
8493
8712
8494
8713
8495
8714
8496
8715
8497
8716
8498
8717
8499
8718
8500
8719
8501
8720
8502
8721
8503
8722
8504
8723
8505
8724
8506
8725
8507
8726
8508
8727
8509
8728
8510
8729
8511
8730
8512
8731
8513
8732
8514
8733
8515
8734
8516
8735
8517
8736
8518
8737
8519
8738
8520
8739
8521
8740
8522
8741
8523
8742
8524
8743
8525
8744
8526
8745
8527
8746
8528
8747
8529
8748
8530
8749
8531
8750
8532
8751
8533
8752
8534
8753
8535
8754
8536
8755
8537
8756
8538
8757
8539
8758
8540
8759
8541
8760
8542
8761
8543
8762
8544
8763
8545
8764
8546
8765
8547
8766
8548
8767
8549
8768
8550
8769
8551
8770
8552
8771
8553
8772
8554
8773
8555
8774
8556
8775
8557
8776
8558
8777
8559
8778
8560
8779
8561
8780
8562
8781
8563
8782
8564
8783
8565
8784
8566
8785
8567
8786
8568
8787
8569
8788
8570
8789
8571
8790
8572
8791
8573
8792
8574
8793
8575
8794
8576
8795
8577
8796
8578
8797
8579
8798
8799
8581
8800
14699
8582
8801
8583
8802
8584
8803
8585
8804
8586
8805
8587
8806
8588
8807
8589
8808
8590
8809
8591
8810
8592
8811
8593
8812
8594
8813
8595
8814
8596
8815
8597
8816
8598
8817
8599
8818
8600
8819
8601
8820
8602
8821
8603
8822
8604
8823
8605
8824
8606
8825
8607
8826
8608
8827
8609
8828
8610
8829
8611
8830
8612
8831
8613
8832
8614
8833
8615
8834
8616
8835
8617
8836
8618
8837
8619
8838
8620
8839
8621
8840
8622
8841
8623
8842
8624
8843
8625
8844
8626
8845
8627
8846
8628
8847
8629
8848
8630
8849
8631
8850
8632
8851
8633
8852
8634
8853
8635
8854
8636
8855
8637
8856
8638
8857
8639
8858
8640
8859
8641
8860
8642
8861
8643
8862
8644
8863
8645
8864
8646
8865
8647
8866
8648
8867
8649
8868
8650
8869
8651
8870
8652
8871
8653
8872
8654
8873
8655
8874
8656
8875
8657
8876
8658
8877
8659
8878
8660
8879
8661
8880
8662
8881
8663
8882
8664
8883
8665
8884
8666
8885
8667
8886
8668
8887
8669
8888
8670
8889
8671
8890
8672
8891
8673
8892
8674
8893
8675
8894
8676
8895
8677
8896
8678
8897
8679
8898
8680
8899
8681
8900
8682
8901
8683
8902
8684
8903
8685
8904
8686
8905
8687
8906
8688
8907
8689
8908
8690
8909
8691
8910
8692
8911
8693
8912
8694
8913
8695
8914
8696
8915
8697
8916
8698
8917
8699
8918
8700
8919
8701
8920
8702
8921
8703
8922
8704
8923
8705
8924
8706
8925
8707
8926
8708
8927
8709
8928
8710
8929
8711
8930
8712
8931
8713
8932
8714
8933
8715
8934
8716
8935
8717
8936
8718
8937
8719
8938
8720
8939
8721
8940
8722
8941
8723
8942
8724
8943
8725
8944
8726
8945
8727
8946
8728
8947
8729
8948
8730
8949
8731
8950
8732
8951
8733
8952
8734
8953
8735
8954
8736
8955
8737
8956
8738
8957
8739
8958
8740
8959
8741
8960
8742
8961
8743
8962
8744
8963
8745
8964
8746
8965
8747
8966
8748
8967
8749
8968
8750
8969
8751
8970
8752
8971
8753
8972
8754
8973
8755
8974
8756
8975
8757
8976
8758
8977
8759
8978
8760
8979
8761
8980
8762
8981
8763
8982
8764
8983
8765
8984
8766
8985
8767
8986
8768
8987
8769
8988
8770
8989
8771
8990
8772
8991
8773
8992
8774
8993
8775
8994
8776
8995
8777
8996
8778
8997
8779
8998
8780
8999
8781
9000
8782
9001
8783
9002
8784
9003
8785
9004
8786
9005
8787
9006
8788
9007
8789
9008
8790
9009
8791
9010
8792
9011
8793
9012
8794
9013
8795
9014
8796
9015
8797
9016
8798
9017
8799
9018
9019
8801
9020
14709
8802
9021
8803
9022
8804
9023
8805
9024
8806
9025
8807
9026
8808
9027
8809
9028
8810
9029
8811
9030
8812
9031
8813
9032
8814
9033
8815
9034
8816
9035
8817
9036
8818
9037
8819
9038
8820
9039
8821
9040
8822
9041
8823
9042
8824
9043
8825
9044
8826
9045
8827
9046
8828
9047
8829
9048
8830
9049
8831
9050
8832
9051
8833
9052
8834
9053
8835
9054
8836
9055
8837
9056
8838
9057
8839
9058
8840
9059
8841
9060
8842
9061
8843
9062
8844
9063
8845
9064
8846
9065
8847
9066
8848
9067
8849
9068
8850
9069
8851
9070
8852
9071
8853
9072
8854
9073
8855
9074
8856
9075
8857
9076
8858
9077
8859
9078
8860
9079
8861
9080
8862
9081
8863
9082
8864
9083
8865
9084
8866
9085
8867
9086
8868
9087
8869
9088
8870
9089
8871
9090
8872
9091
8873
9092
8874
9093
8875
9094
8876
9095
8877
9096
8878
9097
8879
9098
8880
9099
8881
9100
8882
9101
8883
9102
8884
9103
8885
9104
8886
9105
8887
9106
8888
9107
8889
9108
8890
9109
8891
9110
8892
9111
8893
9112
8894
9113
8895
9114
8896
9115
8897
9116
8898
9117
8899
9118
8900
9119
8901
9120
8902
9121
8903
9122
8904
9123
8905
9124
8906
9125
8907
9126
8908
9127
8909
9128
8910
9129
8911
9130
8912
9131
8913
9132
8914
9133
8915
9134
8916
9135
8917
9136
8918
9137
8919
9138
8920
9139
8921
9140
8922
9141
8923
9142
8924
9143
8925
9144
8926
9145
8927
9146
8928
9147
8929
9148
8930
9149
8931
9150
8932
9151
8933
9152
8934
9153
8935
9154
8936
9155
8937
9156
8938
9157
8939
9158
8940
9159
8941
9160
8942
9161
8943
9162
8944
9163
8945
9164
8946
9165
8947
9166
8948
9167
8949
9168
8950
9169
8951
9170
8952
9171
8953
9172
8954
9173
8955
9174
8956
9175
8957
9176
8958
9177
8959
9178
8960
9179
8961
9180
8962
9181
8963
9182
8964
9183
8965
9184
8966
9185
8967
9186
8968
9187
8969
9188
8970
9189
8971
9190
8972
9191
8973
9192
8974
9193
8975
9194
8976
9195
8977
9196
8978
9197
8979
9198
8980
9199
8981
9200
8982
9201
8983
9202
8984
9203
8985
9204
8986
9205
8987
9206
8988
9207
8989
9208
8990
9209
8991
9210
8992
9211
8993
9212
8994
9213
8995
9214
8996
9215
8997
9216
8998
9217
8999
9218
9000
9219
9001
9220
9002
9221
9003
9222
9004
9223
9005
9224
9006
9225
9007
9226
9008
9227
9009
9228
9010
9229
9011
9230
9012
9231
9013
9232
9014
9233
9015
9234
9016
9235
9017
9236
9018
9237
9019
9238
9239
9021
9240
14719
9022
9241
9023
9242
9024
9243
9025
9244
9026
9245
9027
9246
9028
9247
9029
9248
9030
9249
9031
9250
9032
9251
9033
9252
9034
9253
9035
9254
9036
9255
9037
9256
9038
9257
9039
9258
9040
9259
9041
9260
9042
9261
9043
9262
9044
9263
9045
9264
9046
9265
9047
9266
9048
9267
9049
9268
9050
9269
9051
9270
9052
9271
9053
9272
9054
9273
9055
9274
9056
9275
9057
9276
9058
9277
9059
9278
9060
9279
9061
9280
9062
9281
9063
9282
9064
9283
9065
9284
9066
9285
9067
9286
9068
9287
9069
9288
9070
9289
9071
9290
9072
9291
9073
9292
9074
9293
9075
9294
9076
9295
9077
9296
9078
9297
9079
9298
9080
9299
9081
9300
9082
9301
9083
9302
9084
9303
9085
9304
9086
9305
9087
9306
9088
9307
9089
9308
9090
9309
9091
9310
9092
9311
9093
9312
9094
9313
9095
9314
9096
9315
9097
9316
9098
9317
9099
9318
9100
9319
9101
9320
9102
9321
9103
9322
9104
9323
9105
9324
9106
9325
9107
9326
9108
9327
9109
9328
9110
9329
9111
9330
9112
9331
9113
9332
9114
9333
9115
9334
9116
9335
9117
9336
9118
9337
9119
9338
9120
9339
9121
9340
9122
9341
9123
9342
9124
9343
9125
9344
9126
9345
9127
9346
9128
9347
9129
9348
9130
9349
9131
9350
9132
9351
9133
9352
9134
9353
9135
9354
9136
9355
9137
9356
9138
9357
9139
9358
9140
9359
9141
9360
9142
9361
9143
9362
9144
9363
9145
9364
9146
9365
9147
9366
9148
9367
9149
9368
9150
9369
9151
9370
9152
9371
9153
9372
9154
9373
9155
9374
9156
9375
9157
9376
9158
9377
9159
9378
9160
9379
9161
9380
9162
9381
9163
9382
9164
9383
9165
9384
9166
9385
9167
9386
9168
9387
9169
9388
9170
9389
9171
9390
9172
9391
9173
9392
9174
9393
9175
9394
9176
9395
9177
9396
9178
9397
9179
9398
9180
9399
9181
9400
9182
9401
9183
9402
9184
9403
9185
9404
9186
9405
9187
9406
9188
9407
9189
9408
9190
9409
9191
9410
9192
9411
9193
9412
9194
9413
9195
9414
9196
9415
9197
9416
9198
9417
9199
9418
9200
9419
9201
9420
9202
9421
9203
9422
9204
9423
9205
9424
9206
9425
9207
9426
9208
9427
9209
9428
9210
9429
9211
9430
9212
9431
9213
9432
9214
9433
9215
9434
9216
9435
9217
9436
9218
9437
9219
9438
9220
9439
9221
9440
9222
9441
9223
9442
9224
9443
9225
9444
9226
9445
9227
9446
9228
9447
9229
9448
9230
9449
9231
9450
9232
9451
9233
9452
9234
9453
9235
9454
9236
9455
9237
9456
9238
9457
9239
9458
9459
9241
9460
14729
9242
9461
9243
9462
9244
9463
9245
9464
9246
9465
9247
9466
9248
9467
9249
9468
9250
9469
9251
9470
9252
9471
9253
9472
9254
9473
9255
9474
9256
9475
9257
9476
9258
9477
9259
9478
9260
9479
9261
9480
9262
9481
9263
9482
9264
9483
9265
9484
9266
9485
9267
9486
9268
9487
9269
9488
9270
9489
9271
9490
9272
9491
9273
9492
9274
9493
9275
9494
9276
9495
9277
9496
9278
9497
9279
9498
9280
9499
9281
9500
9282
9501
9283
9502
9284
9503
9285
9504
9286
9505
9287
9506
9288
9507
9289
9508
9290
9509
9291
9510
9292
9511
9293
9512
9294
9513
9295
9514
9296
9515
9297
9516
9298
9517
9299
9518
9300
9519
9301
9520
9302
9521
9303
9522
9304
9523
9305
9524
9306
9525
9307
9526
9308
9527
9309
9528
9310
9529
9311
9530
9312
9531
9313
9532
9314
9533
9315
9534
9316
9535
9317
9536
9318
9537
9319
9538
9320
9539
9321
9540
9322
9541
9323
9542
9324
9543
9325
9544
9326
9545
9327
9546
9328
9547
9329
9548
9330
9549
9331
9550
9332
9551
9333
9552
9334
9553
9335
9554
9336
9555
9337
9556
9338
9557
9339
9558
9340
9559
9341
9560
9342
9561
9343
9562
9344
9563
9345
9564
9346
9565
9347
9566
9348
9567
9349
9568
9350
9569
9351
9570
9352
9571
9353
9572
9354
9573
9355
9574
9356
9575
9357
9576
9358
9577
9359
9578
9360
9579
9361
9580
9362
9581
9363
9582
9364
9583
9365
9584
9366
9585
9367
9586
9368
9587
9369
9588
9370
9589
9371
9590
9372
9591
9373
9592
9374
9593
9375
9594
9376
9595
9377
9596
9378
9597
9379
9598
9380
9599
9381
9600
9382
9601
9383
9602
9384
9603
9385
9604
9386
9605
9387
9606
9388
9607
9389
9608
9390
9609
9391
9610
9392
9611
9393
9612
9394
9613
9395
9614
9396
9615
9397
9616
9398
9617
9399
9618
9400
9619
9401
9620
9402
9621
9403
9622
9404
9623
9405
9624
9406
9625
9407
9626
9408
9627
9409
9628
9410
9629
9411
9630
9412
9631
9413
9632
9414
9633
9415
9634
9416
9635
9417
9636
9418
9637
9419
9638
9420
9639
9421
9640
9422
9641
9423
9642
9424
9643
9425
9644
9426
9645
9427
9646
9428
9647
9429
9648
9430
9649
9431
9650
9432
9651
9433
9652
9434
9653
9435
9654
9436
9655
9437
9656
9438
9657
9439
9658
9440
9659
9441
9660
9442
9661
9443
9662
9444
9663
9445
9664
9446
9665
9447
9666
9448
9667
9449
9668
9450
9669
9451
9670
9452
9671
9453
9672
9454
9673
9455
9674
9456
9675
9457
9676
9458
9677
9459
9678
9679
9461
9680
14739
9462
9681
9463
9682
9464
9683
9465
9684
9466
9685
9467
9686
9468
9687
9469
9688
9470
9689
9471
9690
9472
9691
9473
9692
9474
9693
9475
9694
9476
9695
9477
9696
9478
9697
9479
9698
9480
9699
9481
9700
9482
9701
9483
9702
9484
9703
9485
9704
9486
9705
9487
9706
9488
9707
9489
9708
9490
9709
9491
9710
9492
9711
9493
9712
9494
9713
9495
9714
9496
9715
9497
9716
9498
9717
9499
9718
9500
9719
9501
9720
9502
9721
9503
9722
9504
9723
9505
9724
9506
9725
9507
9726
9508
9727
9509
9728
9510
9729
9511
9730
9512
9731
9513
9732
9514
9733
9515
9734
9516
9735
9517
9736
9518
9737
9519
9738
9520
9739
9521
9740
9522
9741
9523
9742
9524
9743
9525
9744
9526
9745
9527
9746
9528
9747
9529
9748
9530
9749
9531
9750
9532
9751
9533
9752
9534
9753
9535
9754
9536
9755
9537
9756
9538
9757
9539
9758
9540
9759
9541
9760
9542
9761
9543
9762
9544
9763
9545
9764
9546
9765
9547
9766
9548
9767
9549
9768
9550
9769
9551
9770
9552
9771
9553
9772
9554
9773
9555
9774
9556
9775
9557
9776
9558
9777
9559
9778
9560
9779
9561
9780
9562
9781
9563
9782
9564
9783
9565
9784
9566
9785
9567
9786
9568
9787
9569
9788
9570
9789
9571
9790
9572
9791
9573
9792
9574
9793
9575
9794
9576
9795
9577
9796
9578
9797
9579
9798
9580
9799
9581
9800
9582
9801
9583
9802
9584
9803
9585
9804
9586
9805
9587
9806
9588
9807
9589
9808
9590
9809
9591
9810
9592
9811
9593
9812
9594
9813
9595
9814
9596
9815
9597
9816
9598
9817
9599
9818
9600
9819
9601
9820
9602
9821
9603
9822
9604
9823
9605
9824
9606
9825
9607
9826
9608
9827
9609
9828
9610
9829
9611
9830
9612
9831
9613
9832
9614
9833
9615
9834
9616
9835
9617
9836
9618
9837
9619
9838
9620
9839
9621
9840
9622
9841
9623
9842
9624
9843
9625
9844
9626
9845
9627
9846
9628
9847
9629
9848
9630
9849
9631
9850
9632
9851
9633
9852
9634
9853
9635
9854
9636
9855
9637
9856
9638
9857
9639
9858
9640
9859
9641
9860
9642
9861
9643
9862
9644
9863
9645
9864
9646
9865
9647
9866
9648
9867
9649
9868
9650
9869
9651
9870
9652
9871
9653
9872
9654
9873
9655
9874
9656
9875
9657
9876
9658
9877
9659
9878
9660
9879
9661
9880
9662
9881
9663
9882
9664
9883
9665
9884
9666
9885
9667
9886
9668
9887
9669
9888
9670
9889
9671
9890
9672
9891
9673
9892
9674
9893
9675
9894
9676
9895
9677
9896
9678
9897
9679
9898
9899
9681
9900
14749
9682
9901
9683
9902
9684
9903
9685
9904
9686
9905
9687
9906
9688
9907
9689
9908
9690
9909
9691
9910
9692
9911
9693
9912
9694
9913
9695
9914
9696
9915
9697
9916
9698
9917
9699
9918
9700
9919
9701
9920
9702
9921
9703
9922
9704
9923
9705
9924
9706
9925
9707
9926
9708
9927
9709
9928
9710
9929
9711
9930
9712
9931
9713
9932
9714
9933
9715
9934
9716
9935
9717
9936
9718
9937
9719
9938
9720
9939
9721
9940
9722
9941
9723
9942
9724
9943
9725
9944
9726
9945
9727
9946
9728
9947
9729
9948
9730
9949
9731
9950
9732
9951
9733
9952
9734
9953
9735
9954
9736
9955
9737
9956
9738
9957
9739
9958
9740
9959
9741
9960
9742
9961
9743
9962
9744
9963
9745
9964
9746
9965
9747
9966
9748
9967
9749
9968
9750
9969
9751
9970
9752
9971
9753
9972
9754
9973
9755
9974
9756
9975
9757
9976
9758
9977
9759
9978
9760
9979
9761
9980
9762
9981
9763
9982
9764
9983
9765
9984
9766
9985
9767
9986
9768
9987
9769
9988
9770
9989
9771
9990
9772
9991
9773
9992
9774
9993
9775
9994
9776
9995
9777
9996
9778
9997
9779
9998
9780
9999
9781
10000
9782
10001
9783
10002
9784
10003
9785
10004
9786
10005
9787
10006
9788
10007
9789
10008
9790
10009
9791
10010
9792
10011
9793
10012
9794
10013
9795
10014
9796
10015
9797
10016
9798
10017
9799
10018
9800
10019
9801
10020
9802
10021
9803
10022
9804
10023
9805
10024
9806
10025
9807
10026
9808
10027
9809
10028
9810
10029
9811
10030
9812
10031
9813
10032
9814
10033
9815
10034
9816
10035
9817
10036
9818
10037
9819
10038
9820
10039
9821
10040
9822
10041
9823
10042
9824
10043
9825
10044
9826
10045
9827
10046
9828
10047
9829
10048
9830
10049
9831
10050
9832
10051
9833
10052
9834
10053
9835
10054
9836
10055
9837
10056
9838
10057
9839
10058
9840
10059
9841
10060
9842
10061
9843
10062
9844
10063
9845
10064
9846
10065
9847
10066
9848
10067
9849
10068
9850
10069
9851
10070
9852
10071
9853
10072
9854
10073
9855
10074
9856
10075
9857
10076
9858
10077
9859
10078
9860
10079
9861
10080
9862
10081
9863
10082
9864
10083
9865
10084
9866
10085
9867
10086
9868
10087
9869
10088
9870
10089
9871
10090
9872
10091
9873
10092
9874
10093
9875
10094
9876
10095
9877
10096
9878
10097
9879
10098
9880
10099
9881
10100
9882
10101
9883
10102
9884
10103
9885
10104
9886
10105
9887
10106
9888
10107
9889
10108
9890
10109
9891
10110
9892
10111
9893
10112
9894
10113
9895
10114
9896
10115
9897
10116
9898
10117
9899
10118
10119
9901
10120
14759
9902
10121
9903
10122
9904
10123
9905
10124
9906
10125
9907
10126
9908
10127
9909
10128
9910
10129
9911
10130
9912
10131
9913
10132
9914
10133
9915
10134
9916
10135
9917
10136
9918
10137
9919
10138
9920
10139
9921
10140
9922
10141
9923
10142
9924
10143
9925
10144
9926
10145
9927
10146
9928
10147
9929
10148
9930
10149
9931
10150
9932
10151
9933
10152
9934
10153
9935
10154
9936
10155
9937
10156
9938
10157
9939
10158
9940
10159
9941
10160
9942
10161
9943
10162
9944
10163
9945
10164
9946
10165
9947
10166
9948
10167
9949
10168
9950
10169
9951
10170
9952
10171
9953
10172
9954
10173
9955
10174
9956
10175
9957
10176
9958
10177
9959
10178
9960
10179
9961
10180
9962
10181
9963
10182
9964
10183
9965
10184
9966
10185
9967
10186
9968
10187
9969
10188
9970
10189
9971
10190
9972
10191
9973
10192
9974
10193
9975
10194
9976
10195
9977
10196
9978
10197
9979
10198
9980
10199
9981
10200
9982
10201
9983
10202
9984
10203
9985
10204
9986
10205
9987
10206
9988
10207
9989
10208
9990
10209
9991
10210
9992
10211
9993
10212
9994
10213
9995
10214
9996
10215
9997
10216
9998
10217
9999
10218
10000
10219
10001
10220
10002
10221
10003
10222
10004
10223
10005
10224
10006
10225
10007
10226
10008
10227
10009
10228
10010
10229
10011
10230
10012
10231
10013
10232
10014
10233
10015
10234
10016
10235
10017
10236
10018
10237
10019
10238
10020
10239
10021
10240
10022
10241
10023
10242
10024
10243
10025
10244
10026
10245
10027
10246
10028
10247
10029
10248
10030
10249
10031
10250
10032
10251
10033
10252
10034
10253
10035
10254
10036
10255
10037
10256
10038
10257
10039
10258
10040
10259
10041
10260
10042
10261
10043
10262
10044
10263
10045
10264
10046
10265
10047
10266
10048
10267
10049
10268
10050
10269
10051
10270
10052
10271
10053
10272
10054
10273
10055
10274
10056
10275
10057
10276
10058
10277
10059
10278
10060
10279
10061
10280
10062
10281
10063
10282
10064
10283
10065
10284
10066
10285
10067
10286
10068
10287
10069
10288
10070
10289
10071
10290
10072
10291
10073
10292
10074
10293
10075
10294
10076
10295
10077
10296
10078
10297
10079
10298
10080
10299
10081
10300
10082
10301
10083
10302
10084
10303
10085
10304
10086
10305
10087
10306
10088
10307
10089
10308
10090
10309
10091
10310
10092
10311
10093
10312
10094
10313
10095
10314
10096
10315
10097
10316
10098
10317
10099
10318
10100
10319
10101
10320
10102
10321
10103
10322
10104
10323
10105
10324
10106
10325
10107
10326
10108
10327
10109
10328
10110
10329
10111
10330
10112
10331
10113
10332
10114
10333
10115
10334
10116
10335
10117
10336
10118
10337
10119
10338
10339
10121
10340
14769
10122
10341
10123
10342
10124
10343
10125
10344
10126
10345
10127
10346
10128
10347
10129
10348
10130
10349
10131
10350
10132
10351
10133
10352
10134
10353
10135
10354
10136
10355
10137
10356
10138
10357
10139
10358
10140
10359
10141
10360
10142
10361
10143
10362
10144
10363
10145
10364
10146
10365
10147
10366
10148
10367
10149
10368
10150
10369
10151
10370
10152
10371
10153
10372
10154
10373
10155
10374
10156
10375
10157
10376
10158
10377
10159
10378
10160
10379
10161
10380
10162
10381
10163
10382
10164
10383
10165
10384
10166
10385
10167
10386
10168
10387
10169
10388
10170
10389
10171
10390
10172
10391
10173
10392
10174
10393
10175
10394
10176
10395
10177
10396
10178
10397
10179
10398
10180
10399
10181
10400
10182
10401
10183
10402
10184
10403
10185
10404
10186
10405
10187
10406
10188
10407
10189
10408
10190
10409
10191
10410
10192
10411
10193
10412
10194
10413
10195
10414
10196
10415
10197
10416
10198
10417
10199
10418
10200
10419
10201
10420
10202
10421
10203
10422
10204
10423
10205
10424
10206
10425
10207
10426
10208
10427
10209
10428
10210
10429
10211
10430
10212
10431
10213
10432
10214
10433
10215
10434
10216
10435
10217
10436
10218
10437
10219
10438
10220
10439
10221
10440
10222
10441
10223
10442
10224
10443
10225
10444
10226
10445
10227
10446
10228
10447
10229
10448
10230
10449
10231
10450
10232
10451
10233
10452
10234
10453
10235
10454
10236
10455
10237
10456
10238
10457
10239
10458
10240
10459
10241
10460
10242
10461
10243
10462
10244
10463
10245
10464
10246
10465
10247
10466
10248
10467
10249
10468
10250
10469
10251
10470
10252
10471
10253
10472
10254
10473
10255
10474
10256
10475
10257
10476
10258
10477
10259
10478
10260
10479
10261
10480
10262
10481
10263
10482
10264
10483
10265
10484
10266
10485
10267
10486
10268
10487
10269
10488
10270
10489
10271
10490
10272
10491
10273
10492
10274
10493
10275
10494
10276
10495
10277
10496
10278
10497
10279
10498
10280
10499
10281
10500
10282
10501
10283
10502
10284
10503
10285
10504
10286
10505
10287
10506
10288
10507
10289
10508
10290
10509
10291
10510
10292
10511
10293
10512
10294
10513
10295
10514
10296
10515
10297
10516
10298
10517
10299
10518
10300
10519
10301
10520
10302
10521
10303
10522
10304
10523
10305
10524
10306
10525
10307
10526
10308
10527
10309
10528
10310
10529
10311
10530
10312
10531
10313
10532
10314
10533
10315
10534
10316
10535
10317
10536
10318
10537
10319
10538
10320
10539
10321
10540
10322
10541
10323
10542
10324
10543
10325
10544
10326
10545
10327
10546
10328
10547
10329
10548
10330
10549
10331
10550
10332
10551
10333
10552
10334
10553
10335
10554
10336
10555
10337
10556
10338
10557
10339
10558
10559
10341
10560
14779
10342
10561
10343
10562
10344
10563
10345
10564
10346
10565
10347
10566
10348
10567
10349
10568
10350
10569
10351
10570
10352
10571
10353
10572
10354
10573
10355
10574
10356
10575
10357
10576
10358
10577
10359
10578
10360
10579
10361
10580
10362
10581
10363
10582
10364
10583
10365
10584
10366
10585
10367
10586
10368
10587
10369
10588
10370
10589
10371
10590
10372
10591
10373
10592
10374
10593
10375
10594
10376
10595
10377
10596
10378
10597
10379
10598
10380
10599
10381
10600
10382
10601
10383
10602
10384
10603
10385
10604
10386
10605
10387
10606
10388
10607
10389
10608
10390
10609
10391
10610
10392
10611
10393
10612
10394
10613
10395
10614
10396
10615
10397
10616
10398
10617
10399
10618
10400
10619
10401
10620
10402
10621
10403
10622
10404
10623
10405
10624
10406
10625
10407
10626
10408
10627
10409
10628
10410
10629
10411
10630
10412
10631
10413
10632
10414
10633
10415
10634
10416
10635
10417
10636
10418
10637
10419
10638
10420
10639
10421
10640
10422
10641
10423
10642
10424
10643
10425
10644
10426
10645
10427
10646
10428
10647
10429
10648
10430
10649
10431
10650
10432
10651
10433
10652
10434
10653
10435
10654
10436
10655
10437
10656
10438
10657
10439
10658
10440
10659
10441
10660
10442
10661
10443
10662
10444
10663
10445
10664
10446
10665
10447
10666
10448
10667
10449
10668
10450
10669
10451
10670
10452
10671
10453
10672
10454
10673
10455
10674
10456
10675
10457
10676
10458
10677
10459
10678
10460
10679
10461
10680
10462
10681
10463
10682
10464
10683
10465
10684
10466
10685
10467
10686
10468
10687
10469
10688
10470
10689
10471
10690
10472
10691
10473
10692
10474
10693
10475
10694
10476
10695
10477
10696
10478
10697
10479
10698
10480
10699
10481
10700
10482
10701
10483
10702
10484
10703
10485
10704
10486
10705
10487
10706
10488
10707
10489
10708
10490
10709
10491
10710
10492
10711
10493
10712
10494
10713
10495
10714
10496
10715
10497
10716
10498
10717
10499
10718
10500
10719
10501
10720
10502
10721
10503
10722
10504
10723
10505
10724
10506
10725
10507
10726
10508
10727
10509
10728
10510
10729
10511
10730
10512
10731
10513
10732
10514
10733
10515
10734
10516
10735
10517
10736
10518
10737
10519
10738
10520
10739
10521
10740
10522
10741
10523
10742
10524
10743
10525
10744
10526
10745
10527
10746
10528
10747
10529
10748
10530
10749
10531
10750
10532
10751
10533
10752
10534
10753
10535
10754
10536
10755
10537
10756
10538
10757
10539
10758
10540
10759
10541
10760
10542
10761
10543
10762
10544
10763
10545
10764
10546
10765
10547
10766
10548
10767
10549
10768
10550
10769
10551
10770
10552
10771
10553
10772
10554
10773
10555
10774
10556
10775
10557
10776
10558
10777
10559
10778
10779
10561
10780
14789
10562
10781
10563
10782
10564
10783
10565
10784
10566
10785
10567
10786
10568
10787
10569
10788
10570
10789
10571
10790
10572
10791
10573
10792
10574
10793
10575
10794
10576
10795
10577
10796
10578
10797
10579
10798
10580
10799
10581
10800
10582
10801
10583
10802
10584
10803
10585
10804
10586
10805
10587
10806
10588
10807
10589
10808
10590
10809
10591
10810
10592
10811
10593
10812
10594
10813
10595
10814
10596
10815
10597
10816
10598
10817
10599
10818
10600
10819
10601
10820
10602
10821
10603
10822
10604
10823
10605
10824
10606
10825
10607
10826
10608
10827
10609
10828
10610
10829
10611
10830
10612
10831
10613
10832
10614
10833
10615
10834
10616
10835
10617
10836
10618
10837
10619
10838
10620
10839
10621
10840
10622
10841
10623
10842
10624
10843
10625
10844
10626
10845
10627
10846
10628
10847
10629
10848
10630
10849
10631
10850
10632
10851
10633
10852
10634
10853
10635
10854
10636
10855
10637
10856
10638
10857
10639
10858
10640
10859
10641
10860
10642
10861
10643
10862
10644
10863
10645
10864
10646
10865
10647
10866
10648
10867
10649
10868
10650
10869
10651
10870
10652
10871
10653
10872
10654
10873
10655
10874
10656
10875
10657
10876
10658
10877
10659
10878
10660
10879
10661
10880
10662
10881
10663
10882
10664
10883
10665
10884
10666
10885
10667
10886
10668
10887
10669
10888
10670
10889
10671
10890
10672
10891
10673
10892
10674
10893
10675
10894
10676
10895
10677
10896
10678
10897
10679
10898
10680
10899
10681
10900
10682
10901
10683
10902
10684
10903
10685
10904
10686
10905
10687
10906
10688
10907
10689
10908
10690
10909
10691
10910
10692
10911
10693
10912
10694
10913
10695
10914
10696
10915
10697
10916
10698
10917
10699
10918
10700
10919
10701
10920
10702
10921
10703
10922
10704
10923
10705
10924
10706
10925
10707
10926
10708
10927
10709
10928
10710
10929
10711
10930
10712
10931
10713
10932
10714
10933
10715
10934
10716
10935
10717
10936
10718
10937
10719
10938
10720
10939
10721
10940
10722
10941
10723
10942
10724
10943
10725
10944
10726
10945
10727
10946
10728
10947
10729
10948
10730
10949
10731
10950
10732
10951
10733
10952
10734
10953
10735
10954
10736
10955
10737
10956
10738
10957
10739
10958
10740
10959
10741
10960
10742
10961
10743
10962
10744
10963
10745
10964
10746
10965
10747
10966
10748
10967
10749
10968
10750
10969
10751
10970
10752
10971
10753
10972
10754
10973
10755
10974
10756
10975
10757
10976
10758
10977
10759
10978
10760
10979
10761
10980
10762
10981
10763
10982
10764
10983
10765
10984
10766
10985
10767
10986
10768
10987
10769
10988
10770
10989
10771
10990
10772
10991
10773
10992
10774
10993
10775
10994
10776
10995
10777
10996
10778
10997
10779
10998
10999
10781
11000
14799
10782
11001
10783
11002
10784
11003
10785
11004
10786
11005
10787
11006
10788
11007
10789
11008
10790
11009
10791
11010
10792
11011
10793
11012
10794
11013
10795
11014
10796
11015
10797
11016
10798
11017
10799
11018
10800
11019
10801
11020
10802
11021
10803
11022
10804
11023
10805
11024
10806
11025
10807
11026
10808
11027
10809
11028
10810
11029
10811
11030
10812
11031
10813
11032
10814
11033
10815
11034
10816
11035
10817
11036
10818
11037
10819
11038
10820
11039
10821
11040
10822
11041
10823
11042
10824
11043
10825
11044
10826
11045
10827
11046
10828
11047
10829
11048
10830
11049
10831
11050
10832
11051
10833
11052
10834
11053
10835
11054
10836
11055
10837
11056
10838
11057
10839
11058
10840
11059
10841
11060
10842
11061
10843
11062
10844
11063
10845
11064
10846
11065
10847
11066
10848
11067
10849
11068
10850
11069
10851
11070
10852
11071
10853
11072
10854
11073
10855
11074
10856
11075
10857
11076
10858
11077
10859
11078
10860
11079
10861
11080
10862
11081
10863
11082
10864
11083
10865
11084
10866
11085
10867
11086
10868
11087
10869
11088
10870
11089
10871
11090
10872
11091
10873
11092
10874
11093
10875
11094
10876
11095
10877
11096
10878
11097
10879
11098
10880
11099
10881
11100
10882
11101
10883
11102
10884
11103
10885
11104
10886
11105
10887
11106
10888
11107
10889
11108
10890
11109
10891
11110
10892
11111
10893
11112
10894
11113
10895
11114
10896
11115
10897
11116
10898
11117
10899
11118
10900
11119
10901
11120
10902
11121
10903
11122
10904
11123
10905
11124
10906
11125
10907
11126
10908
11127
10909
11128
10910
11129
10911
11130
10912
11131
10913
11132
10914
11133
10915
11134
10916
11135
10917
11136
10918
11137
10919
11138
10920
11139
10921
11140
10922
11141
10923
11142
10924
11143
10925
11144
10926
11145
10927
11146
10928
11147
10929
11148
10930
11149
10931
11150
10932
11151
10933
11152
10934
11153
10935
11154
10936
11155
10937
11156
10938
11157
10939
11158
10940
11159
10941
11160
10942
11161
10943
11162
10944
11163
10945
11164
10946
11165
10947
11166
10948
11167
10949
11168
10950
11169
10951
11170
10952
11171
10953
11172
10954
11173
10955
11174
10956
11175
10957
11176
10958
11177
10959
11178
10960
11179
10961
11180
10962
11181
10963
11182
10964
11183
10965
11184
10966
11185
10967
11186
10968
11187
10969
11188
10970
11189
10971
11190
10972
11191
10973
11192
10974
11193
10975
11194
10976
11195
10977
11196
10978
11197
10979
11198
10980
11199
10981
11200
10982
11201
10983
11202
10984
11203
10985
11204
10986
11205
10987
11206
10988
11207
10989
11208
10990
11209
10991
11210
10992
11211
10993
11212
10994
11213
10995
11214
10996
11215
10997
11216
10998
11217
10999
11218
11219
11001
11220
14809
11002
11221
11003
11222
11004
11223
11005
11224
11006
11225
11007
11226
11008
11227
11009
11228
11010
11229
11011
11230
11012
11231
11013
11232
11014
11233
11015
11234
11016
11235
11017
11236
11018
11237
11019
11238
11020
11239
11021
11240
11022
11241
11023
11242
11024
11243
11025
11244
11026
11245
11027
11246
11028
11247
11029
11248
11030
11249
11031
11250
11032
11251
11033
11252
11034
11253
11035
11254
11036
11255
11037
11256
11038
11257
11039
11258
11040
11259
11041
11260
11042
11261
11043
11262
11044
11263
11045
11264
11046
11265
11047
11266
11048
11267
11049
11268
11050
11269
11051
11270
11052
11271
11053
11272
11054
11273
11055
11274
11056
11275
11057
11276
11058
11277
11059
11278
11060
11279
11061
11280
11062
11281
11063
11282
11064
11283
11065
11284
11066
11285
11067
11286
11068
11287
11069
11288
11070
11289
11071
11290
11072
11291
11073
11292
11074
11293
11075
11294
11076
11295
11077
11296
11078
11297
11079
11298
11080
11299
11081
11300
11082
11301
11083
11302
11084
11303
11085
11304
11086
11305
11087
11306
11088
11307
11089
11308
11090
11309
11091
11310
11092
11311
11093
11312
11094
11313
11095
11314
11096
11315
11097
11316
11098
11317
11099
11318
11100
11319
11101
11320
11102
11321
11103
11322
11104
11323
11105
11324
11106
11325
11107
11326
11108
11327
11109
11328
11110
11329
11111
11330
11112
11331
11113
11332
11114
11333
11115
11334
11116
11335
11117
11336
11118
11337
11119
11338
11120
11339
11121
11340
11122
11341
11123
11342
11124
11343
11125
11344
11126
11345
11127
11346
11128
11347
11129
11348
11130
11349
11131
11350
11132
11351
11133
11352
11134
11353
11135
11354
11136
11355
11137
11356
11138
11357
11139
11358
11140
11359
11141
11360
11142
11361
11143
11362
11144
11363
11145
11364
11146
11365
11147
11366
11148
11367
11149
11368
11150
11369
11151
11370
11152
11371
11153
11372
11154
11373
11155
11374
11156
11375
11157
11376
11158
11377
11159
11378
11160
11379
11161
11380
11162
11381
11163
11382
11164
11383
11165
11384
11166
11385
11167
11386
11168
11387
11169
11388
11170
11389
11171
11390
11172
11391
11173
11392
11174
11393
11175
11394
11176
11395
11177
11396
11178
11397
11179
11398
11180
11399
11181
11400
11182
11401
11183
11402
11184
11403
11185
11404
11186
11405
11187
11406
11188
11407
11189
11408
11190
11409
11191
11410
11192
11411
11193
11412
11194
11413
11195
11414
11196
11415
11197
11416
11198
11417
11199
11418
11200
11419
11201
11420
11202
11421
11203
11422
11204
11423
11205
11424
11206
11425
11207
11426
11208
11427
11209
11428
11210
11429
11211
11430
11212
11431
11213
11432
11214
11433
11215
11434
11216
11435
11217
11436
11218
11437
11219
11438
11439
11221
11440
14819
11222
11441
11223
11442
11224
11443
11225
11444
11226
11445
11227
11446
11228
11447
11229
11448
11230
11449
11231
11450
11232
11451
11233
11452
11234
11453
11235
11454
11236
11455
11237
11456
11238
11457
11239
11458
11240
11459
11241
11460
11242
11461
11243
11462
11244
11463
11245
11464
11246
11465
11247
11466
11248
11467
11249
11468
11250
11469
11251
11470
11252
11471
11253
11472
11254
11473
11255
11474
11256
11475
11257
11476
11258
11477
11259
11478
11260
11479
11261
11480
11262
11481
11263
11482
11264
11483
11265
11484
11266
11485
11267
11486
11268
11487
11269
11488
11270
11489
11271
11490
11272
11491
11273
11492
11274
11493
11275
11494
11276
11495
11277
11496
11278
11497
11279
11498
11280
11499
11281
11500
11282
11501
11283
11502
11284
11503
11285
11504
11286
11505
11287
11506
11288
11507
11289
11508
11290
11509
11291
11510
11292
11511
11293
11512
11294
11513
11295
11514
11296
11515
11297
11516
11298
11517
11299
11518
11300
11519
11301
11520
11302
11521
11303
11522
11304
11523
11305
11524
11306
11525
11307
11526
11308
11527
11309
11528
11310
11529
11311
11530
11312
11531
11313
11532
11314
11533
11315
11534
11316
11535
11317
11536
11318
11537
11319
11538
11320
11539
11321
11540
11322
11541
11323
11542
11324
11543
11325
11544
11326
11545
11327
11546
11328
11547
11329
11548
11330
11549
11331
11550
11332
11551
11333
11552
11334
11553
11335
11554
11336
11555
11337
11556
11338
11557
11339
11558
11340
11559
11341
11560
11342
11561
11343
11562
11344
11563
11345
11564
11346
11565
11347
11566
11348
11567
11349
11568
11350
11569
11351
11570
11352
11571
11353
11572
11354
11573
11355
11574
11356
11575
11357
11576
11358
11577
11359
11578
11360
11579
11361
11580
11362
11581
11363
11582
11364
11583
11365
11584
11366
11585
11367
11586
11368
11587
11369
11588
11370
11589
11371
11590
11372
11591
11373
11592
11374
11593
11375
11594
11376
11595
11377
11596
11378
11597
11379
11598
11380
11599
11381
11600
11382
11601
11383
11602
11384
11603
11385
11604
11386
11605
11387
11606
11388
11607
11389
11608
11390
11609
11391
11610
11392
11611
11393
11612
11394
11613
11395
11614
11396
11615
11397
11616
11398
11617
11399
11618
11400
11619
11401
11620
11402
11621
11403
11622
11404
11623
11405
11624
11406
11625
11407
11626
11408
11627
11409
11628
11410
11629
11411
11630
11412
11631
11413
11632
11414
11633
11415
11634
11416
11635
11417
11636
11418
11637
11419
11638
11420
11639
11421
11640
11422
11641
11423
11642
11424
11643
11425
11644
11426
11645
11427
11646
11428
11647
11429
11648
11430
11649
11431
11650
11432
11651
11433
11652
11434
11653
11435
11654
11436
11655
11437
11656
11438
11657
11439
11658
11659
11441
11660
14829
11442
11661
11443
11662
11444
11663
11445
11664
11446
11665
11447
11666
11448
11667
11449
11668
11450
11669
11451
11670
11452
11671
11453
11672
11454
11673
11455
11674
11456
11675
11457
11676
11458
11677
11459
11678
11460
11679
11461
11680
11462
11681
11463
11682
11464
11683
11465
11684
11466
11685
11467
11686
11468
11687
11469
11688
11470
11689
11471
11690
11472
11691
11473
11692
11474
11693
11475
11694
11476
11695
11477
11696
11478
11697
11479
11698
11480
11699
11481
11700
11482
11701
11483
11702
11484
11703
11485
11704
11486
11705
11487
11706
11488
11707
11489
11708
11490
11709
11491
11710
11492
11711
11493
11712
11494
11713
11495
11714
11496
11715
11497
11716
11498
11717
11499
11718
11500
11719
11501
11720
11502
11721
11503
11722
11504
11723
11505
11724
11506
11725
11507
11726
11508
11727
11509
11728
11510
11729
11511
11730
11512
11731
11513
11732
11514
11733
11515
11734
11516
11735
11517
11736
11518
11737
11519
11738
11520
11739
11521
11740
11522
11741
11523
11742
11524
11743
11525
11744
11526
11745
11527
11746
11528
11747
11529
11748
11530
11749
11531
11750
11532
11751
11533
11752
11534
11753
11535
11754
11536
11755
11537
11756
11538
11757
11539
11758
11540
11759
11541
11760
11542
11761
11543
11762
11544
11763
11545
11764
11546
11765
11547
11766
11548
11767
11549
11768
11550
11769
11551
11770
11552
11771
11553
11772
11554
11773
11555
11774
11556
11775
11557
11776
11558
11777
11559
11778
11560
11779
11561
11780
11562
11781
11563
11782
11564
11783
11565
11784
11566
11785
11567
11786
11568
11787
11569
11788
11570
11789
11571
11790
11572
11791
11573
11792
11574
11793
11575
11794
11576
11795
11577
11796
11578
11797
11579
11798
11580
11799
11581
11800
11582
11801
11583
11802
11584
11803
11585
11804
11586
11805
11587
11806
11588
11807
11589
11808
11590
11809
11591
11810
11592
11811
11593
11812
11594
11813
11595
11814
11596
11815
11597
11816
11598
11817
11599
11818
11600
11819
11601
11820
11602
11821
11603
11822
11604
11823
11605
11824
11606
11825
11607
11826
11608
11827
11609
11828
11610
11829
11611
11830
11612
11831
11613
11832
11614
11833
11615
11834
11616
11835
11617
11836
11618
11837
11619
11838
11620
11839
11621
11840
11622
11841
11623
11842
11624
11843
11625
11844
11626
11845
11627
11846
11628
11847
11629
11848
11630
11849
11631
11850
11632
11851
11633
11852
11634
11853
11635
11854
11636
11855
11637
11856
11638
11857
11639
11858
11640
11859
11641
11860
11642
11861
11643
11862
11644
11863
11645
11864
11646
11865
11647
11866
11648
11867
11649
11868
11650
11869
11651
11870
11652
11871
11653
11872
11654
11873
11655
11874
11656
11875
11657
11876
11658
11877
11659
11878
11879
11661
11880
14839
11662
11881
11663
11882
11664
11883
11665
11884
11666
11885
11667
11886
11668
11887
11669
11888
11670
11889
11671
11890
11672
11891
11673
11892
11674
11893
11675
11894
11676
11895
11677
11896
11678
11897
11679
11898
11680
11899
11681
11900
11682
11901
11683
11902
11684
11903
11685
11904
11686
11905
11687
11906
11688
11907
11689
11908
11690
11909
11691
11910
11692
11911
11693
11912
11694
11913
11695
11914
11696
11915
11697
11916
11698
11917
11699
11918
11700
11919
11701
11920
11702
11921
11703
11922
11704
11923
11705
11924
11706
11925
11707
11926
11708
11927
11709
11928
11710
11929
11711
11930
11712
11931
11713
11932
11714
11933
11715
11934
11716
11935
11717
11936
11718
11937
11719
11938
11720
11939
11721
11940
11722
11941
11723
11942
11724
11943
11725
11944
11726
11945
11727
11946
11728
11947
11729
11948
11730
11949
11731
11950
11732
11951
11733
11952
11734
11953
11735
11954
11736
11955
11737
11956
11738
11957
11739
11958
11740
11959
11741
11960
11742
11961
11743
11962
11744
11963
11745
11964
11746
11965
11747
11966
11748
11967
11749
11968
11750
11969
11751
11970
11752
11971
11753
11972
11754
11973
11755
11974
11756
11975
11757
11976
11758
11977
11759
11978
11760
11979
11761
11980
11762
11981
11763
11982
11764
11983
11765
11984
11766
11985
11767
11986
11768
11987
11769
11988
11770
11989
11771
11990
11772
11991
11773
11992
11774
11993
11775
11994
11776
11995
11777
11996
11778
11997
11779
11998
11780
11999
11781
12000
11782
12001
11783
12002
11784
12003
11785
12004
11786
12005
11787
12006
11788
12007
11789
12008
11790
12009
11791
12010
11792
12011
11793
12012
11794
12013
11795
12014
11796
12015
11797
12016
11798
12017
11799
12018
11800
12019
11801
12020
11802
12021
11803
12022
11804
12023
11805
12024
11806
12025
11807
12026
11808
12027
11809
12028
11810
12029
11811
12030
11812
12031
11813
12032
11814
12033
11815
12034
11816
12035
11817
12036
11818
12037
11819
12038
11820
12039
11821
12040
11822
12041
11823
12042
11824
12043
11825
12044
11826
12045
11827
12046
11828
12047
11829
12048
11830
12049
11831
12050
11832
12051
11833
12052
11834
12053
11835
12054
11836
12055
11837
12056
11838
12057
11839
12058
11840
12059
11841
12060
11842
12061
11843
12062
11844
12063
11845
12064
11846
12065
11847
12066
11848
12067
11849
12068
11850
12069
11851
12070
11852
12071
11853
12072
11854
12073
11855
12074
11856
12075
11857
12076
11858
12077
11859
12078
11860
12079
11861
12080
11862
12081
11863
12082
11864
12083
11865
12084
11866
12085
11867
12086
11868
12087
11869
12088
11870
12089
11871
12090
11872
12091
11873
12092
11874
12093
11875
12094
11876
12095
11877
12096
11878
12097
11879
12098
12099
11881
12100
14849
11882
12101
11883
12102
11884
12103
11885
12104
11886
12105
11887
12106
11888
12107
11889
12108
11890
12109
11891
12110
11892
12111
11893
12112
11894
12113
11895
12114
11896
12115
11897
12116
11898
12117
11899
12118
11900
12119
11901
12120
11902
12121
11903
12122
11904
12123
11905
12124
11906
12125
11907
12126
11908
12127
11909
12128
11910
12129
11911
12130
11912
12131
11913
12132
11914
12133
11915
12134
11916
12135
11917
12136
11918
12137
11919
12138
11920
12139
11921
12140
11922
12141
11923
12142
11924
12143
11925
12144
11926
12145
11927
12146
11928
12147
11929
12148
11930
12149
11931
12150
11932
12151
11933
12152
11934
12153
11935
12154
11936
12155
11937
12156
11938
12157
11939
12158
11940
12159
11941
12160
11942
12161
11943
12162
11944
12163
11945
12164
11946
12165
11947
12166
11948
12167
11949
12168
11950
12169
11951
12170
11952
12171
11953
12172
11954
12173
11955
12174
11956
12175
11957
12176
11958
12177
11959
12178
11960
12179
11961
12180
11962
12181
11963
12182
11964
12183
11965
12184
11966
12185
11967
12186
11968
12187
11969
12188
11970
12189
11971
12190
11972
12191
11973
12192
11974
12193
11975
12194
11976
12195
11977
12196
11978
12197
11979
12198
11980
12199
11981
12200
11982
12201
11983
12202
11984
12203
11985
12204
11986
12205
11987
12206
11988
12207
11989
12208
11990
12209
11991
12210
11992
12211
11993
12212
11994
12213
11995
12214
11996
12215
11997
12216
11998
12217
11999
12218
12000
12219
12001
12220
12002
12221
12003
12222
12004
12223
12005
12224
12006
12225
12007
12226
12008
12227
12009
12228
12010
12229
12011
12230
12012
12231
12013
12232
12014
12233
12015
12234
12016
12235
12017
12236
12018
12237
12019
12238
12020
12239
12021
12240
12022
12241
12023
12242
12024
12243
12025
12244
12026
12245
12027
12246
12028
12247
12029
12248
12030
12249
12031
12250
12032
12251
12033
12252
12034
12253
12035
12254
12036
12255
12037
12256
12038
12257
12039
12258
12040
12259
12041
12260
12042
12261
12043
12262
12044
12263
12045
12264
12046
12265
12047
12266
12048
12267
12049
12268
12050
12269
12051
12270
12052
12271
12053
12272
12054
12273
12055
12274
12056
12275
12057
12276
12058
12277
12059
12278
12060
12279
12061
12280
12062
12281
12063
12282
12064
12283
12065
12284
12066
12285
12067
12286
12068
12287
12069
12288
12070
12289
12071
12290
12072
12291
12073
12292
12074
12293
12075
12294
12076
12295
12077
12296
12078
12297
12079
12298
12080
12299
12081
12300
12082
12301
12083
12302
12084
12303
12085
12304
12086
12305
12087
12306
12088
12307
12089
12308
12090
12309
12091
12310
12092
12311
12093
12312
12094
12313
12095
12314
12096
12315
12097
12316
12098
12317
12099
12318
12319
12101
12320
14859
12102
12321
12103
12322
12104
12323
12105
12324
12106
12325
12107
12326
12108
12327
12109
12328
12110
12329
12111
12330
12112
12331
12113
12332
12114
12333
12115
12334
12116
12335
12117
12336
12118
12337
12119
12338
12120
12339
12121
12340
12122
12341
12123
12342
12124
12343
12125
12344
12126
12345
12127
12346
12128
12347
12129
12348
12130
12349
12131
12350
12132
12351
12133
12352
12134
12353
12135
12354
12136
12355
12137
12356
12138
12357
12139
12358
12140
12359
12141
12360
12142
12361
12143
12362
12144
12363
12145
12364
12146
12365
12147
12366
12148
12367
12149
12368
12150
12369
12151
12370
12152
12371
12153
12372
12154
12373
12155
12374
12156
12375
12157
12376
12158
12377
12159
12378
12160
12379
12161
12380
12162
12381
12163
12382
12164
12383
12165
12384
12166
12385
12167
12386
12168
12387
12169
12388
12170
12389
12171
12390
12172
12391
12173
12392
12174
12393
12175
12394
12176
12395
12177
12396
12178
12397
12179
12398
12180
12399
12181
12400
12182
12401
12183
12402
12184
12403
12185
12404
12186
12405
12187
12406
12188
12407
12189
12408
12190
12409
12191
12410
12192
12411
12193
12412
12194
12413
12195
12414
12196
12415
12197
12416
12198
12417
12199
12418
12200
12419
12201
12420
12202
12421
12203
12422
12204
12423
12205
12424
12206
12425
12207
12426
12208
12427
12209
12428
12210
12429
12211
12430
12212
12431
12213
12432
12214
12433
12215
12434
12216
12435
12217
12436
12218
12437
12219
12438
12220
12439
12221
12440
12222
12441
12223
12442
12224
12443
12225
12444
12226
12445
12227
12446
12228
12447
12229
12448
12230
12449
12231
12450
12232
12451
12233
12452
12234
12453
12235
12454
12236
12455
12237
12456
12238
12457
12239
12458
12240
12459
12241
12460
12242
12461
12243
12462
12244
12463
12245
12464
12246
12465
12247
12466
12248
12467
12249
12468
12250
12469
12251
12470
12252
12471
12253
12472
12254
12473
12255
12474
12256
12475
12257
12476
12258
12477
12259
12478
12260
12479
12261
12480
12262
12481
12263
12482
12264
12483
12265
12484
12266
12485
12267
12486
12268
12487
12269
12488
12270
12489
12271
12490
12272
12491
12273
12492
12274
12493
12275
12494
12276
12495
12277
12496
12278
12497
12279
12498
12280
12499
12281
12500
12282
12501
12283
12502
12284
12503
12285
12504
12286
12505
12287
12506
12288
12507
12289
12508
12290
12509
12291
12510
12292
12511
12293
12512
12294
12513
12295
12514
12296
12515
12297
12516
12298
12517
12299
12518
12300
12519
12301
12520
12302
12521
12303
12522
12304
12523
12305
12524
12306
12525
12307
12526
12308
12527
12309
12528
12310
12529
12311
12530
12312
12531
12313
12532
12314
12533
12315
12534
12316
12535
12317
12536
12318
12537
12319
12538
12539
12321
12540
14869
12322
12541
12323
12542
12324
12543
12325
12544
12326
12545
12327
12546
12328
12547
12329
12548
12330
12549
12331
12550
12332
12551
12333
12552
12334
12553
12335
12554
12336
12555
12337
12556
12338
12557
12339
12558
12340
12559
12341
12560
12342
12561
12343
12562
12344
12563
12345
12564
12346
12565
12347
12566
12348
12567
12349
12568
12350
12569
12351
12570
12352
12571
12353
12572
12354
12573
12355
12574
12356
12575
12357
12576
12358
12577
12359
12578
12360
12579
12361
12580
12362
12581
12363
12582
12364
12583
12365
12584
12366
12585
12367
12586
12368
12587
12369
12588
12370
12589
12371
12590
12372
12591
12373
12592
12374
12593
12375
12594
12376
12595
12377
12596
12378
12597
12379
12598
12380
12599
12381
12600
12382
12601
12383
12602
12384
12603
12385
12604
12386
12605
12387
12606
12388
12607
12389
12608
12390
12609
12391
12610
12392
12611
12393
12612
12394
12613
12395
12614
12396
12615
12397
12616
12398
12617
12399
12618
12400
12619
12401
12620
12402
12621
12403
12622
12404
12623
12405
12624
12406
12625
12407
12626
12408
12627
12409
12628
12410
12629
12411
12630
12412
12631
12413
12632
12414
12633
12415
12634
12416
12635
12417
12636
12418
12637
12419
12638
12420
12639
12421
12640
12422
12641
12423
12642
12424
12643
12425
12644
12426
12645
12427
12646
12428
12647
12429
12648
12430
12649
12431
12650
12432
12651
12433
12652
12434
12653
12435
12654
12436
12655
12437
12656
12438
12657
12439
12658
12440
12659
12441
12660
12442
12661
12443
12662
12444
12663
12445
12664
12446
12665
12447
12666
12448
12667
12449
12668
12450
12669
12451
12670
12452
12671
12453
12672
12454
12673
12455
12674
12456
12675
12457
12676
12458
12677
12459
12678
12460
12679
12461
12680
12462
12681
12463
12682
12464
12683
12465
12684
12466
12685
12467
12686
12468
12687
12469
12688
12470
12689
12471
12690
12472
12691
12473
12692
12474
12693
12475
12694
12476
12695
12477
12696
12478
12697
12479
12698
12480
12699
12481
12700
12482
12701
12483
12702
12484
12703
12485
12704
12486
12705
12487
12706
12488
12707
12489
12708
12490
12709
12491
12710
12492
12711
12493
12712
12494
12713
12495
12714
12496
12715
12497
12716
12498
12717
12499
12718
12500
12719
12501
12720
12502
12721
12503
12722
12504
12723
12505
12724
12506
12725
12507
12726
12508
12727
12509
12728
12510
12729
12511
12730
12512
12731
12513
12732
12514
12733
12515
12734
12516
12735
12517
12736
12518
12737
12519
12738
12520
12739
12521
12740
12522
12741
12523
12742
12524
12743
12525
12744
12526
12745
12527
12746
12528
12747
12529
12748
12530
12749
12531
12750
12532
12751
12533
12752
12534
12753
12535
12754
12536
12755
12537
12756
12538
12757
12539
12758
12759
12541
12760
14879
12542
12761
12543
12762
12544
12763
12545
12764
12546
12765
12547
12766
12548
12767
12549
12768
12550
12769
12551
12770
12552
12771
12553
12772
12554
12773
12555
12774
12556
12775
12557
12776
12558
12777
12559
12778
12560
12779
12561
12780
12562
12781
12563
12782
12564
12783
12565
12784
12566
12785
12567
12786
12568
12787
12569
12788
12570
12789
12571
12790
12572
12791
12573
12792
12574
12793
12575
12794
12576
12795
12577
12796
12578
12797
12579
12798
12580
12799
12581
12800
12582
12801
12583
12802
12584
12803
12585
12804
12586
12805
12587
12806
12588
12807
12589
12808
12590
12809
12591
12810
12592
12811
12593
12812
12594
12813
12595
12814
12596
12815
12597
12816
12598
12817
12599
12818
12600
12819
12601
12820
12602
12821
12603
12822
12604
12823
12605
12824
12606
12825
12607
12826
12608
12827
12609
12828
12610
12829
12611
12830
12612
12831
12613
12832
12614
12833
12615
12834
12616
12835
12617
12836
12618
12837
12619
12838
12620
12839
12621
12840
12622
12841
12623
12842
12624
12843
12625
12844
12626
12845
12627
12846
12628
12847
12629
12848
12630
12849
12631
12850
12632
12851
12633
12852
12634
12853
12635
12854
12636
12855
12637
12856
12638
12857
12639
12858
12640
12859
12641
12860
12642
12861
12643
12862
12644
12863
12645
12864
12646
12865
12647
12866
12648
12867
12649
12868
12650
12869
12651
12870
12652
12871
12653
12872
12654
12873
12655
12874
12656
12875
12657
12876
12658
12877
12659
12878
12660
12879
12661
12880
12662
12881
12663
12882
12664
12883
12665
12884
12666
12885
12667
12886
12668
12887
12669
12888
12670
12889
12671
12890
12672
12891
12673
12892
12674
12893
12675
12894
12676
12895
12677
12896
12678
12897
12679
12898
12680
12899
12681
12900
12682
12901
12683
12902
12684
12903
12685
12904
12686
12905
12687
12906
12688
12907
12689
12908
12690
12909
12691
12910
12692
12911
12693
12912
12694
12913
12695
12914
12696
12915
12697
12916
12698
12917
12699
12918
12700
12919
12701
12920
12702
12921
12703
12922
12704
12923
12705
12924
12706
12925
12707
12926
12708
12927
12709
12928
12710
12929
12711
12930
12712
12931
12713
12932
12714
12933
12715
12934
12716
12935
12717
12936
12718
12937
12719
12938
12720
12939
12721
12940
12722
12941
12723
12942
12724
12943
12725
12944
12726
12945
12727
12946
12728
12947
12729
12948
12730
12949
12731
12950
12732
12951
12733
12952
12734
12953
12735
12954
12736
12955
12737
12956
12738
12957
12739
12958
12740
12959
12741
12960
12742
12961
12743
12962
12744
12963
12745
12964
12746
12965
12747
12966
12748
12967
12749
12968
12750
12969
12751
12970
12752
12971
12753
12972
12754
12973
12755
12974
12756
12975
12757
12976
12758
12977
12759
12978
12979
12761
12980
14889
12762
12981
12763
12982
12764
12983
12765
12984
12766
12985
12767
12986
12768
12987
12769
12988
12770
12989
12771
12990
12772
12991
12773
12992
12774
12993
12775
12994
12776
12995
12777
12996
12778
12997
12779
12998
12780
12999
12781
13000
12782
13001
12783
13002
12784
13003
12785
13004
12786
13005
12787
13006
12788
13007
12789
13008
12790
13009
12791
13010
12792
13011
12793
13012
12794
13013
12795
13014
12796
13015
12797
13016
12798
13017
12799
13018
12800
13019
12801
13020
12802
13021
12803
13022
12804
13023
12805
13024
12806
13025
12807
13026
12808
13027
12809
13028
12810
13029
12811
13030
12812
13031
12813
13032
12814
13033
12815
13034
12816
13035
12817
13036
12818
13037
12819
13038
12820
13039
12821
13040
12822
13041
12823
13042
12824
13043
12825
13044
12826
13045
12827
13046
12828
13047
12829
13048
12830
13049
12831
13050
12832
13051
12833
13052
12834
13053
12835
13054
12836
13055
12837
13056
12838
13057
12839
13058
12840
13059
12841
13060
12842
13061
12843
13062
12844
13063
12845
13064
12846
13065
12847
13066
12848
13067
12849
13068
12850
13069
12851
13070
12852
13071
12853
13072
12854
13073
12855
13074
12856
13075
12857
13076
12858
13077
12859
13078
12860
13079
12861
13080
12862
13081
12863
13082
12864
13083
12865
13084
12866
13085
12867
13086
12868
13087
12869
13088
12870
13089
12871
13090
12872
13091
12873
13092
12874
13093
12875
13094
12876
13095
12877
13096
12878
13097
12879
13098
12880
13099
12881
13100
12882
13101
12883
13102
12884
13103
12885
13104
12886
13105
12887
13106
12888
13107
12889
13108
12890
13109
12891
13110
12892
13111
12893
13112
12894
13113
12895
13114
12896
13115
12897
13116
12898
13117
12899
13118
12900
13119
12901
13120
12902
13121
12903
13122
12904
13123
12905
13124
12906
13125
12907
13126
12908
13127
12909
13128
12910
13129
12911
13130
12912
13131
12913
13132
12914
13133
12915
13134
12916
13135
12917
13136
12918
13137
12919
13138
12920
13139
12921
13140
12922
13141
12923
13142
12924
13143
12925
13144
12926
13145
12927
13146
12928
13147
12929
13148
12930
13149
12931
13150
12932
13151
12933
13152
12934
13153
12935
13154
12936
13155
12937
13156
12938
13157
12939
13158
12940
13159
12941
13160
12942
13161
12943
13162
12944
13163
12945
13164
12946
13165
12947
13166
12948
13167
12949
13168
12950
13169
12951
13170
12952
13171
12953
13172
12954
13173
12955
13174
12956
13175
12957
13176
12958
13177
12959
13178
12960
13179
12961
13180
12962
13181
12963
13182
12964
13183
12965
13184
12966
13185
12967
13186
12968
13187
12969
13188
12970
13189
12971
13190
12972
13191
12973
13192
12974
13193
12975
13194
12976
13195
12977
13196
12978
13197
12979
13198
13199
12981
13200
14899
12982
13201
12983
13202
12984
13203
12985
13204
12986
13205
12987
13206
12988
13207
12989
13208
12990
13209
12991
13210
12992
13211
12993
13212
12994
13213
12995
13214
12996
13215
12997
13216
12998
13217
12999
13218
13000
13219
13001
13220
13002
13221
13003
13222
13004
13223
13005
13224
13006
13225
13007
13226
13008
13227
13009
13228
13010
13229
13011
13230
13012
13231
13013
13232
13014
13233
13015
13234
13016
13235
13017
13236
13018
13237
13019
13238
13020
13239
13021
13240
13022
13241
13023
13242
13024
13243
13025
13244
13026
13245
13027
13246
13028
13247
13029
13248
13030
13249
13031
13250
13032
13251
13033
13252
13034
13253
13035
13254
13036
13255
13037
13256
13038
13257
13039
13258
13040
13259
13041
13260
13042
13261
13043
13262
13044
13263
13045
13264
13046
13265
13047
13266
13048
13267
13049
13268
13050
13269
13051
13270
13052
13271
13053
13272
13054
13273
13055
13274
13056
13275
13057
13276
13058
13277
13059
13278
13060
13279
13061
13280
13062
13281
13063
13282
13064
13283
13065
13284
13066
13285
13067
13286
13068
13287
13069
13288
13070
13289
13071
13290
13072
13291
13073
13292
13074
13293
13075
13294
13076
13295
13077
13296
13078
13297
13079
13298
13080
13299
13081
13300
13082
13301
13083
13302
13084
13303
13085
13304
13086
13305
13087
13306
13088
13307
13089
13308
13090
13309
13091
13310
13092
13311
13093
13312
13094
13313
13095
13314
13096
13315
13097
13316
13098
13317
13099
13318
13100
13319
13101
13320
13102
13321
13103
13322
13104
13323
13105
13324
13106
13325
13107
13326
13108
13327
13109
13328
13110
13329
13111
13330
13112
13331
13113
13332
13114
13333
13115
13334
13116
13335
13117
13336
13118
13337
13119
13338
13120
13339
13121
13340
13122
13341
13123
13342
13124
13343
13125
13344
13126
13345
13127
13346
13128
13347
13129
13348
13130
13349
13131
13350
13132
13351
13133
13352
13134
13353
13135
13354
13136
13355
13137
13356
13138
13357
13139
13358
13140
13359
13141
13360
13142
13361
13143
13362
13144
13363
13145
13364
13146
13365
13147
13366
13148
13367
13149
13368
13150
13369
13151
13370
13152
13371
13153
13372
13154
13373
13155
13374
13156
13375
13157
13376
13158
13377
13159
13378
13160
13379
13161
13380
13162
13381
13163
13382
13164
13383
13165
13384
13166
13385
13167
13386
13168
13387
13169
13388
13170
13389
13171
13390
13172
13391
13173
13392
13174
13393
13175
13394
13176
13395
13177
13396
13178
13397
13179
13398
13180
13399
13181
13400
13182
13401
13183
13402
13184
13403
13185
13404
13186
13405
13187
13406
13188
13407
13189
13408
13190
13409
13191
13410
13192
13411
13193
13412
13194
13413
13195
13414
13196
13415
13197
13416
13198
13417
13199
13418
13419
13201
13420
14909
13202
13421
13203
13422
13204
13423
13205
13424
13206
13425
13207
13426
13208
13427
13209
13428
13210
13429
13211
13430
13212
13431
13213
13432
13214
13433
13215
13434
13216
13435
13217
13436
13218
13437
13219
13438
13220
13439
13221
13440
13222
13441
13223
13442
13224
13443
13225
13444
13226
13445
13227
13446
13228
13447
13229
13448
13230
13449
13231
13450
13232
13451
13233
13452
13234
13453
13235
13454
13236
13455
13237
13456
13238
13457
13239
13458
13240
13459
13241
13460
13242
13461
13243
13462
13244
13463
13245
13464
13246
13465
13247
13466
13248
13467
13249
13468
13250
13469
13251
13470
13252
13471
13253
13472
13254
13473
13255
13474
13256
13475
13257
13476
13258
13477
13259
13478
13260
13479
13261
13480
13262
13481
13263
13482
13264
13483
13265
13484
13266
13485
13267
13486
13268
13487
13269
13488
13270
13489
13271
13490
13272
13491
13273
13492
13274
13493
13275
13494
13276
13495
13277
13496
13278
13497
13279
13498
13280
13499
13281
13500
13282
13501
13283
13502
13284
13503
13285
13504
13286
13505
13287
13506
13288
13507
13289
13508
13290
13509
13291
13510
13292
13511
13293
13512
13294
13513
13295
13514
13296
13515
13297
13516
13298
13517
13299
13518
13300
13519
13301
13520
13302
13521
13303
13522
13304
13523
13305
13524
13306
13525
13307
13526
13308
13527
13309
13528
13310
13529
13311
13530
13312
13531
13313
13532
13314
13533
13315
13534
13316
13535
13317
13536
13318
13537
13319
13538
13320
13539
13321
13540
13322
13541
13323
13542
13324
13543
13325
13544
13326
13545
13327
13546
13328
13547
13329
13548
13330
13549
13331
13550
13332
13551
13333
13552
13334
13553
13335
13554
13336
13555
13337
13556
13338
13557
13339
13558
13340
13559
13341
13560
13342
13561
13343
13562
13344
13563
13345
13564
13346
13565
13347
13566
13348
13567
13349
13568
13350
13569
13351
13570
13352
13571
13353
13572
13354
13573
13355
13574
13356
13575
13357
13576
13358
13577
13359
13578
13360
13579
13361
13580
13362
13581
13363
13582
13364
13583
13365
13584
13366
13585
13367
13586
13368
13587
13369
13588
13370
13589
13371
13590
13372
13591
13373
13592
13374
13593
13375
13594
13376
13595
13377
13596
13378
13597
13379
13598
13380
13599
13381
13600
13382
13601
13383
13602
13384
13603
13385
13604
13386
13605
13387
13606
13388
13607
13389
13608
13390
13609
13391
13610
13392
13611
13393
13612
13394
13613
13395
13614
13396
13615
13397
13616
13398
13617
13399
13618
13400
13619
13401
13620
13402
13621
13403
13622
13404
13623
13405
13624
13406
13625
13407
13626
13408
13627
13409
13628
13410
13629
13411
13630
13412
13631
13413
13632
13414
13633
13415
13634
13416
13635
13417
13636
13418
13637
13419
13638
13639
13421
13640
14919
13422
13641
13423
13642
13424
13643
13425
13644
13426
13645
13427
13646
13428
13647
13429
13648
13430
13649
13431
13650
13432
13651
13433
13652
13434
13653
13435
13654
13436
13655
13437
13656
13438
13657
13439
13658
13440
13659
13441
13660
13442
13661
13443
13662
13444
13663
13445
13664
13446
13665
13447
13666
13448
13667
13449
13668
13450
13669
13451
13670
13452
13671
13453
13672
13454
13673
13455
13674
13456
13675
13457
13676
13458
13677
13459
13678
13460
13679
13461
13680
13462
13681
13463
13682
13464
13683
13465
13684
13466
13685
13467
13686
13468
13687
13469
13688
13470
13689
13471
13690
13472
13691
13473
13692
13474
13693
13475
13694
13476
13695
13477
13696
13478
13697
13479
13698
13480
13699
13481
13700
13482
13701
13483
13702
13484
13703
13485
13704
13486
13705
13487
13706
13488
13707
13489
13708
13490
13709
13491
13710
13492
13711
13493
13712
13494
13713
13495
13714
13496
13715
13497
13716
13498
13717
13499
13718
13500
13719
13501
13720
13502
13721
13503
13722
13504
13723
13505
13724
13506
13725
13507
13726
13508
13727
13509
13728
13510
13729
13511
13730
13512
13731
13513
13732
13514
13733
13515
13734
13516
13735
13517
13736
13518
13737
13519
13738
13520
13739
13521
13740
13522
13741
13523
13742
13524
13743
13525
13744
13526
13745
13527
13746
13528
13747
13529
13748
13530
13749
13531
13750
13532
13751
13533
13752
13534
13753
13535
13754
13536
13755
13537
13756
13538
13757
13539
13758
13540
13759
13541
13760
13542
13761
13543
13762
13544
13763
13545
13764
13546
13765
13547
13766
13548
13767
13549
13768
13550
13769
13551
13770
13552
13771
13553
13772
13554
13773
13555
13774
13556
13775
13557
13776
13558
13777
13559
13778
13560
13779
13561
13780
13562
13781
13563
13782
13564
13783
13565
13784
13566
13785
13567
13786
13568
13787
13569
13788
13570
13789
13571
13790
13572
13791
13573
13792
13574
13793
13575
13794
13576
13795
13577
13796
13578
13797
13579
13798
13580
13799
13581
13800
13582
13801
13583
13802
13584
13803
13585
13804
13586
13805
13587
13806
13588
13807
13589
13808
13590
13809
13591
13810
13592
13811
13593
13812
13594
13813
13595
13814
13596
13815
13597
13816
13598
13817
13599
13818
13600
13819
13601
13820
13602
13821
13603
13822
13604
13823
13605
13824
13606
13825
13607
13826
13608
13827
13609
13828
13610
13829
13611
13830
13612
13831
13613
13832
13614
13833
13615
13834
13616
13835
13617
13836
13618
13837
13619
13838
13620
13839
13621
13840
13622
13841
13623
13842
13624
13843
13625
13844
13626
13845
13627
13846
13628
13847
13629
13848
13630
13849
13631
13850
13632
13851
13633
13852
13634
13853
13635
13854
13636
13855
13637
13856
13638
13857
13639
13858
13859
13641
13860
14929
13642
13861
13643
13862
13644
13863
13645
13864
13646
13865
13647
13866
13648
13867
13649
13868
13650
13869
13651
13870
13652
13871
13653
13872
13654
13873
13655
13874
13656
13875
13657
13876
13658
13877
13659
13878
13660
13879
13661
13880
13662
13881
13663
13882
13664
13883
13665
13884
13666
13885
13667
13886
13668
13887
13669
13888
13670
13889
13671
13890
13672
13891
13673
13892
13674
13893
13675
13894
13676
13895
13677
13896
13678
13897
13679
13898
13680
13899
13681
13900
13682
13901
13683
13902
13684
13903
13685
13904
13686
13905
13687
13906
13688
13907
13689
13908
13690
13909
13691
13910
13692
13911
13693
13912
13694
13913
13695
13914
13696
13915
13697
13916
13698
13917
13699
13918
13700
13919
13701
13920
13702
13921
13703
13922
13704
13923
13705
13924
13706
13925
13707
13926
13708
13927
13709
13928
13710
13929
13711
13930
13712
13931
13713
13932
13714
13933
13715
13934
13716
13935
13717
13936
13718
13937
13719
13938
13720
13939
13721
13940
13722
13941
13723
13942
13724
13943
13725
13944
13726
13945
13727
13946
13728
13947
13729
13948
13730
13949
13731
13950
13732
13951
13733
13952
13734
13953
13735
13954
13736
13955
13737
13956
13738
13957
13739
13958
13740
13959
13741
13960
13742
13961
13743
13962
13744
13963
13745
13964
13746
13965
13747
13966
13748
13967
13749
13968
13750
13969
13751
13970
13752
13971
13753
13972
13754
13973
13755
13974
13756
13975
13757
13976
13758
13977
13759
13978
13760
13979
13761
13980
13762
13981
13763
13982
13764
13983
13765
13984
13766
13985
13767
13986
13768
13987
13769
13988
13770
13989
13771
13990
13772
13991
13773
13992
13774
13993
13775
13994
13776
13995
13777
13996
13778
13997
13779
13998
13780
13999
13781
14000
13782
14001
13783
14002
13784
14003
13785
14004
13786
14005
13787
14006
13788
14007
13789
14008
13790
14009
13791
14010
13792
14011
13793
14012
13794
14013
13795
14014
13796
14015
13797
14016
13798
14017
13799
14018
13800
14019
13801
14020
13802
14021
13803
14022
13804
14023
13805
14024
13806
14025
13807
14026
13808
14027
13809
14028
13810
14029
13811
14030
13812
14031
13813
14032
13814
14033
13815
14034
13816
14035
13817
14036
13818
14037
13819
14038
13820
14039
13821
14040
13822
14041
13823
14042
13824
14043
13825
14044
13826
14045
13827
14046
13828
14047
13829
14048
13830
14049
13831
14050
13832
14051
13833
14052
13834
14053
13835
14054
13836
14055
13837
14056
13838
14057
13839
14058
13840
14059
13841
14060
13842
14061
13843
14062
13844
14063
13845
14064
13846
14065
13847
14066
13848
14067
13849
14068
13850
14069
13851
14070
13852
14071
13853
14072
13854
14073
13855
14074
13856
14075
13857
14076
13858
14077
13859
14078
14079
13861
14080
14939
13862
14081
13863
14082
13864
14083
13865
14084
13866
14085
13867
14086
13868
14087
13869
14088
13870
14089
13871
14090
13872
14091
13873
14092
13874
14093
13875
14094
13876
14095
13877
14096
13878
14097
13879
14098
13880
14099
13881
14100
13882
14101
13883
14102
13884
14103
13885
14104
13886
14105
13887
14106
13888
14107
13889
14108
13890
14109
13891
14110
13892
14111
13893
14112
13894
14113
13895
14114
13896
14115
13897
14116
13898
14117
13899
14118
13900
14119
13901
14120
13902
14121
13903
14122
13904
14123
13905
14124
13906
14125
13907
14126
13908
14127
13909
14128
13910
14129
13911
14130
13912
14131
13913
14132
13914
14133
13915
14134
13916
14135
13917
14136
13918
14137
13919
14138
13920
14139
13921
14140
13922
14141
13923
14142
13924
14143
13925
14144
13926
14145
13927
14146
13928
14147
13929
14148
13930
14149
13931
14150
13932
14151
13933
14152
13934
14153
13935
14154
13936
14155
13937
14156
13938
14157
13939
14158
13940
14159
13941
14160
13942
14161
13943
14162
13944
14163
13945
14164
13946
14165
13947
14166
13948
14167
13949
14168
13950
14169
13951
14170
13952
14171
13953
14172
13954
14173
13955
14174
13956
14175
13957
14176
13958
14177
13959
14178
13960
14179
13961
14180
13962
14181
13963
14182
13964
14183
13965
14184
13966
14185
13967
14186
13968
14187
13969
14188
13970
14189
13971
14190
13972
14191
13973
14192
13974
14193
13975
14194
13976
14195
13977
14196
13978
14197
13979
14198
13980
14199
13981
14200
13982
14201
13983
14202
13984
14203
13985
14204
13986
14205
13987
14206
13988
14207
13989
14208
13990
14209
13991
14210
13992
14211
13993
14212
13994
14213
13995
14214
13996
14215
13997
14216
13998
14217
13999
14218
14000
14219
14001
14220
14002
14221
14003
14222
14004
14223
14005
14224
14006
14225
14007
14226
14008
14227
14009
14228
14010
14229
14011
14230
14012
14231
14013
14232
14014
14233
14015
14234
14016
14235
14017
14236
14018
14237
14019
14238
14020
14239
14021
14240
14022
14241
14023
14242
14024
14243
14025
14244
14026
14245
14027
14246
14028
14247
14029
14248
14030
14249
14031
14250
14032
14251
14033
14252
14034
14253
14035
14254
14036
14255
14037
14256
14038
14257
14039
14258
14040
14259
14041
14260
14042
14261
14043
14262
14044
14263
14045
14264
14046
14265
14047
14266
14048
14267
14049
14268
14050
14269
14051
14270
14052
14271
14053
14272
14054
14273
14055
14274
14056
14275
14057
14276
14058
14277
14059
14278
14060
14279
14061
14280
14062
14281
14063
14282
14064
14283
14065
14284
14066
14285
14067
14286
14068
14287
14069
14288
14070
14289
14071
14290
14072
14291
14073
14292
14074
14293
14075
14294
14076
14295
14077
14296
14078
14297
14079
14298
14299
14081
14949
14082
14083
14084
14085
14086
14087
14088
14089
14090
14091
14092
14093
14094
14095
14096
14097
14098
14099
14100
14101
14102
14103
14104
14105
14106
14107
14108
14109
14110
14111
14112
14113
14114
14115
14116
14117
14118
14119
14120
14121
14122
14123
14124
14125
14126
14127
14128
14129
14130
14131
14132
14133
14134
14135
14136
14137
14138
14139
14140
14141
14142
14143
14144
14145
14146
14147
14148
14149
14150
14151
14152
14153
14154
14155
14156
14157
14158
14159
14160
14161
14162
14163
14164
14165
14166
14167
14168
14169
14170
14171
14172
14173
14174
14175
14176
14177
14178
14179
14180
14181
14182
14183
14184
14185
14186
14187
14188
14189
14190
14191
14192
14193
14194
14195
14196
14197
14198
14199
14200
14201
14202
14203
14204
14205
14206
14207
14208
14209
14210
14211
14212
14213
14214
14215
14216
14217
14218
14219
14220
14221
14222
14223
14224
14225
14226
14227
14228
14229
14230
14231
14232
14233
14234
14235
14236
14237
14238
14239
14240
14241
14242
14243
14244
14245
14246
14247
14248
14249
14250
14251
14252
14253
14254
14255
14256
14257
14258
14259
14260
14261
14262
14263
14264
14265
14266
14267
14268
14269
14270
14271
14272
14273
14274
14275
14276
14277
14278
14279
14280
14281
14282
14283
14284
14285
14286
14287
14288
14289
14290
14291
14292
14293
14294
14295
14296
14297
14298
14299
14301
14310
14994
18045
14302
14311
18046
14303
14312
18047
14304
14313
18048
14305
14314
18049
14306
14315
18050
14307
14316
18051
14308
14317
18052
14309
14318
18053
14319
18054
14311
14320
15039
14312
14321
14313
14322
14314
14323
14315
14324
14316
14325
14317
14326
14318
14327
14319
14328
14329
14321
14330
15084
14322
14331
14323
14332
14324
14333
14325
14334
14326
14335
14327
14336
14328
14337
14329
14338
14339
14331
14340
15129
14332
14341
14333
14342
14334
14343
14335
14344
14336
14345
14337
14346
14338
14347
14339
14348
14349
14341
14350
15174
14342
14351
14343
14352
14344
14353
14345
14354
14346
14355
14347
14356
14348
14357
14349
14358
14359
14351
14360
15219
14352
14361
14353
14362
14354
14363
14355
14364
14356
14365
14357
14366
14358
14367
14359
14368
14369
14361
14370
15264
14362
14371
14363
14372
14364
14373
14365
14374
14366
14375
14367
14376
14368
14377
14369
14378
14379
14371
14380
15309
14372
14381
14373
14382
14374
14383
14375
14384
14376
14385
14377
14386
14378
14387
14379
14388
14389
14381
14390
15354
14382
14391
14383
14392
14384
14393
14385
14394
14386
14395
14387
14396
14388
14397
14389
14398
14399
14391
14400
15399
14392
14401
14393
14402
14394
14403
14395
14404
14396
14405
14397
14406
14398
14407
14399
14408
14409
14401
14410
15444
14402
14411
14403
14412
14404
14413
14405
14414
14406
14415
14407
14416
14408
14417
14409
14418
14419
14411
14420
15489
14412
14421
14413
14422
14414
14423
14415
14424
14416
14425
14417
14426
14418
14427
14419
14428
14429
14421
14430
15534
14422
14431
14423
14432
14424
14433
14425
14434
14426
14435
14427
14436
14428
14437
14429
14438
14439
14431
14440
15579
14432
14441
14433
14442
14434
14443
14435
14444
14436
14445
14437
14446
14438
14447
14439
14448
14449
14441
14450
15624
14442
14451
14443
14452
14444
14453
14445
14454
14446
14455
14447
14456
14448
14457
14449
14458
14459
14451
14460
15669
14452
14461
14453
14462
14454
14463
14455
14464
14456
14465
14457
14466
14458
14467
14459
14468
14469
14461
14470
15714
14462
14471
14463
14472
14464
14473
14465
14474
14466
14475
14467
14476
14468
14477
14469
14478
14479
14471
14480
15759
14472
14481
14473
14482
14474
14483
14475
14484
14476
14485
14477
14486
14478
14487
14479
14488
14489
14481
14490
15804
14482
14491
14483
14492
14484
14493
14485
14494
14486
14495
14487
14496
14488
14497
14489
14498
14499
14491
14500
15849
14492
14501
14493
14502
14494
14503
14495
14504
14496
14505
14497
14506
14498
14507
14499
14508
14509
14501
14510
15894
14502
14511
14503
14512
14504
14513
14505
14514
14506
14515
14507
14516
14508
14517
14509
14518
14519
14511
14520
15939
14512
14521
14513
14522
14514
14523
14515
14524
14516
14525
14517
14526
14518
14527
14519
14528
14529
14521
14530
15984
14522
14531
14523
14532
14524
14533
14525
14534
14526
14535
14527
14536
14528
14537
14529
14538
14539
14531
14540
16029
14532
14541
14533
14542
14534
14543
14535
14544
14536
14545
14537
14546
14538
14547
14539
14548
14549
14541
14550
16074
14542
14551
14543
14552
14544
14553
14545
14554
14546
14555
14547
14556
14548
14557
14549
14558
14559
14551
14560
16119
14552
14561
14553
14562
14554
14563
14555
14564
14556
14565
14557
14566
14558
14567
14559
14568
14569
14561
14570
16164
14562
14571
14563
14572
14564
14573
14565
14574
14566
14575
14567
14576
14568
14577
14569
14578
14579
14571
14580
16209
14572
14581
14573
14582
14574
14583
14575
14584
14576
14585
14577
14586
14578
14587
14579
14588
14589
14581
14590
16254
14582
14591
14583
14592
14584
14593
14585
14594
14586
14595
14587
14596
14588
14597
14589
14598
14599
14591
14600
16299
14592
14601
14593
14602
14594
14603
14595
14604
14596
14605
14597
14606
14598
14607
14599
14608
14609
14601
14610
16344
14602
14611
14603
14612
14604
14613
14605
14614
14606
14615
14607
14616
14608
14617
14609
14618
14619
14611
14620
16389
14612
14621
14613
14622
14614
14623
14615
14624
14616
14625
14617
14626
14618
14627
14619
14628
14629
14621
14630
16434
14622
14631
14623
14632
14624
14633
14625
14634
14626
14635
14627
14636
14628
14637
14629
14638
14639
14631
14640
16479
14632
14641
14633
14642
14634
14643
14635
14644
14636
14645
14637
14646
14638
14647
14639
14648
14649
14641
14650
16524
14642
14651
14643
14652
14644
14653
14645
14654
14646
14655
14647
14656
14648
14657
14649
14658
14659
14651
14660
16569
14652
14661
14653
14662
14654
14663
14655
14664
14656
14665
14657
14666
14658
14667
14659
14668
14669
14661
14670
16614
14662
14671
14663
14672
14664
14673
14665
14674
14666
14675
14667
14676
14668
14677
14669
14678
14679
14671
14680
16659
14672
14681
14673
14682
14674
14683
14675
14684
14676
14685
14677
14686
14678
14687
14679
14688
14689
14681
14690
16704
14682
14691
14683
14692
14684
14693
14685
14694
14686
14695
14687
14696
14688
14697
14689
14698
14699
14691
14700
16749
14692
14701
14693
14702
14694
14703
14695
14704
14696
14705
14697
14706
14698
14707
14699
14708
14709
14701
14710
16794
14702
14711
14703
14712
14704
14713
14705
14714
14706
14715
14707
14716
14708
14717
14709
14718
14719
14711
14720
16839
14712
14721
14713
14722
14714
14723
14715
14724
14716
14725
14717
14726
14718
14727
14719
14728
14729
14721
14730
16884
14722
14731
14723
14732
14724
14733
14725
14734
14726
14735
14727
14736
14728
14737
14729
14738
14739
14731
14740
16929
14732
14741
14733
14742
14734
14743
14735
14744
14736
14745
14737
14746
14738
14747
14739
14748
14749
14741
14750
16974
14742
14751
14743
14752
14744
14753
14745
14754
14746
14755
14747
14756
14748
14757
14749
14758
14759
14751
14760
17019
14752
14761
14753
14762
14754
14763
14755
14764
14756
14765
14757
14766
14758
14767
14759
14768
14769
14761
14770
17064
14762
14771
14763
14772
14764
14773
14765
14774
14766
14775
14767
14776
14768
14777
14769
14778
14779
14771
14780
17109
14772
14781
14773
14782
14774
14783
14775
14784
14776
14785
14777
14786
14778
14787
14779
14788
14789
14781
14790
17154
14782
14791
14783
14792
14784
14793
14785
14794
14786
14795
14787
14796
14788
14797
14789
14798
14799
14791
14800
17199
14792
14801
14793
14802
14794
14803
14795
14804
14796
14805
14797
14806
14798
14807
14799
14808
14809
14801
14810
17244
14802
14811
14803
14812
14804
14813
14805
14814
14806
14815
14807
14816
14808
14817
14809
14818
14819
14811
14820
17289
14812
14821
14813
14822
14814
14823
14815
14824
14816
14825
14817
14826
14818
14827
14819
14828
14829
14821
14830
17334
14822
14831
14823
14832
14824
14833
14825
14834
14826
14835
14827
14836
14828
14837
14829
14838
14839
14831
14840
17379
14832
14841
14833
14842
14834
14843
14835
14844
14836
14845
14837
14846
14838
14847
14839
14848
14849
14841
14850
17424
14842
14851
14843
14852
14844
14853
14845
14854
14846
14855
14847
14856
14848
14857
14849
14858
14859
14851
14860
17469
14852
14861
14853
14862
14854
14863
14855
14864
14856
14865
14857
14866
14858
14867
14859
14868
14869
14861
14870
17514
14862
14871
14863
14872
14864
14873
14865
14874
14866
14875
14867
14876
14868
14877
14869
14878
14879
14871
14880
17559
14872
14881
14873
14882
14874
14883
14875
14884
14876
14885
14877
14886
14878
14887
14879
14888
14889
14881
14890
17604
14882
14891
14883
14892
14884
14893
14885
14894
14886
14895
14887
14896
14888
14897
14889
14898
14899
14891
14900
17649
14892
14901
14893
14902
14894
14903
14895
14904
14896
14905
14897
14906
14898
14907
14899
14908
14909
14901
14910
17694
14902
14911
14903
14912
14904
14913
14905
14914
14906
14915
14907
14916
14908
14917
14909
14918
14919
14911
14920
17739
14912
14921
14913
14922
14914
14923
14915
14924
14916
14925
14917
14926
14918
14927
14919
14928
14929
14921
14930
17784
14922
14931
14923
14932
14924
14933
14925
14934
14926
14935
14927
14936
14928
14937
14929
14938
14939
14931
14940
17829
14932
14941
14933
14942
14934
14943
14935
14944
14936
14945
14937
14946
14938
14947
14939
14948
14949
14941
17874
14942
14943
14944
14945
14946
14947
14948
14949
14951
14995
14952
14996
14953
14997
14954
14998
14955
14999
14956
15000
14957
15001
14958
15002
14959
15003
14960
15004
14961
15005
14962
15006
14963
15007
14964
15008
14965
15009
14966
15010
14967
15011
14968
15012
14969
15013
14970
15014
14971
15015
14972
15016
14973
15017
14974
15018
14975
15019
14976
15020
14977
15021
14978
15022
14979
15023
14980
15024
14981
15025
14982
15026
14983
15027
14984
15028
14985
15029
14986
15030
14987
15031
14988
15032
14989
15033
14990
15034
14991
15035
14992
15036
14993
15037
14994
15038
15039
14996
15040
14997
15041
14998
15042
14999
15043
15000
15044
15001
15045
15002
15046
15003
15047
15004
15048
15005
15049
15006
15050
15007
15051
15008
15052
15009
15053
15010
15054
15011
15055
15012
15056
15013
15057
15014
15058
15015
15059
15016
15060
15017
15061
15018
15062
15019
15063
15020
15064
15021
15065
15022
15066
15023
15067
15024
15068
15025
15069
15026
15070
15027
15071
15028
15072
15029
15073
15030
15074
15031
15075
15032
15076
15033
15077
15034
15078
15035
15079
15036
15080
15037
15081
15038
15082
15039
15083
15084
15041
15085
15042
15086
15043
15087
15044
15088
15045
15089
15046
15090
15047
15091
15048
15092
15049
15093
15050
15094
15051
15095
15052
15096
15053
15097
15054
15098
15055
15099
15056
15100
15057
15101
15058
15102
15059
15103
15060
15104
15061
15105
15062
15106
15063
15107
15064
15108
15065
15109
15066
15110
15067
15111
15068
15112
15069
15113
15070
15114
15071
15115
15072
15116
15073
15117
15074
15118
15075
15119
15076
15120
15077
15121
15078
15122
15079
15123
15080
15124
15081
15125
15082
15126
15083
15127
15084
15128
15129
15086
15130
15087
15131
15088
15132
15089
15133
15090
15134
15091
15135
15092
15136
15093
15137
15094
15138
15095
15139
15096
15140
15097
15141
15098
15142
15099
15143
15100
15144
15101
15145
15102
15146
15103
15147
15104
15148
15105
15149
15106
15150
15107
15151
15108
15152
15109
15153
15110
15154
15111
15155
15112
15156
15113
15157
15114
15158
15115
15159
15116
15160
15117
15161
15118
15162
15119
15163
15120
15164
15121
15165
15122
15166
15123
15167
15124
15168
15125
15169
15126
15170
15127
15171
15128
15172
15129
15173
15174
15131
15175
15132
15176
15133
15177
15134
15178
15135
15179
15136
15180
15137
15181
15138
15182
15139
15183
15140
15184
15141
15185
15142
15186
15143
15187
15144
15188
15145
15189
15146
15190
15147
15191
15148
15192
15149
15193
15150
15194
15151
15195
15152
15196
15153
15197
15154
15198
15155
15199
15156
15200
15157
15201
15158
15202
15159
15203
15160
15204
15161
15205
15162
15206
15163
15207
15164
15208
15165
15209
15166
15210
15167
15211
15168
15212
15169
15213
15170
15214
15171
15215
15172
15216
15173
15217
15174
15218
15219
15176
15220
15177
15221
15178
15222
15179
15223
15180
15224
15181
15225
15182
15226
15183
15227
15184
15228
15185
15229
15186
15230
15187
15231
15188
15232
15189
15233
15190
15234
15191
15235
15192
15236
15193
15237
15194
15238
15195
15239
15196
15240
15197
15241
15198
15242
15199
15243
15200
15244
15201
15245
15202
15246
15203
15247
15204
15248
15205
15249
15206
15250
15207
15251
15208
15252
15209
15253
15210
15254
15211
15255
15212
15256
15213
15257
15214
15258
15215
15259
15216
15260
15217
15261
15218
15262
15219
15263
15264
15221
15265
15222
15266
15223
15267
15224
15268
15225
15269
15226
15270
15227
15271
15228
15272
15229
15273
15230
15274
15231
15275
15232
15276
15233
15277
15234
15278
15235
15279
15236
15280
15237
15281
15238
15282
15239
15283
15240
15284
15241
15285
15242
15286
15243
15287
15244
15288
15245
15289
15246
15290
15247
15291
15248
15292
15249
15293
15250
15294
15251
15295
15252
15296
15253
15297
15254
15298
15255
15299
15256
15300
15257
15301
15258
15302
15259
15303
15260
15304
15261
15305
15262
15306
15263
15307
15264
15308
15309
15266
15310
15267
15311
15268
15312
15269
15313
15270
15314
15271
15315
15272
15316
15273
15317
15274
15318
15275
15319
15276
15320
15277
15321
15278
15322
15279
15323
15280
15324
15281
15325
15282
15326
15283
15327
15284
15328
15285
15329
15286
15330
15287
15331
15288
15332
15289
15333
15290
15334
15291
15335
15292
15336
15293
15337
15294
15338
15295
15339
15296
15340
15297
15341
15298
15342
15299
15343
15300
15344
15301
15345
15302
15346
15303
15347
15304
15348
15305
15349
15306
15350
15307
15351
15308
15352
15309
15353
15354
15311
15355
15312
15356
15313
15357
15314
15358
15315
15359
15316
15360
15317
15361
15318
15362
15319
15363
15320
15364
15321
15365
15322
15366
15323
15367
15324
15368
15325
15369
15326
15370
15327
15371
15328
15372
15329
15373
15330
15374
15331
15375
15332
15376
15333
15377
15334
15378
15335
15379
15336
15380
15337
15381
15338
15382
15339
15383
15340
15384
15341
15385
15342
15386
15343
15387
15344
15388
15345
15389
15346
15390
15347
15391
15348
15392
15349
15393
15350
15394
15351
15395
15352
15396
15353
15397
15354
15398
15399
15356
15400
15357
15401
15358
15402
15359
15403
15360
15404
15361
15405
15362
15406
15363
15407
15364
15408
15365
15409
15366
15410
15367
15411
15368
15412
15369
15413
15370
15414
15371
15415
15372
15416
15373
15417
15374
15418
15375
15419
15376
15420
15377
15421
15378
15422
15379
15423
15380
15424
15381
15425
15382
15426
15383
15427
15384
15428
15385
15429
15386
15430
15387
15431
15388
15432
15389
15433
15390
15434
15391
15435
15392
15436
15393
15437
15394
15438
15395
15439
15396
15440
15397
15441
15398
15442
15399
15443
15444
15401
15445
15402
15446
15403
15447
15404
15448
15405
15449
15406
15450
15407
15451
15408
15452
15409
15453
15410
15454
15411
15455
15412
15456
15413
15457
15414
15458
15415
15459
15416
15460
15417
15461
15418
15462
15419
15463
15420
15464
15421
15465
15422
15466
15423
15467
15424
15468
15425
15469
15426
15470
15427
15471
15428
15472
15429
15473
15430
15474
15431
15475
15432
15476
15433
15477
15434
15478
15435
15479
15436
15480
15437
15481
15438
15482
15439
15483
15440
15484
15441
15485
15442
15486
15443
15487
15444
15488
15489
15446
15490
15447
15491
15448
15492
15449
15493
15450
15494
15451
15495
15452
15496
15453
15497
15454
15498
15455
15499
15456
15500
15457
15501
15458
15502
15459
15503
15460
15504
15461
15505
15462
15506
15463
15507
15464
15508
15465
15509
15466
15510
15467
15511
15468
15512
15469
15513
15470
15514
15471
15515
15472
15516
15473
15517
15474
15518
15475
15519
15476
15520
15477
15521
15478
15522
15479
15523
15480
15524
15481
15525
15482
15526
15483
15527
15484
15528
15485
15529
15486
15530
15487
15531
15488
15532
15489
15533
15534
15491
15535
15492
15536
15493
15537
15494
15538
15495
15539
15496
15540
15497
15541
15498
15542
15499
15543
15500
15544
15501
15545
15502
15546
15503
15547
15504
15548
15505
15549
15506
15550
15507
15551
15508
15552
15509
15553
15510
15554
15511
15555
15512
15556
15513
15557
15514
15558
15515
15559
15516
15560
15517
15561
15518
15562
15519
15563
15520
15564
15521
15565
15522
15566
15523
15567
15524
15568
15525
15569
15526
15570
15527
15571
15528
15572
15529
15573
15530
15574
15531
15575
15532
15576
15533
15577
15534
15578
15579
15536
15580
15537
15581
15538
15582
15539
15583
15540
15584
15541
15585
15542
15586
15543
15587
15544
15588
15545
15589
15546
15590
15547
15591
15548
15592
15549
15593
15550
15594
15551
15595
15552
15596
15553
15597
15554
15598
15555
15599
15556
15600
15557
15601
15558
15602
15559
15603
15560
15604
15561
15605
15562
15606
15563
15607
15564
15608
15565
15609
15566
15610
15567
15611
15568
15612
15569
15613
15570
15614
15571
15615
15572
15616
15573
15617
15574
15618
15575
15619
15576
15620
15577
15621
15578
15622
15579
15623
15624
15581
15625
15582
15626
15583
15627
15584
15628
15585
15629
15586
15630
15587
15631
15588
15632
15589
15633
15590
15634
15591
15635
15592
15636
15593
15637
15594
15638
15595
15639
15596
15640
15597
15641
15598
15642
15599
15643
15600
15644
15601
15645
15602
15646
15603
15647
15604
15648
15605
15649
15606
15650
15607
15651
15608
15652
15609
15653
15610
15654
15611
15655
15612
15656
15613
15657
15614
15658
15615
15659
15616
15660
15617
15661
15618
15662
15619
15663
15620
15664
15621
15665
15622
15666
15623
15667
15624
15668
15669
15626
15670
15627
15671
15628
15672
15629
15673
15630
15674
15631
15675
15632
15676
15633
15677
15634
15678
15635
15679
15636
15680
15637
15681
15638
15682
15639
15683
15640
15684
15641
15685
15642
15686
15643
15687
15644
15688
15645
15689
15646
15690
15647
15691
15648
15692
15649
15693
15650
15694
15651
15695
15652
15696
15653
15697
15654
15698
15655
15699
15656
15700
15657
15701
15658
15702
15659
15703
15660
15704
15661
15705
15662
15706
15663
15707
15664
15708
15665
15709
15666
15710
15667
15711
15668
15712
15669
15713
15714
15671
15715
15672
15716
15673
15717
15674
15718
15675
15719
15676
15720
15677
15721
15678
15722
15679
15723
15680
15724
15681
15725
15682
15726
15683
15727
15684
15728
15685
15729
15686
15730
15687
15731
15688
15732
15689
15733
15690
15734
15691
15735
15692
15736
15693
15737
15694
15738
15695
15739
15696
15740
15697
15741
15698
15742
15699
15743
15700
15744
15701
15745
15702
15746
15703
15747
15704
15748
15705
15749
15706
15750
15707
15751
15708
15752
15709
15753
15710
15754
15711
15755
15712
15756
15713
15757
15714
15758
15759
15716
15760
15717
15761
15718
15762
15719
15763
15720
15764
15721
15765
15722
15766
15723
15767
15724
15768
15725
15769
15726
15770
15727
15771
15728
15772
15729
15773
15730
15774
15731
15775
15732
15776
15733
15777
15734
15778
15735
15779
15736
15780
15737
15781
15738
15782
15739
15783
15740
15784
15741
15785
15742
15786
15743
15787
15744
15788
15745
15789
15746
15790
15747
15791
15748
15792
15749
15793
15750
15794
15751
15795
15752
15796
15753
15797
15754
15798
15755
15799
15756
15800
15757
15801
15758
15802
15759
15803
15804
15761
15805
15762
15806
15763
15807
15764
15808
15765
15809
15766
15810
15767
15811
15768
15812
15769
15813
15770
15814
15771
15815
15772
15816
15773
15817
15774
15818
15775
15819
15776
15820
15777
15821
15778
15822
15779
15823
15780
15824
15781
15825
15782
15826
15783
15827
15784
15828
15785
15829
15786
15830
15787
15831
15788
15832
15789
15833
15790
15834
15791
15835
15792
15836
15793
15837
15794
15838
15795
15839
15796
15840
15797
15841
15798
15842
15799
15843
15800
15844
15801
15845
15802
15846
15803
15847
15804
15848
15849
15806
15850
15807
15851
15808
15852
15809
15853
15810
15854
15811
15855
15812
15856
15813
15857
15814
15858
15815
15859
15816
15860
15817
15861
15818
15862
15819
15863
15820
15864
15821
15865
15822
15866
15823
15867
15824
15868
15825
15869
15826
15870
15827
15871
15828
15872
15829
15873
15830
15874
15831
15875
15832
15876
15833
15877
15834
15878
15835
15879
15836
15880
15837
15881
15838
15882
15839
15883
15840
15884
15841
15885
15842
15886
15843
15887
15844
15888
15845
15889
15846
15890
15847
15891
15848
15892
15849
15893
15894
15851
15895
15852
15896
15853
15897
15854
15898
15855
15899
15856
15900
15857
15901
15858
15902
15859
15903
15860
15904
15861
15905
15862
15906
15863
15907
15864
15908
15865
15909
15866
15910
15867
15911
15868
15912
15869
15913
15870
15914
15871
15915
15872
15916
15873
15917
15874
15918
15875
15919
15876
15920
15877
15921
15878
15922
15879
15923
15880
15924
15881
15925
15882
15926
15883
15927
15884
15928
15885
15929
15886
15930
15887
15931
15888
15932
15889
15933
15890
15934
15891
15935
15892
15936
15893
15937
15894
15938
15939
15896
15940
15897
15941
15898
15942
15899
15943
15900
15944
15901
15945
15902
15946
15903
15947
15904
15948
15905
15949
15906
15950
15907
15951
15908
15952
15909
15953
15910
15954
15911
15955
15912
15956
15913
15957
15914
15958
15915
15959
15916
15960
15917
15961
15918
15962
15919
15963
15920
15964
15921
15965
15922
15966
15923
15967
15924
15968
15925
15969
15926
15970
15927
15971
15928
15972
15929
15973
15930
15974
15931
15975
15932
15976
15933
15977
15934
15978
15935
15979
15936
15980
15937
15981
15938
15982
15939
15983
15984
15941
15985
15942
15986
15943
15987
15944
15988
15945
15989
15946
15990
15947
15991
15948
15992
15949
15993
15950
15994
15951
15995
15952
15996
15953
15997
15954
15998
15955
15999
15956
16000
15957
16001
15958
16002
15959
16003
15960
16004
15961
16005
15962
16006
15963
16007
15964
16008
15965
16009
15966
16010
15967
16011
15968
16012
15969
16013
15970
16014
15971
16015
15972
16016
15973
16017
15974
16018
15975
16019
15976
16020
15977
16021
15978
16022
15979
16023
15980
16024
15981
16025
15982
16026
15983
16027
15984
16028
16029
15986
16030
15987
16031
15988
16032
15989
16033
15990
16034
15991
16035
15992
16036
15993
16037
15994
16038
15995
16039
15996
16040
15997
16041
15998
16042
15999
16043
16000
16044
16001
16045
16002
16046
16003
16047
16004
16048
16005
16049
16006
16050
16007
16051
16008
16052
16009
16053
16010
16054
16011
16055
16012
16056
16013
16057
16014
16058
16015
16059
16016
16060
16017
16061
16018
16062
16019
16063
16020
16064
16021
16065
16022
16066
16023
16067
16024
16068
16025
16069
16026
16070
16027
16071
16028
16072
16029
16073
16074
16031
16075
16032
16076
16033
16077
16034
16078
16035
16079
16036
16080
16037
16081
16038
16082
16039
16083
16040
16084
16041
16085
16042
16086
16043
16087
16044
16088
16045
16089
16046
16090
16047
16091
16048
16092
16049
16093
16050
16094
16051
16095
16052
16096
16053
16097
16054
16098
16055
16099
16056
16100
16057
16101
16058
16102
16059
16103
16060
16104
16061
16105
16062
16106
16063
16107
16064
16108
16065
16109
16066
16110
16067
16111
16068
16112
16069
16113
16070
16114
16071
16115
16072
16116
16073
16117
16074
16118
16119
16076
16120
16077
16121
16078
16122
16079
16123
16080
16124
16081
16125
16082
16126
16083
16127
16084
16128
16085
16129
16086
16130
16087
16131
16088
16132
16089
16133
16090
16134
16091
16135
16092
16136
16093
16137
16094
16138
16095
16139
16096
16140
16097
16141
16098
16142
16099
16143
16100
16144
16101
16145
16102
16146
16103
16147
16104
16148
16105
16149
16106
16150
16107
16151
16108
16152
16109
16153
16110
16154
16111
16155
16112
16156
16113
16157
16114
16158
16115
16159
16116
16160
16117
16161
16118
16162
16119
16163
16164
16121
16165
16122
16166
16123
16167
16124
16168
16125
16169
16126
16170
16127
16171
16128
16172
16129
16173
16130
16174
16131
16175
16132
16176
16133
16177
16134
16178
16135
16179
16136
16180
16137
16181
16138
16182
16139
16183
16140
16184
16141
16185
16142
16186
16143
16187
16144
16188
16145
16189
16146
16190
16147
16191
16148
16192
16149
16193
16150
16194
16151
16195
16152
16196
16153
16197
16154
16198
16155
16199
16156
16200
16157
16201
16158
16202
16159
16203
16160
16204
16161
16205
16162
16206
16163
16207
16164
16208
16209
16166
16210
16167
16211
16168
16212
16169
16213
16170
16214
16171
16215
16172
16216
16173
16217
16174
16218
16175
16219
16176
16220
16177
16221
16178
16222
16179
16223
16180
16224
16181
16225
16182
16226
16183
16227
16184
16228
16185
16229
16186
16230
16187
16231
16188
16232
16189
16233
16190
16234
16191
16235
16192
16236
16193
16237
16194
16238
16195
16239
16196
16240
16197
16241
16198
16242
16199
16243
16200
16244
16201
16245
16202
16246
16203
16247
16204
16248
16205
16249
16206
16250
16207
16251
16208
16252
16209
16253
16254
16211
16255
16212
16256
16213
16257
16214
16258
16215
16259
16216
16260
16217
16261
16218
16262
16219
16263
16220
16264
16221
16265
16222
16266
16223
16267
16224
16268
16225
16269
16226
16270
16227
16271
16228
16272
16229
16273
16230
16274
16231
16275
16232
16276
16233
16277
16234
16278
16235
16279
16236
16280
16237
16281
16238
16282
16239
16283
16240
16284
16241
16285
16242
16286
16243
16287
16244
16288
16245
16289
16246
16290
16247
16291
16248
16292
16249
16293
16250
16294
16251
16295
16252
16296
16253
16297
16254
16298
16299
16256
16300
16257
16301
16258
16302
16259
16303
16260
16304
16261
16305
16262
16306
16263
16307
16264
16308
16265
16309
16266
16310
16267
16311
16268
16312
16269
16313
16270
16314
16271
16315
16272
16316
16273
16317
16274
16318
16275
16319
16276
16320
16277
16321
16278
16322
16279
16323
16280
16324
16281
16325
16282
16326
16283
16327
16284
16328
16285
16329
16286
16330
16287
16331
16288
16332
16289
16333
16290
16334
16291
16335
16292
16336
16293
16337
16294
16338
16295
16339
16296
16340
16297
16341
16298
16342
16299
16343
16344
16301
16345
16302
16346
16303
16347
16304
16348
16305
16349
16306
16350
16307
16351
16308
16352
16309
16353
16310
16354
16311
16355
16312
16356
16313
16357
16314
16358
16315
16359
16316
16360
16317
16361
16318
16362
16319
16363
16320
16364
16321
16365
16322
16366
16323
16367
16324
16368
16325
16369
16326
16370
16327
16371
16328
16372
16329
16373
16330
16374
16331
16375
16332
16376
16333
16377
16334
16378
16335
16379
16336
16380
16337
16381
16338
16382
16339
16383
16340
16384
16341
16385
16342
16386
16343
16387
16344
16388
16389
16346
16390
16347
16391
16348
16392
16349
16393
16350
16394
16351
16395
16352
16396
16353
16397
16354
16398
16355
16399
16356
16400
16357
16401
16358
16402
16359
16403
16360
16404
16361
16405
16362
16406
16363
16407
16364
16408
16365
16409
16366
16410
16367
16411
16368
16412
16369
16413
16370
16414
16371
16415
16372
16416
16373
16417
16374
16418
16375
16419
16376
16420
16377
16421
16378
16422
16379
16423
16380
16424
16381
16425
16382
16426
16383
16427
16384
16428
16385
16429
16386
16430
16387
16431
16388
16432
16389
16433
16434
16391
16435
16392
16436
16393
16437
16394
16438
16395
16439
16396
16440
16397
16441
16398
16442
16399
16443
16400
16444
16401
16445
16402
16446
16403
16447
16404
16448
16405
16449
16406
16450
16407
16451
16408
16452
16409
16453
16410
16454
16411
16455
16412
16456
16413
16457
16414
16458
16415
16459
16416
16460
16417
16461
16418
16462
16419
16463
16420
16464
16421
16465
16422
16466
16423
16467
16424
16468
16425
16469
16426
16470
16427
16471
16428
16472
16429
16473
16430
16474
16431
16475
16432
16476
16433
16477
16434
16478
16479
16436
16480
16437
16481
16438
16482
16439
16483
16440
16484
16441
16485
16442
16486
16443
16487
16444
16488
16445
16489
16446
16490
16447
16491
16448
16492
16449
16493
16450
16494
16451
16495
16452
16496
16453
16497
16454
16498
16455
16499
16456
16500
16457
16501
16458
16502
16459
16503
16460
16504
16461
16505
16462
16506
16463
16507
16464
16508
16465
16509
16466
16510
16467
16511
16468
16512
16469
16513
16470
16514
16471
16515
16472
16516
16473
16517
16474
16518
16475
16519
16476
16520
16477
16521
16478
16522
16479
16523
16524
16481
16525
16482
16526
16483
16527
16484
16528
16485
16529
16486
16530
16487
16531
16488
16532
16489
16533
16490
16534
16491
16535
16492
16536
16493
16537
16494
16538
16495
16539
16496
16540
16497
16541
16498
16542
16499
16543
16500
16544
16501
16545
16502
16546
16503
16547
16504
16548
16505
16549
16506
16550
16507
16551
16508
16552
16509
16553
16510
16554
16511
16555
16512
16556
16513
16557
16514
16558
16515
16559
16516
16560
16517
16561
16518
16562
16519
16563
16520
16564
16521
16565
16522
16566
16523
16567
16524
16568
16569
16526
16570
16527
16571
16528
16572
16529
16573
16530
16574
16531
16575
16532
16576
16533
16577
16534
16578
16535
16579
16536
16580
16537
16581
16538
16582
16539
16583
16540
16584
16541
16585
16542
16586
16543
16587
16544
16588
16545
16589
16546
16590
16547
16591
16548
16592
16549
16593
16550
16594
16551
16595
16552
16596
16553
16597
16554
16598
16555
16599
16556
16600
16557
16601
16558
16602
16559
16603
16560
16604
16561
16605
16562
16606
16563
16607
16564
16608
16565
16609
16566
16610
16567
16611
16568
16612
16569
16613
16614
16571
16615
16572
16616
16573
16617
16574
16618
16575
16619
16576
16620
16577
16621
16578
16622
16579
16623
16580
16624
16581
16625
16582
16626
16583
16627
16584
16628
16585
16629
16586
16630
16587
16631
16588
16632
16589
16633
16590
16634
16591
16635
16592
16636
16593
16637
16594
16638
16595
16639
16596
16640
16597
16641
16598
16642
16599
16643
16600
16644
16601
16645
16602
16646
16603
16647
16604
16648
16605
16649
16606
16650
16607
16651
16608
16652
16609
16653
16610
16654
16611
16655
16612
16656
16613
16657
16614
16658
16659
16616
16660
16617
16661
16618
16662
16619
16663
16620
16664
16621
16665
16622
16666
16623
16667
16624
16668
16625
16669
16626
16670
16627
16671
16628
16672
16629
16673
16630
16674
16631
16675
16632
16676
16633
16677
16634
16678
16635
16679
16636
16680
16637
16681
16638
16682
16639
16683
16640
16684
16641
16685
16642
16686
16643
16687
16644
16688
16645
16689
16646
16690
16647
16691
16648
16692
16649
16693
16650
16694
16651
16695
16652
16696
16653
16697
16654
16698
16655
16699
16656
16700
16657
16701
16658
16702
16659
16703
16704
16661
16705
16662
16706
16663
16707
16664
16708
16665
16709
16666
16710
16667
16711
16668
16712
16669
16713
16670
16714
16671
16715
16672
16716
16673
16717
16674
16718
16675
16719
16676
16720
16677
16721
16678
16722
16679
16723
16680
16724
16681
16725
16682
16726
16683
16727
16684
16728
16685
16729
16686
16730
16687
16731
16688
16732
16689
16733
16690
16734
16691
16735
16692
16736
16693
16737
16694
16738
16695
16739
16696
16740
16697
16741
16698
16742
16699
16743
16700
16744
16701
16745
16702
16746
16703
16747
16704
16748
16749
16706
16750
16707
16751
16708
16752
16709
16753
16710
16754
16711
16755
16712
16756
16713
16757
16714
16758
16715
16759
16716
16760
16717
16761
16718
16762
16719
16763
16720
16764
16721
16765
16722
16766
16723
16767
16724
16768
16725
16769
16726
16770
16727
16771
16728
16772
16729
16773
16730
16774
16731
16775
16732
16776
16733
16777
16734
16778
16735
16779
16736
16780
16737
16781
16738
16782
16739
16783
16740
16784
16741
16785
16742
16786
16743
16787
16744
16788
16745
16789
16746
16790
16747
16791
16748
16792
16749
16793
16794
16751
16795
16752
16796
16753
16797
16754
16798
16755
16799
16756
16800
16757
16801
16758
16802
16759
16803
16760
16804
16761
16805
16762
16806
16763
16807
16764
16808
16765
16809
16766
16810
16767
16811
16768
16812
16769
16813
16770
16814
16771
16815
16772
16816
16773
16817
16774
16818
16775
16819
16776
16820
16777
16821
16778
16822
16779
16823
16780
16824
16781
16825
16782
16826
16783
16827
16784
16828
16785
16829
16786
16830
16787
16831
16788
16832
16789
16833
16790
16834
16791
16835
16792
16836
16793
16837
16794
16838
16839
16796
16840
16797
16841
16798
16842
16799
16843
16800
16844
16801
16845
16802
16846
16803
16847
16804
16848
16805
16849
16806
16850
16807
16851
16808
16852
16809
16853
16810
16854
16811
16855
16812
16856
16813
16857
16814
16858
16815
16859
16816
16860
16817
16861
16818
16862
16819
16863
16820
16864
16821
16865
16822
16866
16823
16867
16824
16868
16825
16869
16826
16870
16827
16871
16828
16872
16829
16873
16830
16874
16831
16875
16832
16876
16833
16877
16834
16878
16835
16879
16836
16880
16837
16881
16838
16882
16839
16883
16884
16841
16885
16842
16886
16843
16887
16844
16888
16845
16889
16846
16890
16847
16891
16848
16892
16849
16893
16850
16894
16851
16895
16852
16896
16853
16897
16854
16898
16855
16899
16856
16900
16857
16901
16858
16902
16859
16903
16860
16904
16861
16905
16862
16906
16863
16907
16864
16908
16865
16909
16866
16910
16867
16911
16868
16912
16869
16913
16870
16914
16871
16915
16872
16916
16873
16917
16874
16918
16875
16919
16876
16920
16877
16921
16878
16922
16879
16923
16880
16924
16881
16925
16882
16926
16883
16927
16884
16928
16929
16886
16930
16887
16931
16888
16932
16889
16933
16890
16934
16891
16935
16892
16936
16893
16937
16894
16938
16895
16939
16896
16940
16897
16941
16898
16942
16899
16943
16900
16944
16901
16945
16902
16946
16903
16947
16904
16948
16905
16949
16906
16950
16907
16951
16908
16952
16909
16953
16910
16954
16911
16955
16912
16956
16913
16957
16914
16958
16915
16959
16916
16960
16917
16961
16918
16962
16919
16963
16920
16964
16921
16965
16922
16966
16923
16967
16924
16968
16925
16969
16926
16970
16927
16971
16928
16972
16929
16973
16974
16931
16975
16932
16976
16933
16977
16934
16978
16935
16979
16936
16980
16937
16981
16938
16982
16939
16983
16940
16984
16941
16985
16942
16986
16943
16987
16944
16988
16945
16989
16946
16990
16947
16991
16948
16992
16949
16993
16950
16994
16951
16995
16952
16996
16953
16997
16954
16998
16955
16999
16956
17000
16957
17001
16958
17002
16959
17003
16960
17004
16961
17005
16962
17006
16963
17007
16964
17008
16965
17009
16966
17010
16967
17011
16968
17012
16969
17013
16970
17014
16971
17015
16972
17016
16973
17017
16974
17018
17019
16976
17020
16977
17021
16978
17022
16979
17023
16980
17024
16981
17025
16982
17026
16983
17027
16984
17028
16985
17029
16986
17030
16987
17031
16988
17032
16989
17033
16990
17034
16991
17035
16992
17036
16993
17037
16994
17038
16995
17039
16996
17040
16997
17041
16998
17042
16999
17043
17000
17044
17001
17045
17002
17046
17003
17047
17004
17048
17005
17049
17006
17050
17007
17051
17008
17052
17009
17053
17010
17054
17011
17055
17012
17056
17013
17057
17014
17058
17015
17059
17016
17060
17017
17061
17018
17062
17019
17063
17064
17021
17065
17022
17066
17023
17067
17024
17068
17025
17069
17026
17070
17027
17071
17028
17072
17029
17073
17030
17074
17031
17075
17032
17076
17033
17077
17034
17078
17035
17079
17036
17080
17037
17081
17038
17082
17039
17083
17040
17084
17041
17085
17042
17086
17043
17087
17044
17088
17045
17089
17046
17090
17047
17091
17048
17092
17049
17093
17050
17094
17051
17095
17052
17096
17053
17097
17054
17098
17055
17099
17056
17100
17057
17101
17058
17102
17059
17103
17060
17104
17061
17105
17062
17106
17063
17107
17064
17108
17109
17066
17110
17067
17111
17068
17112
17069
17113
17070
17114
17071
17115
17072
17116
17073
17117
17074
17118
17075
17119
17076
17120
17077
17121
17078
17122
17079
17123
17080
17124
17081
17125
17082
17126
17083
17127
17084
17128
17085
17129
17086
17130
17087
17131
17088
17132
17089
17133
17090
17134
17091
17135
17092
17136
17093
17137
17094
17138
17095
17139
17096
17140
17097
17141
17098
17142
17099
17143
17100
17144
17101
17145
17102
17146
17103
17147
17104
17148
17105
17149
17106
17150
17107
17151
17108
17152
17109
17153
17154
17111
17155
17112
17156
17113
17157
17114
17158
17115
17159
17116
17160
17117
17161
17118
17162
17119
17163
17120
17164
17121
17165
17122
17166
17123
17167
17124
17168
17125
17169
17126
17170
17127
17171
17128
17172
17129
17173
17130
17174
17131
17175
17132
17176
17133
17177
17134
17178
17135
17179
17136
17180
17137
17181
17138
17182
17139
17183
17140
17184
17141
17185
17142
17186
17143
17187
17144
17188
17145
17189
17146
17190
17147
17191
17148
17192
17149
17193
17150
17194
17151
17195
17152
17196
17153
17197
17154
17198
17199
17156
17200
17157
17201
17158
17202
17159
17203
17160
17204
17161
17205
17162
17206
17163
17207
17164
17208
17165
17209
17166
17210
17167
17211
17168
17212
17169
17213
17170
17214
17171
17215
17172
17216
17173
17217
17174
17218
17175
17219
17176
17220
17177
17221
17178
17222
17179
17223
17180
17224
17181
17225
17182
17226
17183
17227
17184
17228
17185
17229
17186
17230
17187
17231
17188
17232
17189
17233
17190
17234
17191
17235
17192
17236
17193
17237
17194
17238
17195
17239
17196
17240
17197
17241
17198
17242
17199
17243
17244
17201
17245
17202
17246
17203
17247
17204
17248
17205
17249
17206
17250
17207
17251
17208
17252
17209
17253
17210
17254
17211
17255
17212
17256
17213
17257
17214
17258
17215
17259
17216
17260
17217
17261
17218
17262
17219
17263
17220
17264
17221
17265
17222
17266
17223
17267
17224
17268
17225
17269
17226
17270
17227
17271
17228
17272
17229
17273
17230
17274
17231
17275
17232
17276
17233
17277
17234
17278
17235
17279
17236
17280
17237
17281
17238
17282
17239
17283
17240
17284
17241
17285
17242
17286
17243
17287
17244
17288
17289
17246
17290
17247
17291
17248
17292
17249
17293
17250
17294
17251
17295
17252
17296
17253
17297
17254
17298
17255
17299
17256
17300
17257
17301
17258
17302
17259
17303
17260
17304
17261
17305
17262
17306
17263
17307
17264
17308
17265
17309
17266
17310
17267
17311
17268
17312
17269
17313
17270
17314
17271
17315
17272
17316
17273
17317
17274
17318
17275
17319
17276
17320
17277
17321
17278
17322
17279
17323
17280
17324
17281
17325
17282
17326
17283
17327
17284
17328
17285
17329
17286
17330
17287
17331
17288
17332
17289
17333
17334
17291
17335
17292
17336
17293
17337
17294
17338
17295
17339
17296
17340
17297
17341
17298
17342
17299
17343
17300
17344
17301
17345
17302
17346
17303
17347
17304
17348
17305
17349
17306
17350
17307
17351
17308
17352
17309
17353
17310
17354
17311
17355
17312
17356
17313
17357
17314
17358
17315
17359
17316
17360
17317
17361
17318
17362
17319
17363
17320
17364
17321
17365
17322
17366
17323
17367
17324
17368
17325
17369
17326
17370
17327
17371
17328
17372
17329
17373
17330
17374
17331
17375
17332
17376
17333
17377
17334
17378
17379
17336
17380
17337
17381
17338
17382
17339
17383
17340
17384
17341
17385
17342
17386
17343
17387
17344
17388
17345
17389
17346
17390
17347
17391
17348
17392
17349
17393
17350
17394
17351
17395
17352
17396
17353
17397
17354
17398
17355
17399
17356
17400
17357
17401
17358
17402
17359
17403
17360
17404
17361
17405
17362
17406
17363
17407
17364
17408
17365
17409
17366
17410
17367
17411
17368
17412
17369
17413
17370
17414
17371
17415
17372
17416
17373
17417
17374
17418
17375
17419
17376
17420
17377
17421
17378
17422
17379
17423
17424
17381
17425
17382
17426
17383
17427
17384
17428
17385
17429
17386
17430
17387
17431
17388
17432
17389
17433
17390
17434
17391
17435
17392
17436
17393
17437
17394
17438
17395
17439
17396
17440
17397
17441
17398
17442
17399
17443
17400
17444
17401
17445
17402
17446
17403
17447
17404
17448
17405
17449
17406
17450
17407
17451
17408
17452
17409
17453
17410
17454
17411
17455
17412
17456
17413
17457
17414
17458
17415
17459
17416
17460
17417
17461
17418
17462
17419
17463
17420
17464
17421
17465
17422
17466
17423
17467
17424
17468
17469
17426
17470
17427
17471
17428
17472
17429
17473
17430
17474
17431
17475
17432
17476
17433
17477
17434
17478
17435
17479
17436
17480
17437
17481
17438
17482
17439
17483
17440
17484
17441
17485
17442
17486
17443
17487
17444
17488
17445
17489
17446
17490
17447
17491
17448
17492
17449
17493
17450
17494
17451
17495
17452
17496
17453
17497
17454
17498
17455
17499
17456
17500
17457
17501
17458
17502
17459
17503
17460
17504
17461
17505
17462
17506
17463
17507
17464
17508
17465
17509
17466
17510
17467
17511
17468
17512
17469
17513
17514
17471
17515
17472
17516
17473
17517
17474
17518
17475
17519
17476
17520
17477
17521
17478
17522
17479
17523
17480
17524
17481
17525
17482
17526
17483
17527
17484
17528
17485
17529
17486
17530
17487
17531
17488
17532
17489
17533
17490
17534
17491
17535
17492
17536
17493
17537
17494
17538
17495
17539
17496
17540
17497
17541
17498
17542
17499
17543
17500
17544
17501
17545
17502
17546
17503
17547
17504
17548
17505
17549
17506
17550
17507
17551
17508
17552
17509
17553
17510
17554
17511
17555
17512
17556
17513
17557
17514
17558
17559
17516
17560
17517
17561
17518
17562
17519
17563
17520
17564
17521
17565
17522
17566
17523
17567
17524
17568
17525
17569
17526
17570
17527
17571
17528
17572
17529
17573
17530
17574
17531
17575
17532
17576
17533
17577
17534
17578
17535
17579
17536
17580
17537
17581
17538
17582
17539
17583
17540
17584
17541
17585
17542
17586
17543
17587
17544
17588
17545
17589
17546
17590
17547
17591
17548
17592
17549
17593
17550
17594
17551
17595
17552
17596
17553
17597
17554
17598
17555
17599
17556
17600
17557
17601
17558
17602
17559
17603
17604
17561
17605
17562
17606
17563
17607
17564
17608
17565
17609
17566
17610
17567
17611
17568
17612
17569
17613
17570
17614
17571
17615
17572
17616
17573
17617
17574
17618
17575
17619
17576
17620
17577
17621
17578
17622
17579
17623
17580
17624
17581
17625
17582
17626
17583
17627
17584
17628
17585
17629
17586
17630
17587
17631
17588
17632
17589
17633
17590
17634
17591
17635
17592
17636
17593
17637
17594
17638
17595
17639
17596
17640
17597
17641
17598
17642
17599
17643
17600
17644
17601
17645
17602
17646
17603
17647
17604
17648
17649
17606
17650
17607
17651
17608
17652
17609
17653
17610
17654
17611
17655
17612
17656
17613
17657
17614
17658
17615
17659
17616
17660
17617
17661
17618
17662
17619
17663
17620
17664
17621
17665
17622
17666
17623
17667
17624
17668
17625
17669
17626
17670
17627
17671
17628
17672
17629
17673
17630
17674
17631
17675
17632
17676
17633
17677
17634
17678
17635
17679
17636
17680
17637
17681
17638
17682
17639
17683
17640
17684
17641
17685
17642
17686
17643
17687
17644
17688
17645
17689
17646
17690
17647
17691
17648
17692
17649
17693
17694
17651
17695
17652
17696
17653
17697
17654
17698
17655
17699
17656
17700
17657
17701
17658
17702
17659
17703
17660
17704
17661
17705
17662
17706
17663
17707
17664
17708
17665
17709
17666
17710
17667
17711
17668
17712
17669
17713
17670
17714
17671
17715
17672
17716
17673
17717
17674
17718
17675
17719
17676
17720
17677
17721
17678
17722
17679
17723
17680
17724
17681
17725
17682
17726
17683
17727
17684
17728
17685
17729
17686
17730
17687
17731
17688
17732
17689
17733
17690
17734
17691
17735
17692
17736
17693
17737
17694
17738
17739
17696
17740
17697
17741
17698
17742
17699
17743
17700
17744
17701
17745
17702
17746
17703
17747
17704
17748
17705
17749
17706
17750
17707
17751
17708
17752
17709
17753
17710
17754
17711
17755
17712
17756
17713
17757
17714
17758
17715
17759
17716
17760
17717
17761
17718
17762
17719
17763
17720
17764
17721
17765
17722
17766
17723
17767
17724
17768
17725
17769
17726
17770
17727
17771
17728
17772
17729
17773
17730
17774
17731
17775
17732
17776
17733
17777
17734
17778
17735
17779
17736
17780
17737
17781
17738
17782
17739
17783
17784
17741
17785
17742
17786
17743
17787
17744
17788
17745
17789
17746
17790
17747
17791
17748
17792
17749
17793
17750
17794
17751
17795
17752
17796
17753
17797
17754
17798
17755
17799
17756
17800
17757
17801
17758
17802
17759
17803
17760
17804
17761
17805
17762
17806
17763
17807
17764
17808
17765
17809
17766
17810
17767
17811
17768
17812
17769
17813
17770
17814
17771
17815
17772
17816
17773
17817
17774
17818
17775
17819
17776
17820
17777
17821
17778
17822
17779
17823
17780
17824
17781
17825
17782
17826
17783
17827
17784
17828
17829
17786
17830
17787
17831
17788
17832
17789
17833
17790
17834
17791
17835
17792
17836
17793
17837
17794
17838
17795
17839
17796
17840
17797
17841
17798
17842
17799
17843
17800
17844
17801
17845
17802
17846
17803
17847
17804
17848
17805
17849
17806
17850
17807
17851
17808
17852
17809
17853
17810
17854
17811
17855
17812
17856
17813
17857
17814
17858
17815
17859
17816
17860
17817
17861
17818
17862
17819
17863
17820
17864
17821
17865
17822
17866
17823
17867
17824
17868
17825
17869
17826
17870
17827
17871
17828
17872
17829
17873
17874
17831
17832
17833
17834
17835
17836
17837
17838
17839
17840
17841
17842
17843
17844
17845
17846
17847
17848
17849
17850
17851
17852
17853
17854
17855
17856
17857
17858
17859
17860
17861
17862
17863
17864
17865
17866
17867
17868
17869
17870
17871
17872
17873
17874
17876
17885
17877
17886
17878
17887
17879
17888
17880
17889
17881
17890
17882
17891
17883
17892
17884
17893
17894
17886
17895
17887
17896
17888
17897
17889
17898
17890
17899
17891
17900
17892
17901
17893
17902
17894
17903
17904
17896
17905
17897
17906
17898
17907
17899
17908
17900
17909
17901
17910
17902
17911
17903
17912
17904
17913
17914
17906
17915
17907
17916
17908
17917
17909
17918
17910
17919
17911
17920
17912
17921
17913
17922
17914
17923
17924
17916
17925
17917
17926
17918
17927
17919
17928
17920
17929
17921
17930
17922
17931
17923
17932
17924
17933
17934
17926
17935
17927
17936
17928
17937
17929
17938
17930
17939
17931
17940
17932
17941
17933
17942
17934
17943
17944
17936
17945
17937
17946
17938
17947
17939
17948
17940
17949
17941
17950
17942
17951
17943
17952
17944
17953
17954
17946
17955
17947
17956
17948
17957
17949
17958
17950
17959
17951
17960
17952
17961
17953
17962
17954
17963
17964
17956
17965
17957
17966
17958
17967
17959
17968
17960
17969
17961
17970
17962
17971
17963
17972
17964
17973
17974
17966
17975
17967
17976
17968
17977
17969
17978
17970
17979
17971
17980
17972
17981
17973
17982
17974
17983
17984
17976
17985
17977
17986
17978
17987
17979
17988
17980
17989
17981
17990
17982
17991
17983
17992
17984
17993
17994
17986
17995
17987
17996
17988
17997
17989
17998
17990
17999
17991
18000
17992
18001
17993
18002
17994
18003
18004
17996
18005
17997
18006
17998
18007
17999
18008
18000
18009
18001
18010
18002
18011
18003
18012
18004
18013
18014
18006
18015
18007
18016
18008
18017
18009
18018
18010
18019
18011
18020
18012
18021
18013
18022
18014
18023
18024
18016
18025
18017
18026
18018
18027
18019
18028
18020
18029
18021
18030
18022
18031
18023
18032
18024
18033
18034
18026
18035
18027
18036
18028
18037
18029
18038
18030
18039
18031
18040
18032
18041
18033
18042
18034
18043
18044
18036
18045
18037
18046
18038
18047
18039
18048
18040
18049
18041
18050
18042
18051
18043
18052
18044
18053
18054
18046
18047
18048
18049
18050
18051
18052
18053
18054
)


// ************************************************************************* //
